Date,Close,High,Low,Open,Volume,Ticker
2021-11-15,508.18109130859375,548.819628795721,503.5992879652372,539.8552428444297,5443649,SJS.NS
2021-11-16,506.48779296875,533.3311601333913,500.6111461896753,514.8545772880462,1376334,SJS.NS
2021-11-17,513.0119018554688,527.803175926274,508.0316871771444,509.4759615925857,754426,SJS.NS
2021-11-18,467.7915344238281,517.2948475239872,463.1599410922688,514.9541710638773,698455,SJS.NS
2021-11-22,438.40826416015625,471.9749211151381,417.3917534754224,467.7915288927834,731185,SJS.NS
2021-11-23,451.9544677734375,463.3591711850698,432.2826204158058,437.0636141971616,216371,SJS.NS
2021-11-24,490.2025146484375,536.8671313060748,454.4445800712368,460.2714372046644,1195517,SJS.NS
2021-11-25,508.5296936035156,516.6972575931119,479.4452589804611,496.0293672893874,527490,SJS.NS
2021-11-26,465.8990783691406,501.9060240440143,463.1599603242125,501.9060240440143,481602,SJS.NS
2021-11-29,447.1236572265625,474.66423767072064,438.6572924724962,471.1282974909846,227492,SJS.NS
2021-11-30,433.5774536132813,454.59396446588,428.49765924146897,448.2192961116552,239039,SJS.NS
2021-12-01,439.5537109375,446.177420409247,430.2905243090185,433.5774536554303,131342,SJS.NS
2021-12-02,442.4422607421875,444.1355154050249,438.2588684752877,439.2549113581861,85250,SJS.NS
2021-12-03,440.1513366699219,453.8469260856328,437.2628184361533,446.2272042355277,140677,SJS.NS
2021-12-06,438.7071228027344,448.2193206715932,436.5656061754045,448.2193206715932,141403,SJS.NS
2021-12-07,427.5514221191406,444.93238317939125,424.31428263891416,439.3545367648682,105284,SJS.NS
2021-12-08,423.8660583496094,439.25493383662655,422.32220396083824,431.28659036566734,102373,SJS.NS
2021-12-09,419.1846618652344,427.3024054464504,413.3578048025103,427.3024054464504,154383,SJS.NS
2021-12-10,421.47552490234375,433.0794179980649,413.4075717570423,413.4075717570423,316174,SJS.NS
2021-12-13,418.5870056152344,428.84623476010586,416.345909213963,421.4755237863988,96128,SJS.NS
2021-12-14,404.9412231445313,423.069215828456,403.6463795514581,416.39571633353006,245085,SJS.NS
2021-12-15,395.8772583007813,413.70641993041977,389.9507909538668,409.3736272849024,211813,SJS.NS
2021-12-16,401.3056945800781,411.3159443684977,396.6741009869017,398.4171761324813,109676,SJS.NS
2021-12-17,383.72552490234375,407.381543634156,378.49629970899576,407.381543634156,129960,SJS.NS
2021-12-20,367.2410278320313,373.5160859167052,357.7786203221414,373.5160859167052,277064,SJS.NS
2021-12-21,367.0418090820313,378.9943238961001,364.05368037851406,378.4963024455139,127077,SJS.NS
2021-12-22,364.1034851074219,376.15561077896285,362.5596307068207,364.1034851074219,82759,SJS.NS
2021-12-23,360.01971435546875,370.2291539668025,358.22681891733964,365.2489395222495,99003,SJS.NS
2021-12-24,350.55731201171875,365.5477455492201,346.82215112395426,360.0197195940555,163720,SJS.NS
2021-12-27,339.252197265625,349.6110367186669,338.15654406264224,349.6110367186669,130964,SJS.NS
2021-12-28,360.2189025878906,374.4125136718347,340.5470556469857,344.33203684079405,226195,SJS.NS
2021-12-29,381.0860290527344,402.4013415610084,358.87425359481574,364.0536889617539,507436,SJS.NS
2021-12-30,374.26312255859375,382.4804765469062,365.149336032738,380.4883907315577,147291,SJS.NS
2021-12-31,380.6377868652344,390.44881547633736,371.9224115197805,380.9864079584159,226116,SJS.NS
2022-01-03,381.53424072265625,388.2575306507318,375.0101715437696,380.68762853064976,96786,SJS.NS
2022-01-04,365.5477294921875,386.215618829961,362.5596009132323,379.5421195115681,142163,SJS.NS
2022-01-05,357.52960205078125,368.5358636580589,355.03949486390246,365.6473454006428,96423,SJS.NS
2022-01-06,359.1730651855469,373.5160764415388,353.5952190313233,353.5952190313233,214544,SJS.NS
2022-01-07,369.1334838867188,373.4164559551152,360.41810900594606,360.5675093531105,179570,SJS.NS
2022-01-10,403.8953857421875,405.3894500544274,364.9501032571041,372.5200351851495,471680,SJS.NS
2022-01-11,402.1523132324219,415.2502710391424,394.6322016390623,403.9949986417665,190304,SJS.NS
2022-01-12,400.7578430175781,408.37756466923867,387.1618643219775,403.496960829384,180958,SJS.NS
2022-01-13,402.2021179199219,420.18071081853645,393.9847638507073,400.7578739276656,180418,SJS.NS
2022-01-14,421.47552490234375,423.3182102498533,399.1641711944205,405.3894389922124,237880,SJS.NS
2022-01-17,446.2770080566406,458.2793432093501,427.5016237566192,428.0992251776529,499300,SJS.NS
2022-01-18,426.9537963867188,465.1520488782467,422.4218132084095,455.1916195660787,255516,SJS.NS
2022-01-19,450.90863037109375,458.1797313401564,418.238405202662,427.3024016194068,207883,SJS.NS
2022-01-20,437.4620361328125,454.1955440168108,433.27864396340505,453.0002804264613,105728,SJS.NS
2022-01-21,427.0533752441406,442.9402709833778,418.4376106042925,436.2169816938199,113775,SJS.NS
2022-01-24,398.1681518554688,427.0533961426698,389.004544957354,427.0533961426698,120209,SJS.NS
2022-01-25,391.3452758789063,407.33178374649685,379.5421606338374,391.44488625502703,123626,SJS.NS
2022-01-27,397.2218933105469,417.04317118577,381.3350274156507,388.4567280165915,190148,SJS.NS
2022-01-28,394.2835693359375,409.2242121270165,391.4448411262694,403.99498715013885,85288,SJS.NS
2022-01-31,395.8772583007813,400.210020549482,385.4188079686852,398.4171555084208,74597,SJS.NS
2022-02-01,394.7816162109375,402.35154845909113,388.4567376089665,397.4211238614811,30327,SJS.NS
2022-02-02,409.4234008789063,417.83997511078167,395.8274220708744,395.8274220708744,140190,SJS.NS
2022-02-03,404.0447998046875,413.8060385473106,399.7120070728019,410.3696783538247,50655,SJS.NS
2022-02-04,400.21002197265625,407.58076369322623,399.2139790803432,404.8914357252543,36963,SJS.NS
2022-02-07,392.8393249511719,405.19025118615576,383.4765275019172,400.2100365432737,46132,SJS.NS
2022-02-08,388.9547424316406,401.60449909454593,383.4765066227443,393.4369353661922,81705,SJS.NS
2022-02-09,400.21002197265625,406.7341211553968,379.4923419712715,380.4883848635846,193523,SJS.NS
2022-02-10,387.410888671875,405.1902296861091,384.5721603966961,400.4092360413567,58551,SJS.NS
2022-02-11,381.53424072265625,389.950815828382,378.49632187684585,388.157950672956,59704,SJS.NS
2022-02-14,366.8425903320313,378.49630449765976,360.716932535972,378.49630449765976,79739,SJS.NS
2022-02-15,371.7730102539063,375.557961093076,360.41812733958034,366.5437850594441,85698,SJS.NS
2022-02-16,384.5223388671875,398.4171491008045,374.46233016984513,375.3089422942314,156385,SJS.NS
2022-02-17,390.1998291015625,391.743683528942,381.2852324617655,383.47653912980616,48864,SJS.NS
2022-02-18,385.3689880371094,388.4567270752762,381.8330479365611,384.4725555155298,26284,SJS.NS
2022-02-21,380.6377868652344,387.261466048416,376.504214923611,387.261466048416,46267,SJS.NS
2022-02-22,378.197509765625,380.9864177894086,358.7746727802826,373.5160958719693,72832,SJS.NS
2022-02-23,382.9286804199219,386.8630313836321,378.1974769494038,378.1974769494038,41866,SJS.NS
2022-02-24,359.2228698730469,382.6298782880799,355.6371093130826,363.5556626164697,106190,SJS.NS
2022-02-25,376.7034301757813,378.8449162929718,363.5556519730961,373.5160807942768,50176,SJS.NS
2022-02-28,368.237060546875,376.7532149115965,364.5516897756624,364.5516897756624,41092,SJS.NS
2022-03-02,367.5398254394531,370.27894337972,364.1532857017592,367.5398254394531,51878,SJS.NS
2022-03-03,368.5856628417969,377.5002589520294,366.5437870563241,372.5200444539816,40212,SJS.NS
2022-03-04,369.5319213867188,370.32874355982295,361.2149569688671,368.5358784719297,20864,SJS.NS
2022-03-07,354.29248046875,365.9461644494597,353.6948486345762,360.5675387355308,29505,SJS.NS
2022-03-08,353.4458312988281,366.0457679812689,350.05929149754854,358.5754461857328,40375,SJS.NS
2022-03-09,362.8583984375,364.7509041717321,352.748569579856,353.5952120825153,35497,SJS.NS
2022-03-10,367.0915832519531,371.2749754153595,363.605433248053,370.4283329064778,74261,SJS.NS
2022-03-11,363.4560546875,373.51609423834975,359.1730822989606,364.55170797662936,75508,SJS.NS
2022-03-14,355.5873107910156,372.52003987630206,353.84423573811847,363.55565388997394,42675,SJS.NS
2022-03-15,348.36602783203125,358.5754682474089,346.672742628802,358.5754682474089,50298,SJS.NS
2022-03-16,346.9715576171875,355.6869331761252,346.1249150549557,352.5991940415952,41228,SJS.NS
2022-03-17,357.57940673828125,360.5675354853978,349.6110634126371,349.6110634126371,96098,SJS.NS
2022-03-21,357.9778137207031,359.272687734364,351.0055133907074,351.0055133907074,77117,SJS.NS
2022-03-22,364.9002990722656,372.52002068881006,357.4299778017681,359.5714638199477,76938,SJS.NS
2022-03-23,354.9896850585937,371.52400335145353,350.75650271477696,371.52400335145353,47396,SJS.NS
2022-03-24,350.35809326171875,358.57544726146057,347.7185856320742,351.2047358137829,130039,SJS.NS
2022-03-25,355.9857177734375,360.3185103630405,349.7106598138858,352.3999573407724,140634,SJS.NS
2022-03-28,374.7611389160156,381.0860173730978,362.55961346293606,364.4520888824177,273010,SJS.NS
2022-03-29,391.5444641113281,398.3673639518692,378.546086226031,380.189581303476,196508,SJS.NS
2022-03-30,405.5388793945313,410.369693762114,389.45279189559847,397.968946925381,142896,SJS.NS
2022-03-31,407.5309448242188,425.7087276764499,389.3531619719876,408.3775873651929,169906,SJS.NS
2022-04-01,413.1087951660156,420.7285173157541,407.53094881436846,417.3419775155167,64915,SJS.NS
2022-04-04,416.445556640625,423.3680367914382,412.4115645212305,417.3419892015512,131275,SJS.NS
2022-04-05,423.0194091796875,428.0992033807351,413.3577814073439,423.3182098749908,126506,SJS.NS
2022-04-06,440.79876708984375,445.6295811668471,418.3380121667598,418.3380121667598,153155,SJS.NS
2022-04-07,424.2644958496094,446.1276198042992,423.4178532844206,442.34266884992536,96412,SJS.NS
2022-04-08,434.1750793457031,438.25886117694233,427.10316891553015,428.2984325138301,57858,SJS.NS
2022-04-11,437.7110595703125,442.2430425548848,433.726888015764,442.2430425548848,77208,SJS.NS
2022-04-12,428.2984619140625,437.6612594207272,426.3561660327017,437.6612594207272,46646,SJS.NS
2022-04-13,434.3244934082031,444.3347427687509,431.4857954670493,432.2826176265281,115212,SJS.NS
2022-04-18,437.4122314453125,446.1774271631183,433.3782698775792,435.0715245617069,73752,SJS.NS
2022-04-19,428.3980407714844,453.1995019412117,420.7284985799068,453.1995019412117,107091,SJS.NS
2022-04-20,439.6035461425781,444.2351396129913,431.3363717188647,431.3363717188647,70293,SJS.NS
2022-04-21,439.4043273925781,448.7173347594009,434.2249224547555,438.2588841157301,90208,SJS.NS
2022-04-22,449.9623718261719,453.1995111918278,434.0256857183274,435.7687607613729,134637,SJS.NS
2022-04-25,425.7087097167969,446.1275882236319,413.4573947714221,446.1275882236319,136333,SJS.NS
2022-04-26,445.430419921875,448.3189384009038,430.8383663697821,430.8383663697821,86701,SJS.NS
2022-04-27,440.2509765625,448.2193200296946,434.3743293348076,438.3585010684049,46291,SJS.NS
2022-04-28,429.6929016113281,448.36870601374,426.3561518120672,448.2193056578841,46609,SJS.NS
2022-04-29,424.9119262695313,442.1932774386732,421.37595557791207,442.1932774386732,52273,SJS.NS
2022-05-02,425.758544921875,430.2905279066092,416.34592746519127,416.34592746519127,23520,SJS.NS
2022-05-04,410.2202758789063,425.90795160876615,407.38154752461577,419.3838523528611,33919,SJS.NS
2022-05-05,403.2977600097656,418.2882237396842,399.4131988188212,416.3957179315681,27312,SJS.NS
2022-05-06,386.3152465820313,401.5546908618523,379.5919569767895,398.41716179210295,70589,SJS.NS
2022-05-09,387.211669921875,394.9807922336066,378.4962947146303,383.52629910408496,50821,SJS.NS
2022-05-10,392.24169921875,396.37530175412377,383.5263234580773,383.5263234580773,69106,SJS.NS
2022-05-11,381.43463134765625,398.6163709507612,375.60777444637046,388.45672146150304,45600,SJS.NS
2022-05-12,378.3468933105469,387.4606795654349,369.5816977455269,373.5160792725914,36191,SJS.NS
2022-05-13,374.26312255859375,386.4646481776031,373.5658803644949,382.0322450797259,34367,SJS.NS
2022-05-16,378.3966979980469,386.4148617160615,373.5658837723937,374.0141152436631,25083,SJS.NS
2022-05-17,389.1539611816406,392.6401112240778,380.2891553277047,382.1318407152133,17592,SJS.NS
2022-05-18,385.8171997070313,398.3673455558757,383.5262829395924,394.9807755863413,15852,SJS.NS
2022-05-19,378.0480651855469,381.2354145791613,373.56587219898586,378.4962966429296,22989,SJS.NS
2022-05-20,384.3231506347656,386.8132578302781,379.04410514218927,379.04410514218927,9524,SJS.NS
2022-05-23,392.73968505859375,400.40922719087655,380.7373808301308,382.1318347459597,16208,SJS.NS
2022-05-24,399.0148010253906,405.4890800247645,390.5484361800556,396.5246937179392,29591,SJS.NS
2022-05-25,380.0401306152344,399.9609872669948,375.5579378685883,396.6242680952769,21019,SJS.NS
2022-05-26,376.2551879882813,380.5381601005004,371.5737744171264,380.5381601005004,53946,SJS.NS
2022-05-27,418.2384033203125,422.2723952618288,372.3208200241712,379.9405724480964,148198,SJS.NS
2022-05-30,422.22259521484375,428.0992424679544,408.5270048213657,427.3024202765157,68211,SJS.NS
2022-05-31,437.5616455078125,454.245364528788,414.6028682078241,420.3301150359201,238727,SJS.NS
2022-06-01,443.7370910644531,473.0207448667845,435.5695275101522,441.94422608756537,302355,SJS.NS
2022-06-02,457.4825134277344,466.1480992259179,442.24306849638367,448.1695361901414,126292,SJS.NS
2022-06-03,461.3172607421875,482.8815833396817,450.0121678045177,463.5583572559487,251335,SJS.NS
2022-06-06,447.3726501464844,466.1978543591583,445.2311640497693,462.1638928838768,76877,SJS.NS
2022-06-07,449.0161437988281,454.0959688564161,442.3426743596439,442.44228473269817,36660,SJS.NS
2022-06-08,475.6104736328125,490.50132679847206,445.38056624506,453.14971892154966,326227,SJS.NS
2022-06-09,496.0791320800781,498.0214278072527,475.6104635559263,488.55902067891486,322652,SJS.NS
2022-06-10,484.0768432617188,495.9297475420559,474.3654251098633,486.0689290364583,200321,SJS.NS
2022-06-13,454.245361328125,474.4650508342412,449.8129885739637,473.120386813408,81757,SJS.NS
2022-06-14,475.3116760253906,489.00726566949504,446.2272116770023,446.2272116770023,188846,SJS.NS
2022-06-15,473.817626953125,507.98188678819207,466.1978743338481,477.50296750153706,261691,SJS.NS
2022-06-16,448.1694946289063,484.9732598718106,442.8406592769229,473.1203559802989,119386,SJS.NS
2022-06-17,442.2430419921875,454.643788098668,423.51744786836207,448.1695093307644,125370,SJS.NS
2022-06-20,435.420166015625,451.5560738347408,428.29846505969374,443.7371306606827,102385,SJS.NS
2022-06-21,452.0540771484375,457.1836920143329,435.8683799910673,442.2430484844528,58586,SJS.NS
2022-06-22,449.0659484863281,455.5900173362863,446.8248519566272,452.3030879181184,30789,SJS.NS
2022-06-23,468.43896484375,473.1203786437944,446.2770102651723,448.3687064395925,94143,SJS.NS
2022-06-24,471.7259216308594,482.8815838281087,468.1401611258512,470.1322469178761,115693,SJS.NS
2022-06-27,469.98284912109375,483.0808071955901,467.1441207726429,478.05080270207424,43613,SJS.NS
2022-06-28,484.3756408691406,489.05705456854366,473.1203684726237,477.0547500112805,138425,SJS.NS
2022-06-29,472.921142578125,495.9795593390448,467.8911382427042,476.1084919212616,134737,SJS.NS
2022-06-30,476.2080993652344,489.5550676636806,470.281632165615,476.8057311630069,101632,SJS.NS
2022-07-01,463.3591613769531,475.012844871136,458.3291265792071,472.1243265895085,41998,SJS.NS
2022-07-04,455.5900268554688,470.03264923753056,451.3070544457224,467.6421523019322,48243,SJS.NS
2022-07-05,462.9109191894531,470.0326195591585,452.2034584443501,452.2034584443501,74264,SJS.NS
2022-07-06,457.3829040527344,467.841354324701,453.1995117852211,454.1955546682656,38973,SJS.NS
2022-07-07,448.1694946289063,463.65794886069295,444.334723558966,463.65794886069295,187237,SJS.NS
2022-07-08,448.1197204589844,460.4706470514933,445.72922344056633,449.2153737914981,98252,SJS.NS
2022-07-11,452.9505004882813,472.1243259624966,446.3268214038248,455.1915969722805,104458,SJS.NS
2022-07-12,451.9544677734375,459.7734106506445,446.22722107438017,457.18369302040287,103035,SJS.NS
2022-07-13,444.832763671875,456.1876466130101,441.3466135340026,453.19951792340527,160402,SJS.NS
2022-07-14,441.7947998046875,449.4643420098985,440.3505558911663,448.1196780652426,131785,SJS.NS
2022-07-15,433.3782653808594,450.1117736915999,423.2684361765863,443.9363260421484,191711,SJS.NS
2022-07-18,438.35845947265625,441.4461983525628,432.33238205931286,433.2786349149797,62912,SJS.NS
2022-07-19,442.6912841796875,454.09595727839536,434.52372014657226,441.24700979927,100320,SJS.NS
2022-07-20,457.0840759277344,466.148072301856,449.21534317978006,449.3149535480968,110267,SJS.NS
2022-07-21,452.4026794433594,465.3512366311626,450.2113729913125,458.1299258918109,36892,SJS.NS
2022-07-22,449.46435546875,457.3330882441304,448.21930185249306,456.1876449965374,21102,SJS.NS
2022-07-25,450.26116943359375,458.7275338701267,446.8248397533261,449.3149469405416,22556,SJS.NS
2022-07-26,446.3268432617188,451.20744754208187,439.7529538406824,450.2114046115254,28847,SJS.NS
2022-07-27,443.4383239746094,449.3647611617309,441.994049569402,445.231189087375,22311,SJS.NS
2022-07-28,447.1734619140625,456.18763779472965,443.4383011242585,443.4383011242585,44263,SJS.NS
2022-07-29,443.9363098144531,456.1876246944648,441.4462026927585,448.3188922692727,45160,SJS.NS
2022-08-01,447.4722595214844,462.5125129436955,443.23907732233846,444.2351201927257,131744,SJS.NS
2022-08-02,448.6675415039063,456.1876533246578,447.1236567534726,450.1117854870402,42057,SJS.NS
2022-08-03,451.2074279785156,460.0722035967434,445.6794021123399,448.6675307744493,70720,SJS.NS
2022-08-04,434.7229309082031,460.6200460129949,424.5134912995833,451.20742855656505,105399,SJS.NS
2022-08-05,439.9023132324219,454.8927761793129,437.2628057916304,440.2509343050128,201513,SJS.NS
2022-08-08,438.0596618652344,446.1276155562261,434.2747109469012,439.9521677212185,155241,SJS.NS
2022-08-10,437.2130432128906,446.1276089318224,434.7727259486104,444.1355231313705,55559,SJS.NS
2022-08-11,443.2390747070313,447.1734561805728,437.91023930253857,438.25886038448033,77978,SJS.NS
2022-08-12,476.9053039550781,482.0847389287412,443.2390678167145,443.2390678167145,320786,SJS.NS
2022-08-16,465.5504455566406,487.01518829784567,463.70776011158057,481.7361426877597,96419,SJS.NS
2022-08-17,488.2602233886719,494.236480564069,463.7077425089626,469.83343043119737,219878,SJS.NS
2022-08-18,478.7978515625,497.7226673492104,473.96703724284447,488.0610387098994,98218,SJS.NS
2022-08-19,465.0026245117188,486.1187153252856,464.7037934096904,482.0847538208419,44245,SJS.NS
2022-08-22,456.1876220703125,466.098260516374,453.9963156571002,465.0026073097679,35395,SJS.NS
2022-08-23,457.53228759765625,465.2017992772569,453.2492851198181,454.1955379826748,37155,SJS.NS
2022-08-24,465.6500549316406,477.1045482615099,454.2453515879571,457.5323113902706,41763,SJS.NS
2022-08-25,487.7622375488281,491.7961992778483,466.1480936952568,466.1480936952568,325203,SJS.NS
2022-08-26,487.1645812988281,507.9818715230567,484.0768422749129,498.0214426696635,353012,SJS.NS
2022-08-29,477.25396728515625,493.4894853997821,468.58841196951386,471.128309300674,130387,SJS.NS
2022-08-30,480.2420654296875,487.8617873334088,476.10849358358655,484.07683657243314,74857,SJS.NS
2022-09-01,490.2523193359375,494.03727013388175,478.1005840005307,480.7899119442603,132983,SJS.NS
2022-09-02,519.5359497070312,536.8671203972341,493.93766554399167,493.93766554399167,826687,SJS.NS
2022-09-05,525.51220703125,548.570624365615,520.9304340321681,539.8552490352489,317696,SJS.NS
2022-09-06,507.18505859375,530.6916467976367,503.5494776787161,529.6956038941901,228885,SJS.NS
2022-09-07,502.2048645019531,515.2032127618675,498.91790454880334,506.7368477382311,97483,SJS.NS
2022-09-08,502.7526550292969,517.9423092921929,500.0135370474632,517.9423092921929,120638,SJS.NS
2022-09-09,488.16064453125,505.9898068426001,484.2262628114436,505.9898068426001,126162,SJS.NS
2022-09-12,477.3535461425781,492.9416110014128,475.1124496818149,485.0728783963184,154234,SJS.NS
2022-09-13,475.8594970703125,490.4017295384285,474.1164219894689,481.2879430522381,108999,SJS.NS
2022-09-14,473.817626953125,483.2800346481992,469.186003079661,471.227909294057,70448,SJS.NS
2022-09-15,474.3654479980469,480.09269487676346,470.13226552247374,474.1164372641896,87880,SJS.NS
2022-09-16,457.8809509277344,477.5527989605556,453.1995369586649,475.90930379478937,108855,SJS.NS
2022-09-19,462.6619262695313,467.1441193119702,453.1995187354935,462.5623159003359,67686,SJS.NS
2022-09-20,450.26116943359375,470.0824469612828,444.7331436367017,465.1520225718694,149732,SJS.NS
2022-09-21,452.4524841308594,455.9884242421702,448.219301835744,450.6596190822431,91570,SJS.NS
2022-09-22,442.5418701171875,455.1916277292215,439.25494054395335,450.2114129838252,74624,SJS.NS
2022-09-23,431.78460693359375,446.227229310842,428.6470778068655,443.23910054313546,83324,SJS.NS
2022-09-26,419.38385009765625,429.24469910656734,408.3775882320794,426.40597076754193,173573,SJS.NS
2022-09-27,427.1031799316406,431.48579297390194,409.8716500587364,422.67080730032274,91929,SJS.NS
2022-09-28,423.2684326171875,429.04546914338647,416.8439439036732,427.4020044761761,69312,SJS.NS
2022-09-29,419.63287353515625,429.64312320268806,413.35781524557706,427.9498380658465,85110,SJS.NS
2022-09-30,429.3941040039063,435.9679932804443,415.64869362626894,419.6826856444437,69936,SJS.NS
2022-10-03,440.89837646484375,452.2034692761098,426.5553650165066,427.999639356842,156003,SJS.NS
2022-10-04,449.4145812988281,453.1995322667241,440.3505845741301,446.0280110259741,48668,SJS.NS
2022-10-06,448.7173156738281,453.84693040627445,447.22325135970885,453.84693040627445,27688,SJS.NS
2022-10-07,447.3726501464844,456.9844577876586,445.72918548606657,449.5639566249189,51050,SJS.NS
2022-10-10,443.9363098144531,451.0081897226136,438.756874842602,438.756874842602,31489,SJS.NS
2022-10-11,428.4976806640625,447.22327559018026,423.9158771064921,447.22327559018026,47725,SJS.NS
2022-10-12,421.4257507324219,435.171130387007,418.68663279860976,428.2984405597144,160374,SJS.NS
2022-10-13,427.8004150390625,434.1252933780254,420.3798834576561,421.42574671504974,42018,SJS.NS
2022-10-14,432.3822326660156,438.0596590064646,425.6091226500187,433.7766866585741,37296,SJS.NS
2022-10-17,426.007568359375,432.6810376745796,423.3182403209619,431.1371833097832,38193,SJS.NS
2022-10-18,427.9498291015625,435.1711401804912,423.61703637484186,423.61703637484186,53010,SJS.NS
2022-10-19,437.7608642578125,448.02009419659504,421.32615604335535,421.32615604335535,105199,SJS.NS
2022-10-20,435.9679870605469,445.2311738202276,433.27865908679865,440.25095934796553,37765,SJS.NS
2022-10-21,427.5514221191406,444.2351409787693,424.21467226785137,443.2390980617765,72976,SJS.NS
2022-10-24,442.1434326171875,445.23117165433257,433.3782673473725,438.15926105875945,24627,SJS.NS
2022-10-25,440.4999694824219,450.2113876903441,433.9759006912111,435.27074429354064,36592,SJS.NS
2022-10-27,431.1371765136719,451.207434923742,428.4478485176512,443.2390917021307,57045,SJS.NS
2022-10-28,439.00592041015625,443.1893128654748,428.2984589367378,435.3703698031964,33204,SJS.NS
2022-10-31,444.8825378417969,448.1196771404508,440.3505549824077,443.239073200305,90290,SJS.NS
2022-11-01,440.5497741699219,451.0580452811016,438.8565194332021,445.231188082537,88070,SJS.NS
2022-11-02,435.420166015625,444.8327839762456,433.4280801316264,444.8327839762456,17739,SJS.NS
2022-11-03,431.28656005859375,439.25490296960703,428.7964528989021,438.2588601057304,27697,SJS.NS
2022-11-04,451.5062255859375,462.1141065810449,431.93398906286825,434.2746959114792,100173,SJS.NS
2022-11-07,463.309326171875,468.1401400797203,442.8904477215893,454.19554016245206,99954,SJS.NS
2022-11-09,468.5884094238281,476.8057636111745,458.7275600815581,468.0405675732476,48195,SJS.NS
2022-11-10,466.6958923339844,473.1203812486135,448.2193085513181,473.0207708784609,105909,SJS.NS
2022-11-11,469.1860046386719,482.1345625802199,459.32518582408727,476.0587250943322,60805,SJS.NS
2022-11-14,471.5765075683594,477.10453332181686,464.2057660346613,465.15201891709495,39315,SJS.NS
2022-11-15,476.95513916015625,480.9891006653688,471.6760936581462,471.6760936581462,39441,SJS.NS
2022-11-16,466.2974853515625,480.9891183721887,465.1520420767754,480.9891183721887,51293,SJS.NS
2022-11-17,466.8951110839844,471.4769145201186,458.2793460468114,466.2974792624335,20183,SJS.NS
2022-11-18,458.9765625,473.3196047755392,455.9884337587322,467.1441265515255,24809,SJS.NS
2022-11-21,453.747314453125,462.1140988266408,450.7591858616738,454.54416698226817,24819,SJS.NS
2022-11-22,450.8587951660156,458.77734807344575,450.7591848005053,453.1995019698384,22435,SJS.NS
2022-11-23,459.0761413574219,471.2278762298142,452.4026725314485,455.3908010675959,120618,SJS.NS
2022-11-24,461.4168701171875,469.0864125509328,454.54418023582,463.1599451796917,114000,SJS.NS
2022-11-25,451.8548583984375,462.9607307251745,451.2074365886561,462.9607307251745,31718,SJS.NS
2022-11-28,453.3987426757813,460.6698437261372,452.153689044089,453.1995219359836,38169,SJS.NS
2022-11-29,457.2832946777344,459.673791522867,448.31890871087455,453.3987335047918,25644,SJS.NS
2022-11-30,453.5481262207031,462.9607130893131,451.3070297667271,460.1718052164248,34499,SJS.NS
2022-12-01,452.9007263183594,458.229531604499,451.2074412014811,457.9805208753592,38350,SJS.NS
2022-12-02,450.75921630859375,456.187662441792,449.2153619241227,451.95447998463567,115166,SJS.NS
2022-12-05,454.444580078125,462.11412268419787,450.0121769465812,450.8588195038985,60802,SJS.NS
2022-12-06,452.1536560058594,460.86903079088506,448.2192746584647,453.1994888213365,65724,SJS.NS
2022-12-07,448.1694946289063,456.6856488778254,447.2730317422279,456.6856488778254,34831,SJS.NS
2022-12-08,452.9505004882813,454.19555409050304,446.1774210509214,452.15367834158593,97454,SJS.NS
2022-12-09,455.6896362304688,462.91094740570566,449.71337870613473,449.71337870613473,84740,SJS.NS
2022-12-12,478.150390625,481.9353719514733,453.1995276879404,458.129952290745,126904,SJS.NS
2022-12-13,494.2862854003906,511.9660467421679,480.14246416824216,482.782002150806,291177,SJS.NS
2022-12-14,507.2846374511719,510.6712076328973,480.5906998562264,497.9716606418779,215310,SJS.NS
2022-12-15,491.1985473632813,513.0118806743546,483.0808038521396,506.9858333211114,92862,SJS.NS
2022-12-16,482.5329895019531,494.4356837816701,475.85948999014647,486.4175506878155,55284,SJS.NS
2022-12-19,490.9993591308594,502.7526531781802,479.6942661499163,482.53299449090986,61089,SJS.NS
2022-12-20,501.1091918945313,508.9779247695304,491.098942455005,495.9795770099748,104103,SJS.NS
2022-12-21,479.7938537597656,508.9778971520264,471.5266798536492,507.9818543004569,105741,SJS.NS
2022-12-22,473.817626953125,500.3123441818786,463.3591763427799,481.3377388046938,96259,SJS.NS
2022-12-23,461.5662536621094,472.6223354495656,451.6058250962597,472.1243140212731,85725,SJS.NS
2022-12-26,477.7519836425781,489.65470877363344,459.17578914169735,459.17578914169735,47233,SJS.NS
2022-12-27,481.5867309570313,484.9234806738425,469.9330171391584,482.0847523954564,32380,SJS.NS
2022-12-28,492.742431640625,496.0293610308982,478.39938965480826,481.58673907317126,29451,SJS.NS
2022-12-29,496.7265930175781,500.7107645103301,480.88948701643614,492.0451793548681,57845,SJS.NS
2022-12-30,490.9495239257813,501.656984764806,486.0689199482866,496.5273700701248,52845,SJS.NS
2023-01-02,492.443603515625,507.9320888435252,486.4673461176276,496.8261861947931,68335,SJS.NS
2023-01-03,490.3518981933594,498.9676934320913,488.0610117256188,496.8261769203319,27941,SJS.NS
2023-01-04,485.2222900390625,495.73056081548657,481.88554026269264,490.3021148810328,24892,SJS.NS
2023-01-05,479.8934631347656,490.451524087751,474.2160367710028,486.1187313385521,32791,SJS.NS
2023-01-06,466.0484619140625,483.0808014037434,463.1599436138983,483.0808014037434,48313,SJS.NS
2023-01-09,471.2777099609375,476.3077450351344,469.58445520469576,472.1243525374675,18758,SJS.NS
2023-01-10,464.8034362792969,476.9053520356939,462.5125496543001,473.1204009865291,23679,SJS.NS
2023-01-11,466.1481018066406,472.1243595221104,464.156015901484,467.64216623550806,11398,SJS.NS
2023-01-12,460.1220397949219,467.99077279625095,458.1797439390618,463.4089692774968,38447,SJS.NS
2023-01-13,465.3512573242188,468.1401652991892,458.3291366066406,458.3291366066406,30694,SJS.NS
2023-01-16,474.4650268554688,477.10453437966737,466.3970735350297,469.0864014407815,23694,SJS.NS
2023-01-17,459.82318115234375,476.5567194716477,458.1797165094448,472.1243165771235,36607,SJS.NS
2023-01-18,471.2777099609375,479.5946745712882,457.1837084698261,461.6659016901185,153365,SJS.NS
2023-01-19,470.2816467285156,473.5686065196418,463.7575779259131,471.277689623375,27457,SJS.NS
2023-01-20,472.871337890625,482.58275557242297,465.1520058871446,473.717980383273,38375,SJS.NS
2023-01-23,465.8492736816406,475.3614711605958,463.15994570911903,475.3614711605958,21485,SJS.NS
2023-01-24,465.5504455566406,473.1701676651579,462.1639057747237,470.4808700722314,18082,SJS.NS
2023-01-25,447.4722595214844,470.1820248075879,435.3703447256422,470.1820248075879,101923,SJS.NS
2023-01-27,449.9623718261719,461.1180642603896,437.8106365102139,447.2232539013861,59212,SJS.NS
2023-01-30,443.5877075195313,453.0999049684246,439.80272629621015,453.0999049684246,21287,SJS.NS
2023-01-31,451.0082092285156,456.58605550171416,442.2430439397871,444.2351297232997,31586,SJS.NS
2023-02-01,449.1655578613281,457.7315024828752,444.3347437175283,457.6817124966078,22701,SJS.NS
2023-02-02,443.1394653320313,452.90070366414574,439.90232601513526,449.1655429138811,20697,SJS.NS
2023-02-03,445.7789916992188,450.31100517259824,440.3007557005176,443.4383151808639,23114,SJS.NS
2023-02-06,449.56396484375,453.19951531582126,443.0398656708937,445.2311721893892,19185,SJS.NS
2023-02-07,446.9244689941406,456.8848981636395,445.3307942476573,448.21931262744846,22112,SJS.NS
2023-02-08,460.32122802734375,462.6619349617343,446.2272268306932,448.2193126647588,21967,SJS.NS
2023-02-09,462.9109191894531,467.64212277449866,455.7393984386578,458.3291159540459,20531,SJS.NS
2023-02-10,430.2407531738281,455.1418262734404,409.37364175762593,455.1418262734404,335456,SJS.NS
2023-02-13,436.6153869628906,442.9402651047845,423.3182089095454,423.6170096041672,58063,SJS.NS
2023-02-14,437.7608642578125,442.9402996113988,430.83835379057166,432.2328381989495,59110,SJS.NS
2023-02-15,439.4043273925781,441.944255072703,434.6731235299651,434.6731235299651,18916,SJS.NS
2023-02-16,437.2628173828125,442.7410531359001,426.3561358611208,438.2588602470103,73993,SJS.NS
2023-02-17,428.7467041015625,439.4541659168384,427.3024296514722,433.2786874088354,41288,SJS.NS
2023-02-20,427.1530151367188,430.19093390401457,424.8620981675288,428.2984584229048,18381,SJS.NS
2023-02-21,425.808349609375,433.1790611606767,422.3221993786549,428.0992361736925,15956,SJS.NS
2023-02-22,423.8162536621094,427.20279344044553,419.3838506013934,427.05339308491045,24254,SJS.NS
2023-02-23,420.9775085449219,430.2905153618624,420.0312860663591,423.9656371238237,33607,SJS.NS
2023-02-24,417.7403869628906,425.1110983573295,414.7024682709287,419.43367205478825,42373,SJS.NS
2023-02-27,418.2384033203125,422.52140598426246,414.3538421297098,414.3538421297098,20360,SJS.NS
2023-02-28,414.1048278808594,420.2304855212009,413.4075857052558,416.3957143490143,13572,SJS.NS
2023-03-01,417.9894104003906,419.3340744381664,414.1048490443413,418.1388107608506,20116,SJS.NS
2023-03-02,424.4636840820313,435.0715350957544,418.5372469488669,419.3838591130207,104129,SJS.NS
2023-03-03,419.1348571777344,426.30637850761786,417.292202055378,426.30637850761786,44365,SJS.NS
2023-03-06,418.1387939453125,422.2723962649855,416.3459288982572,421.37593334464106,27208,SJS.NS
2023-03-08,419.0850524902344,427.2027960907174,415.4992919510614,415.4992919510614,20231,SJS.NS
2023-03-09,412.8597717285156,424.5134855258999,410.3696645407682,417.8399861040104,29441,SJS.NS
2023-03-10,412.7601623535156,417.29217568419614,411.9633402102482,412.85977272062814,14825,SJS.NS
2023-03-13,403.8953857421875,412.3617501782136,391.8432608774223,412.3617501782136,67939,SJS.NS
2023-03-14,398.5665588378906,407.9293559828736,393.4369440017877,407.9293559828736,23289,SJS.NS
2023-03-15,397.022705078125,404.54281679657,393.4369445672625,404.54281679657,10262,SJS.NS
2023-03-16,391.0464477539063,398.4171591182301,387.9089187052136,398.4171591182301,20295,SJS.NS
2023-03-17,391.1460571289063,401.8535182529944,388.45672915296666,394.8812179861463,72942,SJS.NS
2023-03-20,392.24169921875,393.4369629103696,376.155611751272,390.6978448141582,28601,SJS.NS
2023-03-21,400.5586242675781,401.9530781720164,386.016392642858,393.4369240010985,21348,SJS.NS
2023-03-22,400.1104431152344,405.8874797480131,395.03061827092654,400.5586441799335,13955,SJS.NS
2023-03-23,397.1720886230469,405.28983181585386,390.6978100624204,405.28983181585386,29080,SJS.NS
2023-03-24,403.34759521484375,411.26611824183794,389.65200497648937,402.899363739225,34305,SJS.NS
2023-03-27,398.1681518554688,411.3159303794044,391.59426259350096,393.4369480498065,36006,SJS.NS
2023-03-28,395.1302490234375,399.6622322711493,384.9208088221184,399.41322153453183,49525,SJS.NS
2023-03-29,390.4985961914063,396.4250634443383,386.46463471458105,396.4250634443383,43861,SJS.NS
2023-03-31,394.4827575683594,400.35943468568496,381.4844105680438,388.4069205164512,68885,SJS.NS
2023-04-03,396.1760559082031,398.3673624050769,392.8393061775702,398.3673624050769,16439,SJS.NS
2023-04-05,404.3436279296875,407.43133660617394,395.4290318045853,395.4290318045853,17589,SJS.NS
2023-04-06,413.2581787109375,422.9695966470798,402.0526964769272,408.3775747505984,31329,SJS.NS
2023-04-10,401.0068664550781,413.25818162526696,398.7657699924717,413.25818162526696,22028,SJS.NS
2023-04-11,397.5207214355469,404.8914327043062,394.0345713384618,400.9072611647805,28841,SJS.NS
2023-04-12,399.4131774902344,402.4013060001364,397.91911323528336,399.0645564180495,13454,SJS.NS
2023-04-13,399.7618408203125,404.8416659034854,398.4171767693523,404.09463369704287,15006,SJS.NS
2023-04-17,394.9309997558594,406.08669210945504,393.4867254290472,399.7618137767508,31451,SJS.NS
2023-04-18,397.072509765625,400.3096493028035,396.1262872159252,398.01876271214286,15230,SJS.NS
2023-04-19,408.3277893066406,409.3736221680514,396.1760540567943,396.42506477587466,20088,SJS.NS
2023-04-20,405.4392395019531,412.36174963154735,402.2021001630581,412.36174963154735,16340,SJS.NS
2023-04-21,406.5348815917969,418.28820541489085,403.8455841451816,403.8455841451816,27589,SJS.NS
2023-04-24,409.1744079589844,413.7562113424896,403.8456028031424,410.4692819569406,11936,SJS.NS
2023-04-25,434.573486328125,448.1196752619946,403.9451684769431,409.3736142060415,112837,SJS.NS
2023-04-26,441.9940185546875,445.23115784551055,432.083379951749,437.2130249915828,86464,SJS.NS
2023-04-27,448.7671203613281,456.1378622032485,438.2588798331466,442.3924518249367,56102,SJS.NS
2023-04-28,462.9109191894531,471.8255149452652,453.19950130435967,453.24929128863386,155357,SJS.NS
2023-05-02,452.7512817382813,467.0445032338189,449.2153416511947,463.1599420572185,39790,SJS.NS
2023-05-03,456.2872619628906,464.4547955655445,449.2153512409316,449.2153512409316,24427,SJS.NS
2023-05-04,469.68402099609375,480.54091300814525,460.4706240993021,460.8192451963821,109948,SJS.NS
2023-05-05,474.1662292480469,478.1006110182788,463.8572091404199,469.63424603149673,89151,SJS.NS
2023-05-08,470.8294982910156,476.9551561416576,466.1978744167282,473.12038483781913,30655,SJS.NS
2023-05-09,474.2658081054688,477.10453637411433,468.0903605282776,472.0247116402458,18444,SJS.NS
2023-05-10,458.9267578125,473.76779067270536,454.1955541237113,469.5346084248418,70215,SJS.NS
2023-05-11,475.0626831054688,488.061031059657,459.225576351589,465.79946570645,79476,SJS.NS
2023-05-12,475.8594970703125,482.2341655723201,469.2358178424701,475.062674906368,29246,SJS.NS
2023-05-15,464.8532104492188,482.8317717405533,461.41685045654737,476.0586925164312,55984,SJS.NS
2023-05-16,471.7259216308594,475.9591039389123,450.7592004317072,458.1797321657267,288139,SJS.NS
2023-05-17,488.6586608886719,491.6965796251108,467.14412781403513,467.14412781403513,144628,SJS.NS
2023-05-18,483.8278198242188,503.1012552676552,478.1005733723623,491.0491305678638,167105,SJS.NS
2023-05-19,477.8017883300781,486.3677328995824,468.4887811933828,483.8278356790368,80509,SJS.NS
2023-05-22,470.7298889160156,479.8934655194342,469.1362141685636,472.2239532923487,57768,SJS.NS
2023-05-23,468.8871765136719,481.0887015530611,466.0484482822876,466.1480586476865,55245,SJS.NS
2023-05-24,466.8453063964844,477.2041461888359,464.40498920067125,465.1520213548815,29515,SJS.NS
2023-05-25,473.568603515625,475.1124578341372,465.6998403786965,467.1441147258078,25252,SJS.NS
2023-05-26,468.28955078125,478.1005791621703,461.2176403017797,478.1005791621703,49259,SJS.NS
2023-05-29,476.2080993652344,485.0728747756103,469.1361889513602,469.1361889513602,74642,SJS.NS
2023-05-30,478.349609375,487.4136059703708,473.1203840773035,473.1203840773035,37739,SJS.NS
2023-05-31,477.5527648925781,483.08079064744624,475.3116684411209,478.3495870277032,35905,SJS.NS
2023-06-01,533.1817626953125,546.6283421097148,472.7717657018244,472.7717657018244,930357,SJS.NS
2023-06-02,536.6679077148438,545.3334931900148,522.9225277164525,526.8071193826571,299189,SJS.NS
2023-06-05,555.7919311523438,570.4337737554063,530.8908589680989,538.8592020670573,676598,SJS.NS
2023-06-06,540.054443359375,563.7602509398142,535.9706312138445,559.7760795550805,182915,SJS.NS
2023-06-07,554.3974609375,557.7342411715035,538.7596358417165,541.4489030713225,243384,SJS.NS
2023-06-08,534.2276000976562,557.7840396615305,532.8829664623551,554.3974693889884,96302,SJS.NS
2023-06-09,529.0980224609375,545.5327309887736,523.9185870085892,534.2276071313225,93711,SJS.NS
2023-06-12,530.2932739257812,546.8275620491579,528.8987895229559,529.9944124154365,93184,SJS.NS
2023-06-13,532.0861206054688,541.0505065583341,529.4963726317944,534.8750285209669,58448,SJS.NS
2023-06-14,542.5446166992188,557.7840619472646,534.3272622151742,535.8711166564792,230745,SJS.NS
2023-06-15,528.7991943359375,546.3793148588651,525.4126241942935,544.3374390941827,80610,SJS.NS
2023-06-16,524.8150634765625,539.6062772147397,520.3826601159786,532.2853857268819,84358,SJS.NS
2023-06-19,534.974609375,538.8592009451074,514.5059402408949,526.4086648789081,97865,SJS.NS
2023-06-20,567.2962646484375,571.7286680490085,532.8829919968982,539.2078405751068,525327,SJS.NS
2023-06-21,558.2820434570312,579.8463964825039,554.7958933194762,572.7246654554737,206641,SJS.NS
2023-06-22,540.502685546875,564.009272866784,535.9706418717154,557.7840049543471,232315,SJS.NS
2023-06-23,549.0686645507812,557.385598689561,531.040311855321,540.5027196797789,87987,SJS.NS
2023-06-26,535.373046875,552.7540072532033,533.2813811488485,549.0686364462209,83121,SJS.NS
2023-06-27,573.1231079101562,577.7048809241703,541.0505144311566,542.843379489091,338973,SJS.NS
2023-06-28,569.8360595703125,591.6494211315007,561.8179272170707,577.7048219802532,357488,SJS.NS
2023-06-30,563.76025390625,587.6652823404372,562.7642110548255,573.2724509786275,217493,SJS.NS
2023-07-03,564.65673828125,581.5894673999386,562.3657910008737,566.6986140456593,180730,SJS.NS
2023-07-04,581.8882446289062,594.936381635246,564.8060854486268,572.7246382580513,463079,SJS.NS
2023-07-05,592.794921875,600.0162324812206,580.6929770243643,587.6652769200256,347864,SJS.NS
2023-07-06,580.7926025390625,600.6138809714963,576.011608680106,594.6376234493919,158065,SJS.NS
2023-07-07,585.1254272460938,593.2431405919604,579.1989596958102,580.493803336919,112186,SJS.NS
2023-07-10,583.97998046875,591.5499435080727,578.7009648926565,585.1254542003646,99330,SJS.NS
2023-07-11,585.0257568359375,599.1197877990369,582.7846603728489,592.6455091278918,102572,SJS.NS
2023-07-12,583.7807006835938,606.0920852467784,576.3602299510574,592.6952965119317,198286,SJS.NS
2023-07-13,579.7965087890625,593.691318468551,575.7127574910933,589.4581364281754,204822,SJS.NS
2023-07-14,594.7372436523438,609.4288777212678,577.6053528984082,582.6851478183431,229659,SJS.NS
2023-07-17,589.2091064453125,607.1378768533468,586.3206188001949,599.3189651872941,123686,SJS.NS
2023-07-18,582.9341430664062,597.426555993738,578.7507504704657,593.641604899749,76156,SJS.NS
2023-07-19,576.7586059570312,590.4541952828091,575.7127731126982,582.9838738323848,110097,SJS.NS
2023-07-20,578.451904296875,583.6313394471534,574.7167434856597,577.655082149209,51315,SJS.NS
2023-07-21,580.6929931640625,588.5617561538929,573.9199138073247,579.4479395766609,54354,SJS.NS
2023-07-24,611.76953125,615.5544819251176,579.696939288703,586.6692392457836,407542,SJS.NS
2023-07-25,606.839111328125,626.7599684911328,602.2573384980858,618.5426149113921,186747,SJS.NS
2023-07-26,594.6873779296875,616.5007409004126,590.8526372327522,610.0762522890101,211786,SJS.NS
2023-07-27,643.0950927734375,649.1211398792643,594.6873736101049,599.3687871809633,492457,SJS.NS
2023-07-28,643.9915161132812,651.561478526925,632.5868129040334,645.2365697214168,223459,SJS.NS
2023-07-31,655.844482421875,671.7313793868855,648.0255089093721,651.4120792043415,273427,SJS.NS
2023-08-01,666.3028564453125,675.267241823262,662.3684751484866,662.3684751484866,185633,SJS.NS
2023-08-02,646.4816284179688,672.3289536850311,639.5093281575314,670.8846793294995,169855,SJS.NS
2023-08-03,641.35205078125,651.8105012826786,637.4176691481762,639.6587656841966,79892,SJS.NS
2023-08-04,620.2857055664062,656.1930393501428,615.0564804291544,646.3322512817905,244316,SJS.NS
2023-08-07,634.6785278320312,639.2603007087046,622.8753833666357,626.0129427191966,70648,SJS.NS
2023-08-08,639.75830078125,646.4317999346791,636.2721508586438,639.1606993976839,67069,SJS.NS
2023-08-09,646.5313720703125,649.4697105567905,638.2144388159912,644.7882971301206,47022,SJS.NS
2023-08-10,642.7962646484375,652.4081030024928,637.616890175539,652.4081030024928,53426,SJS.NS
2023-08-11,643.7922973632812,651.8104912593157,639.6587558476998,642.7962544737002,62813,SJS.NS
2023-08-14,635.574951171875,647.4278860179653,622.5268134788128,647.4278860179653,47579,SJS.NS
2023-08-16,634.1805419921875,644.2405512090791,626.610579292142,634.4793427107181,57707,SJS.NS
2023-08-17,632.1884155273438,637.4674305276747,629.698308376845,634.5290919313599,28169,SJS.NS
2023-08-18,637.118896484375,643.4437448914726,631.0927880095376,637.268266450505,269871,SJS.NS
2023-08-21,618.2936401367188,633.7820953225362,607.586178789204,633.7820953225362,149109,SJS.NS
2023-08-22,638.7124633789062,650.4159666065119,592.9442832790329,596.1316324869791,13257803,SJS.NS
2023-08-23,645.834228515625,667.2491504623565,642.4476584019445,650.9140228925128,746761,SJS.NS
2023-08-24,631.9891967773438,653.105317638481,624.5188753024343,647.4278611588234,372368,SJS.NS
2023-08-25,629.1006469726562,640.455559910608,620.5347026816622,630.5449212804812,162044,SJS.NS
2023-08-28,623.2240600585938,638.5630843745785,616.6501403857707,632.4872469496811,210792,SJS.NS
2023-08-29,659.9779663085938,666.5518855770027,626.0129295328554,627.4074138365385,383986,SJS.NS
2023-08-30,674.3707885742188,696.5825316128115,664.8088016856501,664.8088016856501,935326,SJS.NS
2023-08-31,682.3889770507812,696.9312400923925,674.3708437402129,676.3131395840486,383475,SJS.NS
2023-09-01,696.9312133789062,710.1785714877635,682.3889508947024,682.3889508947024,400387,SJS.NS
2023-09-04,693.196044921875,701.1643878518344,689.7098948900178,701.1145978672484,183516,SJS.NS
2023-09-05,700.3676147460938,706.1944416040749,690.2577546285245,701.2142269242154,300992,SJS.NS
2023-09-06,697.82763671875,702.2102498294657,683.8332460262656,699.2221211067872,135135,SJS.NS
2023-09-07,698.3256225585938,703.7042783025628,691.2537425930341,694.6403126234784,118612,SJS.NS
2023-09-08,697.87744140625,704.55087981123,686.3730979488585,702.2102034505137,401744,SJS.NS
2023-09-11,714.2125854492188,725.517709412815,697.8775175383006,697.8775175383006,277482,SJS.NS
2023-09-12,687.0703735351562,725.5176655749545,673.4245737800159,723.3761490434655,269614,SJS.NS
2023-09-13,680.0980834960938,700.168372352863,669.88864371803,687.2696045720946,171852,SJS.NS
2023-09-14,695.8853759765625,713.5651369326195,687.269580827003,687.269580827003,152136,SJS.NS
2023-09-15,711.9216918945312,726.1153038000886,697.2798485069133,703.9035583802946,292876,SJS.NS
2023-09-18,702.9075317382812,742.0520080583357,698.7739291209039,720.3382836054234,147865,SJS.NS
2023-09-20,691.4031982421875,714.859996205088,688.2656388129241,714.859996205088,128056,SJS.NS
2023-09-21,679.30126953125,699.7201493338756,675.5163186046124,699.7201493338756,127781,SJS.NS
2023-09-22,680.7952880859375,689.311442296099,675.3170524100448,683.2853952113433,83970,SJS.NS
2023-09-25,668.3447875976562,685.5763176526991,665.3566588900661,681.2933453305468,148581,SJS.NS
2023-09-26,672.8767700195312,684.4309041543125,668.1953562232678,672.2293786096694,221542,SJS.NS
2023-09-27,683.4348754882812,707.1904748688876,677.3091871983712,677.3091871983712,197035,SJS.NS
2023-09-28,681.5423583984375,702.0110279570478,677.1597452947899,689.2616909195743,253567,SJS.NS
2023-09-29,682.0901489257812,691.6521970059492,679.7494724860079,689.0624490536895,76984,SJS.NS
2023-10-03,676.5621337890625,691.6522079068902,672.4285314734867,686.1241212263018,115328,SJS.NS
2023-10-04,674.121826171875,682.2893901543473,669.3408323849948,672.3787510875391,89633,SJS.NS
2023-10-05,688.6641235351562,693.146316833507,672.8768062192275,681.2933813493024,190111,SJS.NS
2023-10-06,685.9747924804688,707.2900751546935,682.289421403213,695.0387590166916,348549,SJS.NS
2023-10-09,666.2531127929688,685.1280769052754,652.4080923179288,652.4080923179288,132636,SJS.NS
2023-10-10,673.822998046875,684.8292595443467,672.0301330489357,672.7771651975464,99147,SJS.NS
2023-10-11,695.8853759765625,701.164391032884,675.2174864082142,675.2672763930259,135956,SJS.NS
2023-10-12,687.7676391601562,701.6126601239915,684.281488925456,701.0647878807731,101276,SJS.NS
2023-10-13,694.7896728515625,700.2181185036669,690.2576900754498,692.1999857776782,63935,SJS.NS
2023-10-16,696.5327758789062,705.148571133762,689.8592764045038,692.7976150678936,209115,SJS.NS
2023-10-17,698.12646484375,709.0829363030014,695.4371369632074,697.2300019523586,79722,SJS.NS
2023-10-18,689.8593139648438,705.9952217056865,686.1241529504651,702.2102707031768,57350,SJS.NS
2023-10-19,681.8909301757812,693.8434447155399,680.2972858879332,693.8434447155399,76570,SJS.NS
2023-10-20,691.0047607421875,715.955623187557,685.0285033519848,685.7755355257601,253380,SJS.NS
2023-10-23,664.659423828125,693.7438890526636,657.5875434617686,691.0047710413286,97297,SJS.NS
2023-10-25,653.9519653320312,681.6917970608475,647.4278963810721,665.0578681797144,115375,SJS.NS
2023-10-26,666.2033081054688,685.2775550676109,619.9371613437356,663.7630514934084,514263,SJS.NS
2023-10-27,669.3408203125,682.0901571121067,659.9779928537706,672.3289489746094,86173,SJS.NS
2023-10-30,678.10595703125,689.2616490591414,660.0776058458548,669.3407921499177,140409,SJS.NS
2023-10-31,673.972412109375,685.177894061136,672.3289171056646,675.366835609416,47062,SJS.NS
2023-11-01,663.6633911132812,677.7574228692752,658.5338065075914,675.3171055356772,53378,SJS.NS
2023-11-02,677.2593994140625,685.8751342442399,669.2910560093376,669.2910560093376,44034,SJS.NS
2023-11-03,687.0703735351562,696.0347595473988,677.2593753836552,683.8830241276322,82822,SJS.NS
2023-11-06,697.6782836914062,704.6505842135402,689.6102994681839,689.6102994681839,77846,SJS.NS
2023-11-07,694.6901245117188,706.9414398774624,673.4744231524603,702.2102361586628,107008,SJS.NS
2023-11-08,638.7124633789062,685.1280348407246,633.2840178082271,677.309122959308,888425,SJS.NS
2023-11-09,609.2794799804688,649.3702084091512,606.0921304062933,644.9378051570665,844229,SJS.NS
2023-11-10,628.0548095703125,630.843717403405,606.440667474991,610.5742696374606,262101,SJS.NS
2023-11-13,624.5686645507812,633.4334703413456,618.5924073778971,633.4334703413456,106939,SJS.NS
2023-11-15,619.2896728515625,629.5489025591343,616.7995656024609,625.5149409743165,148119,SJS.NS
2023-11-16,616.401123046875,622.9750426491837,611.4707593371858,621.5307682885045,89440,SJS.NS
2023-11-17,617.5465698242188,620.4849084038827,607.5861412786668,612.5663555514427,134378,SJS.NS
2023-11-20,622.07861328125,625.514973623098,608.2834427186414,619.5387159133231,138500,SJS.NS
2023-11-21,615.6541137695312,622.8256350598332,613.5624479236099,622.5268343380782,86891,SJS.NS
2023-11-22,629.6983032226562,635.9235710479481,611.7197419019393,615.6540625326189,489969,SJS.NS
2023-11-23,615.853271484375,627.5069847891859,611.5702994612066,627.5069847891859,291418,SJS.NS
2023-11-24,611.7197875976562,620.2359424600896,602.6059705031705,619.5884902404418,82678,SJS.NS
2023-11-28,611.7197875976562,622.4770390446056,607.5861851354282,611.7197875976562,98596,SJS.NS
2023-11-29,632.3378295898438,635.4753891357898,611.5703588234717,615.5545305421914,282904,SJS.NS
2023-11-30,628.1046752929688,638.463546543422,624.5687348928367,632.2880679438687,103326,SJS.NS
2023-12-01,624.0706787109375,637.0192366573194,622.27781361555,633.2840757112477,83641,SJS.NS
2023-12-04,621.4312133789062,634.3797715738075,615.5047457386665,634.3797715738075,97874,SJS.NS
2023-12-05,621.82958984375,628.0050681764566,616.6003644544933,617.546617397943,84219,SJS.NS
2023-12-06,622.0287475585938,629.6982895110766,619.2896297751091,627.5069831255629,86731,SJS.NS
2023-12-07,634.4793090820312,642.4974420380778,618.5426231396254,618.5426231396254,131318,SJS.NS
2023-12-08,629.6485595703125,640.2563802489883,626.0627685629119,639.16075734857,72895,SJS.NS
2023-12-11,622.9750366210938,633.0848354607552,621.2319615666383,632.6864547816311,79621,SJS.NS
2023-12-12,623.3236083984375,631.4911719930359,620.6342805230216,631.4911719930359,60523,SJS.NS
2023-12-13,621.77978515625,626.5607789546717,612.5663882596616,623.323639504519,43196,SJS.NS
2023-12-14,642.2484741210938,652.6073449914486,620.3853194781201,627.5070508006936,463410,SJS.NS
2023-12-15,641.35205078125,649.1211732807272,636.8200069290568,640.4057978628701,196851,SJS.NS
2023-12-18,633.0848388671875,641.3520435191374,630.4951516612299,641.3520435191374,60602,SJS.NS
2023-12-19,633.6824951171875,642.4476603398416,628.0050385182483,633.8817158527637,67540,SJS.NS
2023-12-20,620.38525390625,639.4594984661101,616.4010825762431,630.4951129735945,98867,SJS.NS
2023-12-21,625.0169677734375,632.4872900974228,609.5783016372012,609.5783016372012,124262,SJS.NS
2023-12-22,618.2438354492188,631.291973021737,610.8730937282699,625.016914958569,137260,SJS.NS
2023-12-26,628.8018798828125,635.0271480996026,615.853321991889,618.2438493045904,106814,SJS.NS
2023-12-27,616.849365234375,631.989229704381,612.1679513741341,631.989229704381,213955,SJS.NS
2023-12-28,617.6461791992188,622.5766037227376,604.8968422126248,616.849357036363,213197,SJS.NS
2023-12-29,616.351318359375,629.2500857382202,608.2833953962904,621.5307534636318,149236,SJS.NS
2024-01-01,614.9070434570312,623.5726286126607,609.3292276845237,623.5228386277267,109719,SJS.NS
2024-01-02,606.2913208007812,619.5386791118086,604.3988149876486,619.5386791118086,132251,SJS.NS
2024-01-03,597.277099609375,613.3631546298449,589.7569277051414,607.5861184492175,278479,SJS.NS
2024-01-04,610.1758422851562,617.048562455626,601.6596878434057,604.3490157707039,98888,SJS.NS
2024-01-05,593.29296875,613.562417141692,590.2549893159342,610.1758470153397,206990,SJS.NS
2024-01-08,575.8621826171875,596.2312097190818,573.3720755588993,593.5419427310339,232617,SJS.NS
2024-01-09,570.8820190429688,587.4660970432423,567.8440395279897,581.6392703284284,130111,SJS.NS
2024-01-10,579.9459838867188,581.7388489645674,569.4377433532948,571.7286298857476,84336,SJS.NS
2024-01-11,576.4598388671875,583.2827085389174,569.9357699121692,582.1372956592501,71483,SJS.NS
2024-01-12,588.2628784179688,595.4343990421453,572.1270330056096,580.8921978602119,99964,SJS.NS
2024-01-15,588.2628784179688,588.2628784179688,588.2628784179688,588.2628784179688,0,SJS.NS
2024-01-16,582.6353149414062,600.3150766721398,581.0416098021733,597.6257486445124,169188,SJS.NS
2024-01-17,572.7744140625,586.4700028991957,571.6290012905176,582.3862516362509,73811,SJS.NS
2024-01-18,570.3341064453125,577.5056270593161,567.2463979556313,577.5056270593161,71239,SJS.NS
2024-01-19,578.153076171875,582.6850589158277,565.8021206910789,577.70484473706,80346,SJS.NS
2024-01-23,557.0369873046875,570.7325770685488,552.8038050140394,566.74840550088,127588,SJS.NS
2024-01-24,574.6171875,577.6551062612015,549.8654843483355,560.8219565185696,69377,SJS.NS
2024-01-25,569.5372924804688,580.1451732064687,560.7721275128836,574.6171475184872,71084,SJS.NS
2024-01-29,568.790283203125,576.5096156417106,566.7484074264839,569.537315374601,76273,SJS.NS
2024-01-30,571.6290283203125,584.6771656206282,568.7902696601147,568.7902696601147,135555,SJS.NS
2024-01-31,599.2194213867188,604.9965191989631,573.1729344168174,573.3223043848761,182705,SJS.NS
2024-02-01,600.4644165039062,608.084168734245,587.6652900134392,597.6257186577348,122060,SJS.NS
2024-02-02,616.102294921875,627.0089763272791,604.697592089682,624.5188691933344,398076,SJS.NS
2024-02-05,611.1719360351562,631.4912367398233,603.7514646168934,617.546635297619,257003,SJS.NS
2024-02-06,592.7451171875,604.3988315065496,586.3704789776928,597.7253317859285,211155,SJS.NS
2024-02-07,595.6834716796875,605.5941111508339,588.4621603213922,590.7530469383998,85421,SJS.NS
2024-02-08,603.6517944335938,611.5703477397656,591.2012580382402,599.5680428133717,178368,SJS.NS
2024-02-09,607.6359252929688,611.4707267215101,594.6375783274516,598.1735182676575,86770,SJS.NS
2024-02-12,614.5584716796875,631.291980305756,606.5901284488325,608.5822142565463,237132,SJS.NS
2024-02-13,611.5703735351562,622.9252875241108,604.0004714049447,621.9292445704705,88394,SJS.NS
2024-02-14,619.7877197265625,623.4233007768447,604.5980648839268,611.5703654674317,206607,SJS.NS
2024-02-15,622.22802734375,629.9971499992428,613.6620217134288,624.5189139122929,164979,SJS.NS
2024-02-16,642.9456787109375,647.4278716686434,616.0525209647016,616.0525209647016,275453,SJS.NS
2024-02-19,634.0808715820312,651.2128212359999,629.1505079726671,647.427870459731,113918,SJS.NS
2024-02-20,636.5709838867188,638.911721144122,628.6524915808911,632.4872323731016,57967,SJS.NS
2024-02-21,624.0706787109375,639.45955396748,622.5766143325088,638.4635110485276,111039,SJS.NS
2024-02-22,631.8896484375,639.459550260198,627.5070353020634,629.9473525980761,91401,SJS.NS
2024-02-23,629.7481079101562,640.3559888495835,624.7678935336426,638.2144723502296,53291,SJS.NS
2024-02-26,629.9473266601562,664.3605957347675,626.5109665924568,643.4436954192801,400897,SJS.NS
2024-02-27,623.6224365234375,645.4358003911475,622.5268136488692,632.487242667251,214273,SJS.NS
2024-02-28,622.2777709960938,633.4334630830413,616.749745333246,627.5069959624475,103448,SJS.NS
2024-02-29,632.8358764648438,641.4516724699781,623.0248775310114,625.0169634703591,279923,SJS.NS
2024-03-01,636.122802734375,645.4357792439764,632.2880012117616,641.4516077671618,100063,SJS.NS
2024-03-04,659.1812133789062,665.3566918391347,642.9955154112627,662.3187729947044,198462,SJS.NS
2024-03-05,645.734619140625,659.6792201558817,638.2145071804101,659.3804194357106,86391,SJS.NS
2024-03-06,646.083251953125,650.6650249795765,630.4951562373853,639.4595423450259,134998,SJS.NS
2024-03-07,643.1448974609375,656.392255558552,639.4097366743752,647.9756810941051,56384,SJS.NS
2024-03-11,639.3599243164062,647.3780570322581,632.7860050859156,647.3282670489061,85318,SJS.NS
2024-03-12,635.525146484375,645.4357852844288,628.0548248954349,639.3599480428772,139492,SJS.NS
2024-03-13,601.46044921875,639.9077396131158,576.0613566044035,635.2761160542238,247350,SJS.NS
2024-03-14,601.2114868164062,613.3632226925507,577.7048980411516,599.5680524619534,66957,SJS.NS
2024-03-15,601.1616821289062,621.5307716601492,596.6794890640493,600.5142907179408,109227,SJS.NS
2024-03-18,598.771240234375,604.7972878881693,591.6495088657584,591.6495088657584,124303,SJS.NS
2024-03-19,602.35693359375,617.5465875620091,596.6296870155539,598.7712035318109,36553,SJS.NS
2024-03-20,602.95458984375,608.38303620943,596.1815097809592,608.38303620943,197855,SJS.NS
2024-03-21,609.3292236328125,617.8951679679828,603.4525464025137,605.9925043472086,54459,SJS.NS
2024-03-22,625.7141723632812,629.0011018293155,609.3292542265776,609.3292542265776,164134,SJS.NS
2024-03-26,611.5205078125,629.0010473252844,608.1837278548658,625.7141181440682,77076,SJS.NS
2024-03-27,607.6359252929688,621.4809451527185,605.4446188757495,612.118118094432,55067,SJS.NS
2024-03-28,608.233642578125,626.4114261419624,603.6020186128983,609.4288454652218,174883,SJS.NS
2024-04-01,607.187744140625,624.5687053800501,605.5940997744623,618.3434370846711,61190,SJS.NS
2024-04-02,616.5505981445312,621.9292544974962,607.5364214289325,611.5703832968371,67024,SJS.NS
2024-04-03,615.7537231445312,625.3655005004656,605.5940735674042,616.5505452931302,82295,SJS.NS
2024-04-04,615.5545043945312,625.3157125320286,613.3134078979492,617.5963801549126,44209,SJS.NS
2024-04-05,627.1085815429688,637.4674519546859,612.5663796127059,615.1062768328611,86595,SJS.NS
2024-04-08,636.122802734375,642.4476506363654,624.5686689754332,627.5070075983105,153843,SJS.NS
2024-04-09,627.457275390625,641.4018768435127,622.7260713262524,638.413747960751,36392,SJS.NS
2024-04-10,627.1085815429688,635.4255761813703,617.1980033857676,627.4572330319367,73647,SJS.NS
2024-04-12,616.8991088867188,628.0050108746747,612.6659268150021,627.1085480008591,53767,SJS.NS
2024-04-15,604.8968505859375,615.4050911885413,592.2470933969829,612.7158239508813,68728,SJS.NS
2024-04-16,607.586181640625,613.960880650702,602.6059670370133,603.6020099577356,55372,SJS.NS
2024-04-18,603.35302734375,614.4589307447923,602.7055750976551,609.5782958883616,46074,SJS.NS
2024-04-19,610.2755126953125,615.5047380548964,598.6217983066555,603.3530022034219,139454,SJS.NS
2024-04-22,611.1220703125,617.0485373497262,608.5821732375831,612.5165546013639,23292,SJS.NS
2024-04-23,610.0762939453125,622.3773997996534,607.5861866230867,616.5505729830995,35460,SJS.NS
2024-04-24,608.4327392578125,616.5505126513689,604.5979986742826,604.5979986742826,42723,SJS.NS
2024-04-25,612.0185546875,617.5465804668233,608.1339631703364,608.4327638731261,39638,SJS.NS
2024-04-26,610.0264892578125,619.1900961415155,609.0802363394414,616.5505581261067,36787,SJS.NS
2024-04-29,618.0944213867188,622.3276037935645,610.5743095050492,612.5663953435649,47457,SJS.NS
2024-04-30,625.9133911132812,634.4793358512762,617.8454070383635,621.929219459584,77306,SJS.NS
2024-05-02,616.3015747070312,638.9117618085459,614.2099088315409,625.9134134825432,78837,SJS.NS
2024-05-03,610.2257080078125,620.4351477496327,607.5861700010101,617.5465990174201,41206,SJS.NS
2024-05-06,603.35302734375,614.4589307447923,602.7055750976551,611.7198125851631,62316,SJS.NS
2024-05-07,613.6619873046875,620.9829388683895,601.6098929066268,605.5442743981035,51503,SJS.NS
2024-05-08,606.639892578125,622.4272084075247,602.8051518791802,622.4272084075247,26651,SJS.NS
2024-05-09,607.735595703125,610.3750728943578,602.60595048485,607.586164951667,40275,SJS.NS
2024-05-10,609.0304565429688,618.8414550028223,597.6257529324475,607.7356129036755,34680,SJS.NS
2024-05-13,602.75537109375,612.0683476725349,601.1118760299021,609.5782404810274,20828,SJS.NS
2024-05-14,603.25341796875,611.271551304769,600.5142999425946,605.793315252458,21097,SJS.NS
2024-05-15,604.6478271484375,607.9846073223016,602.6059513727607,604.1000157150072,26059,SJS.NS
2024-05-16,610.5245361328125,647.4279151368877,598.6218107650301,607.6857772594917,265821,SJS.NS
2024-05-17,623.7718505859375,627.5070113678893,609.578239614521,610.5244925046752,89177,SJS.NS
2024-05-21,689.7098999023438,722.8283254456686,676.2135311253694,702.2102258058346,1552114,SJS.NS
2024-05-22,720.1887817382812,722.8781096338473,685.2774914613667,697.2300058473209,410545,SJS.NS
2024-05-23,708.2861328125,742.0520138683964,696.3336171528748,719.1928155106357,288185,SJS.NS
2024-05-24,705.9453735351562,722.1310699301422,703.4054764134386,715.1587699446097,174783,SJS.NS
2024-05-27,717.89794921875,720.1888358227047,705.1984017299687,713.9635674458513,162694,SJS.NS
2024-05-28,734.5318603515625,738.2670212854877,713.1667276507834,736.723166924859,198183,SJS.NS
2024-05-29,708.9335327148438,736.9721646135025,707.190457643188,728.6551699382791,76552,SJS.NS
2024-05-30,697.5288696289062,714.660820623486,689.4609460062215,714.660820623486,80548,SJS.NS
2024-05-31,725.9160766601562,728.1073832692149,702.4592777710175,702.4592777710175,106444,SJS.NS
2024-06-03,725.7666625976562,754.0044536857392,709.8299766544966,754.0044536857392,112727,SJS.NS
2024-06-04,672.4285278320312,732.7887631828353,622.526803574919,732.0915210041047,285990,SJS.NS
2024-06-05,730.6472778320312,735.3784817410437,657.936144072471,657.936144072471,151129,SJS.NS
2024-06-06,755.5980834960938,774.921339149669,724.023573710633,727.1112822355507,241309,SJS.NS
2024-06-07,780.150634765625,793.696794467082,756.9926363509416,756.9926363509416,183014,SJS.NS
2024-06-10,786.5750732421875,794.7924269891023,774.9711493912124,788.7165289545978,122383,SJS.NS
2024-06-11,791.0573120117188,796.6849181245188,782.889747776947,783.4375592330764,108116,SJS.NS
2024-06-12,791.5054931640625,806.7947269436278,786.9236594731416,796.8342982159286,67313,SJS.NS
2024-06-13,797.680908203125,809.932284140276,773.0288471681193,793.4975767836056,101369,SJS.NS
2024-06-14,810.4801025390625,828.7076750601444,792.4018999736027,803.2090016834392,129214,SJS.NS
2024-06-18,798.129150390625,816.7053744853719,795.8382639172993,815.8587015582161,129332,SJS.NS
2024-06-19,775.7680053710938,802.7110150422417,771.9332644393974,799.5236655335713,95980,SJS.NS
2024-06-20,785.2802734375,799.175023731085,776.9632784629008,778.3577628878743,67716,SJS.NS
2024-06-21,791.2564697265625,807.7907568313043,776.9134282717847,785.2802125860103,60020,SJS.NS
2024-06-24,804.8524169921875,807.0437234323715,776.9632170463603,791.2564684947755,62245,SJS.NS
2024-06-25,792.0533447265625,820.8887995133565,788.2185429958714,804.8524719728617,80730,SJS.NS
2024-06-26,782.0928955078125,800.1212476404588,776.9134602805487,795.6390546003788,37376,SJS.NS
2024-06-27,773.5767822265625,790.6588823603605,767.1025030449373,786.8739313052148,47318,SJS.NS
2024-06-28,778.6565551757812,785.5790656504299,767.0028408161502,777.6107222651964,30549,SJS.NS
2024-07-01,803.109375,806.7947458744495,781.1466412988111,795.6390532789402,249045,SJS.NS
2024-07-02,813.2191772460938,838.6680592853986,807.2927102741278,811.7749029900236,267096,SJS.NS
2024-07-03,830.0523681640625,861.5771518527779,816.9544398461823,821.3369923505228,225161,SJS.NS
2024-07-04,855.7503051757812,861.4775520068764,829.7037583134335,829.7535483010637,140596,SJS.NS
2024-07-05,838.8673095703125,855.0530060591966,834.6839173959976,854.455343866505,40862,SJS.NS
2024-07-08,803.6571655273438,846.6364396952063,799.6729940464252,838.8673174661415,92003,SJS.NS
2024-07-09,791.9536743164062,821.5361601884088,786.027267779798,821.4365802172651,114205,SJS.NS
2024-07-10,788.7664184570312,801.3165350237273,771.9332686679785,791.9039172018875,101260,SJS.NS
2024-07-11,803.5078125,814.912515763112,787.9695069209021,787.9695069209021,88005,SJS.NS
2024-07-12,803.30859375,807.5417760481246,792.9497233383122,804.8026580905146,60192,SJS.NS
2024-07-15,832.39306640625,841.4570325083876,798.7268284350663,803.2588114861351,140289,SJS.NS
2024-07-16,830.0025024414062,841.5566360847057,818.0997781148272,841.3574153541324,78791,SJS.NS
2024-07-18,799.6232299804688,840.1621882715639,794.9418161799206,831.6958236001848,88327,SJS.NS
2024-07-19,764.6621704101562,815.6595806442685,759.6321657665261,811.7749888952907,97151,SJS.NS
2024-07-22,811.2271728515625,846.5369067201074,787.869954089303,794.8422545679693,455317,SJS.NS
2024-07-23,818.398681640625,823.1298854649846,781.9932646309081,814.0160685174485,71278,SJS.NS
2024-07-24,815.4603271484375,827.711642550934,809.2350590787103,818.3986658360755,65781,SJS.NS
2024-07-25,817.452392578125,822.9306283430899,798.0295566841585,815.410516860819,30638,SJS.NS
2024-07-26,827.1140747070312,836.6262725449568,818.3488482741598,829.6539720238501,43895,SJS.NS
2024-07-29,831.04833984375,836.4269956305747,824.2254705380179,829.7037062938598,96365,SJS.NS
2024-07-30,850.1724243164062,854.6048274801293,833.6879261082381,845.6404411778902,84244,SJS.NS
2024-07-31,867.8023681640625,882.6434315468181,854.9036005760967,854.9036005760967,123899,SJS.NS
2024-08-01,849.0767822265625,867.802376587016,831.6958214635964,867.5533658620269,66176,SJS.NS
2024-08-02,987.1282958984376,1015.963749778828,896.4386027460247,896.4386027460247,3131764,SJS.NS
2024-08-05,955.3545532226562,969.1995127864936,928.8597761231348,935.433695611121,618523,SJS.NS
2024-08-06,944.0494384765624,974.5781773561298,920.4432098375064,959.189302555163,262639,SJS.NS
2024-08-07,944.9459228515624,956.2011955993698,935.4835151867773,946.3901972328094,87077,SJS.NS
2024-08-08,970.1458129882812,1019.3503580055518,945.7925512119324,946.4897934210618,376504,SJS.NS
2024-08-09,1044.948486328125,1092.65896118406,970.8927278160096,970.8927278160096,1219327,SJS.NS
2024-08-12,1001.2720947265624,1038.8727130562593,991.1124452972956,1038.8727130562593,206673,SJS.NS
2024-08-13,976.7206420898438,1034.955582260969,973.0778136012008,1034.955582260969,163402,SJS.NS
2024-08-14,974.2255859375,993.4875246210316,965.9419003045016,977.918242812168,143601,SJS.NS
2024-08-16,985.1040649414062,1020.2346819719256,980.0141437186296,985.2039043449836,153654,SJS.NS
2024-08-19,1029.1669921875,1135.4570327789586,993.4875324343036,1135.4570327789586,318707,SJS.NS
2024-08-20,1022.4302368164062,1042.93977099706,1010.8032414685396,1038.9476570410902,99394,SJS.NS
2024-08-21,1038.9976806640625,1043.937873302032,1000.2242345761748,1019.03704855799,132569,SJS.NS
2024-08-22,1008.4080200195312,1040.3449319958925,1003.3679273664015,1038.2989248405463,88032,SJS.NS
2024-08-23,989.5452880859376,1009.4559694542932,985.3036668309044,1008.1085943890922,104738,SJS.NS
2024-08-26,986.2517700195312,1006.8111326313722,978.616827673992,1004.0166650309508,48766,SJS.NS
2024-08-27,978.2176513671876,992.09021086514,973.077780264476,992.09021086514,54056,SJS.NS
2024-08-28,981.9602661132812,998.9766398656676,966.0416993456324,978.2176592360046,75913,SJS.NS
2024-08-29,966.6903686523438,986.0521456762898,950.123120125332,986.0521456762898,66897,SJS.NS
2024-08-30,975.6227416992188,980.7626128069966,962.0994677944096,980.0639806785376,54023,SJS.NS
2024-09-02,987.199951171875,992.0902544514666,976.0719086247922,976.0719086247922,102945,SJS.NS
2024-09-03,1007.8590698242188,1017.3902908584178,988.9963674711056,988.9963674711056,110354,SJS.NS
2024-09-04,991.5912475585938,1021.9812289017732,982.0600871477976,995.0344582178398,147659,SJS.NS
2024-09-05,989.3456420898438,998.028502242317,980.5630034530764,991.5912062198888,28839,SJS.NS
2024-09-06,963.44677734375,1001.8708741644084,958.7061420217208,997.2799674816364,52445,SJS.NS
2024-09-09,947.927490234375,961.5007148574724,931.8093659451582,953.2669794448136,107771,SJS.NS
2024-09-10,939.8933715820312,961.3010958121796,935.6517503139412,953.1172496531348,60642,SJS.NS
2024-09-11,930.2623291015624,953.1670950792692,920.6812799847244,947.9274455183806,171096,SJS.NS
2024-09-12,959.654296875,968.087649925876,923.2262564396448,937.0988770261624,135095,SJS.NS
2024-09-13,981.9602661132812,1003.0186431101614,966.0915885876976,967.3391242134568,151603,SJS.NS
2024-09-16,997.8787841796876,1016.79143668064,987.4494349525528,991.9904525029302,159146,SJS.NS
2024-09-17,1009.4060668945312,1021.9313126053112,975.8722721599908,998.0285174298998,102648,SJS.NS
2024-09-18,1022.0809936523438,1044.1873499674057,1010.5537763087872,1021.9812151652312,90184,SJS.NS
2024-09-19,987.698974609375,1027.9694020620896,981.0620604145962,1021.9812307879416,98339,SJS.NS
2024-09-20,1002.4697265625,1011.3022543119156,973.0278861780148,973.0278861780148,80579,SJS.NS
2024-09-23,977.26953125,1007.4598937416032,970.0837137797772,988.0482269979212,71354,SJS.NS
2024-09-24,956.3109130859376,985.004232226994,953.6661132165708,978.0679220255824,40197,SJS.NS
2024-09-25,978.3673706054688,1016.6418018600032,948.1271178710728,952.3687391878644,98056,SJS.NS
2024-09-26,942.7876586914062,981.0620277795402,938.1468017423884,978.3673386128468,190865,SJS.NS
2024-09-27,936.0509643554688,948.1270849664796,929.2144325097096,948.0771957239205,56522,SJS.NS
2024-09-30,999.9248046875,1035.6541528248729,931.0108862269186,931.0108862269186,577467,SJS.NS
2024-10-01,980.5131225585938,1006.8111494506386,973.0777979706222,990.0442826531868,52960,SJS.NS
2024-10-03,959.3049926757812,974.42508768584,954.5643573685186,958.6063605527988,47612,SJS.NS
2024-10-04,938.6458129882812,966.590611248432,934.25446318147,958.5066046891044,94452,SJS.NS
2024-10-07,903.71484375,956.8598635508696,897.028040343263,947.9274959271946,120155,SJS.NS
2024-10-08,936.4501342773438,943.1369374453714,889.9919195417036,898.175765467581,47527,SJS.NS
2024-10-09,975.7225952148438,981.9103232326004,914.2938918154122,938.146797522609,126980,SJS.NS
2024-10-10,964.0955200195312,991.0422892126238,953.3168245252592,991.0422892126238,34429,SJS.NS
2024-10-11,952.4185791015624,972.5288776101974,946.1310117758904,972.5288776101974,37524,SJS.NS
2024-10-14,1044.8858642578125,1061.902298506147,1004.2162647740224,1012.9490139393688,1042437,SJS.NS
2024-10-15,1011.7015380859376,1042.939819047653,1008.5577238348388,1042.2910761339888,131017,SJS.NS
2024-10-16,1100.5260009765625,1113.79982903292,1016.9910625309548,1016.9910625309548,495096,SJS.NS
2024-10-17,1053.0198974609375,1107.7119106664163,1048.179483365244,1102.0230748405272,168940,SJS.NS
2024-10-18,1096.034912109375,1102.8215550260136,1030.0652488850626,1053.9181557533668,185978,SJS.NS
2024-10-21,1104.069091796875,1127.772270038842,1083.1604422479295,1100.8254989848165,168937,SJS.NS
2024-10-22,1020.983154296875,1097.981077347071,1008.507798061576,1093.040763180102,210570,SJS.NS
2024-10-23,1022.5800170898438,1057.9102517500696,1010.1546105063396,1034.057345292793,113433,SJS.NS
2024-10-24,1022.0809936523438,1052.92009960871,1016.1926618716748,1037.7999430066918,80225,SJS.NS
2024-10-25,1009.5557250976562,1047.929933413724,990.5432942029724,1029.4664060154823,105865,SJS.NS
2024-10-28,1033.5084228515625,1058.5089627340255,990.5432488183152,1008.0087469083106,149810,SJS.NS
2024-10-29,1147.533203125,1185.657842597887,1013.6476572232904,1057.910196257374,928574,SJS.NS
2024-10-30,1191.3465576171875,1210.708334653949,1143.1916830621556,1145.7367044388927,467065,SJS.NS
2024-10-31,1210.9080810546875,1232.565251725615,1171.8352391947824,1182.5140958827287,266657,SJS.NS
2024-11-01,1260.260498046875,1268.4942332350647,1227.7247930631097,1232.5652069593273,117241,SJS.NS
2024-11-04,1228.4732666015625,1273.4343760228378,1218.7923173564952,1259.362198978805,320328,SJS.NS
2024-11-05,1211.7064208984375,1240.150234167554,1202.873892722906,1220.688677720264,292518,SJS.NS
2024-11-06,1212.9539794921875,1230.319700708517,1202.67435847739,1225.5790650740694,197371,SJS.NS
2024-11-07,1208.2633056640625,1238.2041625912866,1202.37491276911,1224.830555464528,182045,SJS.NS
2024-11-08,1216.896240234375,1233.1640322407327,1191.8955767258888,1208.612554670338,174478,SJS.NS
2024-11-11,1190.448486328125,1215.798313675723,1177.7734508246708,1215.5987567004092,120798,SJS.NS
2024-11-12,1191.1470947265625,1228.1739301967057,1187.6539947420272,1193.8916732858402,95649,SJS.NS
2024-11-13,1137.552978515625,1200.079369076951,1130.117592795539,1191.1470623766634,123820,SJS.NS
2024-11-14,1156.86474609375,1167.4937738556175,1114.7978209636155,1114.7978209636155,80243,SJS.NS
2024-11-18,1118.240966796875,1165.6473198136227,1112.8017602878656,1157.6630919371178,102503,SJS.NS
2024-11-19,1110.2069091796875,1159.9586047058522,1103.3704384350688,1137.7524709526103,115639,SJS.NS
2024-11-21,1118.8897705078125,1140.69666971515,1095.4360998454872,1118.1412491036958,105751,SJS.NS
2024-11-22,1120.237060546875,1130.2672958779176,1108.0112112095642,1117.791939411274,55139,SJS.NS
2024-11-25,1148.930419921875,1172.6835481828891,1130.3172848974214,1152.9724842879002,101407,SJS.NS
2024-11-26,1184.310546875,1194.2408817431608,1147.832556376227,1148.9303633630632,58429,SJS.NS
2024-11-27,1242.395751953125,1276.4784495417694,1167.9428503332726,1184.659827682627,298841,SJS.NS
2024-11-28,1240.69921875,1258.4640538773083,1222.634926325237,1243.4437972679232,110665,SJS.NS
2024-11-29,1247.2861328125,1266.4981816675836,1225.9282982907885,1249.9807610629105,132881,SJS.NS
2024-12-02,1246.787109375,1303.5250054957369,1239.4016740750094,1248.9827233532656,246704,SJS.NS
2024-12-03,1267.047119140625,1272.4863256832543,1241.5474424705635,1259.2624481810558,102385,SJS.NS
2024-12-04,1256.2684326171875,1292.347188930774,1249.032725656731,1282.4666819567713,97186,SJS.NS
2024-12-05,1278.7239990234375,1287.3569698022866,1251.677451390511,1267.4462283879957,137388,SJS.NS
2024-12-06,1292.2972412109375,1316.8986692888586,1278.8738059701325,1291.4988914702087,118999,SJS.NS
2024-12-09,1300.3314208984375,1344.3444555447738,1294.4430280932231,1303.375334875188,82321,SJS.NS
2024-12-10,1275.23095703125,1318.3956910493298,1265.0511147345703,1306.7686342831532,124970,SJS.NS
2024-12-11,1236.8568115234375,1287.4568094901415,1230.6191331828843,1287.4568094901415,94086,SJS.NS
2024-12-12,1189.500244140625,1246.188311709732,1185.657858779031,1246.188311709732,158372,SJS.NS
2024-12-13,1191.197021484375,1200.628342525468,1162.6034792353555,1193.642142693649,112594,SJS.NS
2024-12-16,1219.34130859375,1230.8685863939609,1198.7819460498938,1202.574381217016,83187,SJS.NS
2024-12-17,1239.95068359375,1248.4339261914934,1223.183755374583,1230.8186980784833,55744,SJS.NS
2024-12-18,1260.1607666015625,1266.498223495835,1232.116188855411,1242.4955882587913,81412,SJS.NS
2024-12-19,1246.1883544921875,1267.496239346771,1217.5948126008352,1247.6354471359575,86154,SJS.NS
2024-12-20,1190.947509765625,1246.4877007511827,1186.7557167848663,1246.1883652859074,76927,SJS.NS
2024-12-23,1178.47216796875,1190.9475249220536,1152.8227609749629,1190.9475249220536,79680,SJS.NS
2024-12-24,1174.7294921875,1187.9034196279472,1155.7170005706053,1178.5718775384928,86455,SJS.NS
2024-12-26,1164.549560546875,1181.9152812555085,1144.7387186827682,1174.4300673146884,87167,SJS.NS
2024-12-27,1167.4937744140625,1178.9211518739116,1147.732761612697,1164.549517275614,139316,SJS.NS
2024-12-30,1143.7906494140625,1178.9212050572396,1134.5588854802809,1151.724927522586,99867,SJS.NS
2024-12-31,1151.724853515625,1157.7130243311308,1126.0256204324123,1136.704476321539,53354,SJS.NS
2025-01-01,1130.6165771484375,1152.7229330883129,1080.2161372168707,1151.7249045748165,196384,SJS.NS
2025-01-02,1176.2265625,1189.0512046326655,1126.3251364354232,1142.7426568788076,108422,SJS.NS
2025-01-03,1167.0946044921875,1176.6756541549992,1148.8306333930336,1175.6776256103385,75541,SJS.NS
2025-01-06,1113.05126953125,1175.128592657578,1102.2226848190232,1161.7051582464694,82728,SJS.NS
2025-01-07,1141.3953857421875,1149.5791711932343,1113.0513503037375,1122.4826714533988,37261,SJS.NS
2025-01-08,1129.6185302734375,1146.984250491932,1116.793888449399,1141.3953152731287,32400,SJS.NS
2025-01-09,1088.0008544921875,1129.518818048333,1079.86689739633,1129.518818048333,49571,SJS.NS
2025-01-10,1038.44873046875,1087.8511448447262,1032.9595733158635,1087.8511448447262,129701,SJS.NS
2025-01-13,1008.75732421875,1051.6725504778708,998.02851765397,1031.9614872542047,112801,SJS.NS
2025-01-14,1002.5196533203124,1039.6962158749982,998.5275392204804,1014.945120639005,73838,SJS.NS
2025-01-15,1037.7001953125,1062.9004164537748,983.0581316497356,1008.0088456509978,83976,SJS.NS
2025-01-16,1049.4769287109375,1089.1983903220685,1041.9417647265047,1057.3114281506612,48288,SJS.NS
2025-01-17,1027.91943359375,1075.2260101828315,1022.9792411124346,1058.0100180763052,81362,SJS.NS
2025-01-20,1008.9070434570312,1024.775721105728,993.93661583178,1018.9871070254368,58452,SJS.NS
2025-01-21,986.6509399414062,1008.9070239798144,957.1093210304828,1003.0186315282954,122400,SJS.NS
2025-01-22,1001.8209838867188,1006.0127157185108,969.8840722766072,986.6509386889508,82123,SJS.NS
2025-01-23,1005.71337890625,1023.9273389725668,984.0561472552926,1001.8210432073616,41471,SJS.NS
2025-01-24,987.5491943359376,1007.908999969632,978.8663342593668,996.3318328959298,69084,SJS.NS
2025-01-27,953.9655151367188,991.9904374470316,938.6458020633376,976.3213778505688,141960,SJS.NS
2025-01-28,922.9268798828124,953.9655426910967,894.6826847657686,949.1251287034924,175372,SJS.NS
2025-01-29,944.6838989257812,975.0738800414616,918.1862534679066,927.16851029531,155539,SJS.NS
2025-01-30,912.4974365234376,947.1290373207656,908.2059261979944,947.1290373207656,70659,SJS.NS
2025-01-31,985.9024658203124,993.9366442742976,930.661610668292,938.0470462073548,224428,SJS.NS
2025-02-01,1049.7264404296875,1061.553053962235,949.1251174221647,949.1251174221647,87961,SJS.NS
2025-02-03,983.55712890625,1044.1374127209217,970.6326470943286,1033.9575703164635,96812,SJS.NS
2025-02-04,995.1841430664062,1007.9090064404534,980.8623975435836,993.3876430346804,28594,SJS.NS
2025-02-05,1010.4041137695312,1026.9713630939398,989.1960073888256,1025.6738772658464,65662,SJS.NS
2025-02-06,1011.1026611328124,1031.9614813993685,999.026540503644,999.026540503644,30339,SJS.NS
2025-02-07,1003.5177001953124,1025.2248210100793,998.0285432076704,1019.6857747782424,31946,SJS.NS
2025-02-10,979.0659790039062,1011.0527809158187,976.5709077016536,1003.5176777659814,23573,SJS.NS
2025-02-11,937.5480346679688,983.8565223664796,920.28209219731,971.0817692398156,77491,SJS.NS
2025-02-12,925.4219360351562,947.977355998581,899.2236876437593,933.1566569888068,102725,SJS.NS
2025-02-13,906.4594116210938,927.567739379027,901.219761842937,925.4219536753748,33431,SJS.NS
2025-02-14,869.0333251953125,915.1921437888044,862.5960291220116,915.1422545462632,70752,SJS.NS
2025-02-17,854.4121704101562,859.2027559191747,820.0301374809533,858.2546166657304,177555,SJS.NS
2025-02-18,849.1725463867188,867.0871705988434,837.595439859154,860.7996030724103,69357,SJS.NS
2025-02-19,849.0228881835938,894.433186594348,835.848899318827,848.2244775373592,157200,SJS.NS
2025-02-20,869.2329711914062,874.1232745002985,844.8810503907705,857.5061358181366,98785,SJS.NS
2025-02-21,895.2315673828125,911.1501341920384,867.5362764186285,869.2329370570573,98893,SJS.NS
2025-02-24,902.4174194335938,907.7069585207324,873.7739881087424,894.333351698311,47782,SJS.NS
2025-02-25,894.0838012695312,908.1560395725816,881.3090487395043,901.2197293618592,51518,SJS.NS
2025-02-27,852.4161376953125,894.0838285582757,839.3419884012476,894.0838285582757,69695,SJS.NS
2025-02-28,851.2185668945312,865.141016308142,823.872560508101,853.3144024644777,65093,SJS.NS
2025-03-03,853.61376953125,867.0372651282877,822.4253786992972,859.7017799705427,104409,SJS.NS
2025-03-04,845.5796508789062,874.6722061661941,832.405662429666,851.3183147827762,164891,SJS.NS
2025-03-05,849.07275390625,866.6380312961232,841.8370472170694,854.013007208035,168338,SJS.NS
2025-03-06,870.72998046875,893.2355110502349,843.3340858518977,857.605881275657,123784,SJS.NS
2025-03-07,924.12451171875,931.2104897791968,868.3346936014827,870.7299863932308,92262,SJS.NS
2025-03-10,868.0352783203125,953.3168248895618,863.294642997494,934.1047764760336,112125,SJS.NS
2025-03-11,841.0885620117188,859.6019794642527,833.5534586287533,858.3045545299058,120389,SJS.NS
2025-03-12,828.4634399414062,848.7733566236042,820.3794333943268,839.3419750421276,194212,SJS.NS
2025-03-13,817.6847534179688,840.3400129817973,813.3932429693168,829.4115885159927,89668,SJS.NS
2025-03-17,816.0879516601562,823.9224513554894,806.5567912590358,813.4930408998852,179332,SJS.NS
2025-03-18,816.0879516601562,816.0879516601562,816.0879516601562,816.0879516601562,0,SJS.NS
2025-03-19,890.3911743164062,894.8323525276368,852.016965288072,854.312418716143,102219,SJS.NS
2025-03-20,875.0714111328125,912.547370603026,874.2730004842855,890.3911857609714,95024,SJS.NS
2025-03-21,868.833740234375,899.5730073282506,863.2946939762215,875.0714186590587,154596,SJS.NS
2025-03-24,884.103515625,896.2295861735679,868.2847883864188,893.1856114547184,91260,SJS.NS
2025-03-25,876.9177856445312,897.2276417111044,868.3347038022921,897.2276417111044,52893,SJS.NS
2025-03-26,878.0155639648438,889.3931131153139,869.3825931615215,878.2650710873118,62208,SJS.NS
2025-03-27,884.1535034179688,890.2414531148185,867.6860325924143,887.0477496202302,131487,SJS.NS
2025-03-28,901.5690307617188,907.0581875704884,884.7023854800312,887.0477281142115,122028,SJS.NS
2025-04-01,883.9039916992188,905.7607799508633,868.9834529971625,900.4712409263918,48200,SJS.NS
2025-04-02,932.6576538085938,942.8375569159548,883.2552419696152,883.2552419696152,166272,SJS.NS
2025-04-03,901.9183959960938,932.6576625798034,899.2237067783873,918.585484653198,92500,SJS.NS
2025-04-04,880.0116577148438,908.1560744881792,879.7621505819504,901.9183961658454,57319,SJS.NS
2025-04-07,841.23828125,858.2546556845138,809.4011464384622,828.3636887101401,128927,SJS.NS
2025-04-08,857.6058959960938,863.3944492354938,848.2743536897631,848.3242429328526,63092,SJS.NS
2025-04-09,830.95849609375,852.9151228654447,823.373503938549,852.9151228654447,259665,SJS.NS
2025-04-11,865.0411987304688,873.274933820779,837.0465116063791,841.3380219553334,89023,SJS.NS
2025-04-15,917.7869873046876,936.4002432578916,882.0076898259117,886.5985965753413,130216,SJS.NS
2025-04-16,926.7692260742188,931.6097007715464,910.2019776022136,919.18423396013,51176,SJS.NS
2025-04-17,923.2262573242188,938.1467956723992,908.3057189760384,937.3982742928732,56191,SJS.NS
2025-04-21,944.0352172851562,952.1192240669636,912.44758973084,922.1783679642288,84756,SJS.NS
2025-04-22,966.0916137695312,977.4192131807536,936.6497722341996,938.1468150241316,79267,SJS.NS
2025-04-23,1000.9727172851562,1019.0370091486982,950.6720554625722,976.0718935041056,145452,SJS.NS
2025-04-24,975.0738525390624,1016.2425285034803,972.1296562568238,1013.6975679904634,67718,SJS.NS
2025-04-25,948.3765869140624,984.6050094640418,928.1665096870066,982.8584595802222,111329,SJS.NS
2025-04-28,944.0352172851562,973.0778233388778,939.544088869746,968.0876806550888,69087,SJS.NS
2025-04-29,930.2623291015624,960.1532944937876,925.771200906515,951.570273864738,60481,SJS.NS
2025-04-30,927.66748046875,942.9871934080328,908.754828420392,938.146779602609,44931,SJS.NS
2025-05-02,932.1586303710938,960.0535394693396,925.2722092711584,927.667502066308,68865,SJS.NS
2025-05-05,938.096923828125,945.3326306310692,927.2183885446644,940.1428701204748,35510,SJS.NS
2025-05-06,906.3096923828124,948.1271125551222,891.9381179624526,946.4304518549528,65144,SJS.NS
2025-05-07,936.2505493164062,943.0870813665546,896.5290255942903,900.7706468906872,60168,SJS.NS
2025-05-08,930.9110717773438,973.0777753770144,921.8290369064216,942.23867074529,64677,SJS.NS
2025-05-09,1027.86962890625,1051.9220926162693,923.1764095541264,931.6097629919378,1210552,SJS.NS
2025-05-12,1058.6087646484375,1094.837247363237,1021.7815501237648,1032.9594813317692,287614,SJS.NS
2025-05-13,1077.122314453125,1092.6417071643682,1051.922093521977,1063.8984361427206,185726,SJS.NS
2025-05-14,1104.6180419921875,1110.1570273174102,1074.876742628632,1087.102592301056,111587,SJS.NS
2025-05-15,1084.3580322265625,1130.7663603430235,1077.8708465758743,1109.8077605484928,143816,SJS.NS
2025-05-16,1089.248291015625,1112.7517882674802,1082.7111558383244,1095.8352545183857,97139,SJS.NS
2025-05-19,1092.4420166015625,1116.2949230971512,1073.9784885932502,1089.84716676092,123520,SJS.NS
2025-05-20,1075.7249755859375,1104.8175302191555,1073.329682861809,1092.641631463505,60511,SJS.NS
2025-05-21,1094.038818359375,1122.7820885583296,1063.0001556549378,1075.7250193252655,99134,SJS.NS
2025-05-22,1087.3021240234375,1100.8254592217124,1079.8668602700752,1087.8510884421275,59838,SJS.NS
2025-05-23,1092.1427001953125,1125.975770861542,1071.9326218875954,1087.302164223318,197149,SJS.NS
2025-05-26,1088.5496826171875,1117.7420174865006,1085.85505428419,1102.8215395073807,101160,SJS.NS
2025-05-27,1083.2601318359375,1103.4702084678406,1074.078196762173,1088.5496096590914,75644,SJS.NS
2025-05-28,1078.51953125,1101.7735223824395,1069.0382604265153,1089.8471304468644,51906,SJS.NS
2025-05-29,1076.4237060546875,1096.833340501401,1063.3993851721957,1091.8431979149525,169521,SJS.NS
2025-05-30,1100.2764892578125,1107.8116532890722,1075.6252336327009,1091.843197025446,97001,SJS.NS
2025-06-02,1120.2869873046875,1160.407684131534,1110.2069238561166,1110.2069238561166,261079,SJS.NS
2025-06-03,1105.9154052734375,1145.6369900576842,1097.8313984327278,1129.269297569665,97306,SJS.NS
2025-06-04,1100.42626953125,1123.3809264872043,1078.7690984394524,1108.8097338289217,144088,SJS.NS
2025-06-05,1114.6981201171875,1120.3868341624593,1100.5260415044247,1106.813670147858,54791,SJS.NS
2025-06-06,1114.3985595703125,1137.7524500155075,1103.120911014438,1103.8194822080277,126015,SJS.NS
2025-06-09,1189.949462890625,1222.5849470305168,1172.8830775948838,1208.6125476358825,808293,SJS.NS
2025-06-10,1198.9317626953125,1219.5909052387703,1177.6737055497126,1191.6461054460651,258012,SJS.NS
2025-06-11,1178.671630859375,1234.5612255487272,1167.094524896796,1204.62037125086,192448,SJS.NS
2025-06-12,1165.797119140625,1203.6224253650432,1159.210155109036,1187.6539686437825,142886,SJS.NS
2025-06-13,1216.7962646484375,1222.584878519409,1127.0736024559149,1160.1083205218158,296546,SJS.NS
2025-06-16,1250.3302001953125,1257.2164996385943,1188.0531951051482,1216.497008416697,266952,SJS.NS
2025-06-17,1258.61376953125,1277.4765333347011,1247.5356770846693,1251.5277912513402,215368,SJS.NS
2025-06-18,1257.11669921875,1311.4094750637269,1240.0504358954952,1265.7996204391102,247649,SJS.NS
2025-06-19,1233.2637939453125,1277.975520391779,1227.5750801108068,1249.531707559943,96524,SJS.NS
2025-06-20,1236.8568115234375,1250.5297537140675,1222.58495474839,1222.58495474839,67836,SJS.NS
2025-06-23,1230.9683837890625,1252.226317871191,1219.2913771699073,1219.5908344535978,151652,SJS.NS
2025-06-24,1219.690673828125,1256.218494608992,1217.5948382266172,1234.561323677316,160105,SJS.NS
2025-06-25,1280.5703125,1289.7522475720436,1223.4831324354045,1231.567138720721,151913,SJS.NS
2025-06-26,1269.19287109375,1292.2474282948135,1237.6551929618524,1287.3570639845984,104968,SJS.NS
2025-06-27,1254.9210205078125,1276.9774252930963,1237.5553007920591,1269.192754507868,115837,SJS.NS
2025-06-30,1280.5703125,1287.4567333466207,1246.1383300965438,1248.932858559698,92917,SJS.NS
2025-07-01,1249.3321533203125,1303.0260147383044,1238.0543822830912,1292.446936764694,124239,SJS.NS
2025-07-02,1245.340087890625,1263.1049231892284,1239.0524592207105,1260.21061599467,52525,SJS.NS
2025-07-03,1293.34521484375,1313.6051211939844,1240.5494804876369,1252.525823018491,315370,SJS.NS
2025-07-04,1274.5821533203125,1312.4074572526886,1257.5158905995345,1302.4271724066605,140765,SJS.NS
2025-07-07,1252.6256103515625,1285.3609955655652,1244.7411604304814,1274.682016969024,84543,SJS.NS
2025-07-08,1265.5999755859375,1272.386618434725,1248.6334902936246,1260.510054364175,45334,SJS.NS
2025-07-09,1264.199951171875,1283.800048828125,1241.800048828125,1268.0999755859375,108595,SJS.NS
2025-07-10,1265.9000244140625,1286.9000244140625,1257.699951171875,1268.0,83577,SJS.NS
2025-07-11,1215.0999755859375,1267.4000244140625,1200.699951171875,1265.9000244140625,154228,SJS.NS
2025-07-14,1210.0999755859375,1239.0,1194.0,1211.4000244140625,156866,SJS.NS
2025-07-15,1254.199951171875,1260.0,1201.800048828125,1201.800048828125,95691,SJS.NS
2025-07-16,1238.5,1254.9000244140625,1235.0999755859375,1249.0,32951,SJS.NS
2025-07-17,1253.699951171875,1260.699951171875,1235.800048828125,1239.0,41502,SJS.NS
2025-07-18,1234.800048828125,1262.800048828125,1222.199951171875,1247.699951171875,77189,SJS.NS
2025-07-21,1227.800048828125,1243.9000244140625,1206.0,1243.9000244140625,114886,SJS.NS
2025-07-22,1236.199951171875,1242.0,1218.199951171875,1227.800048828125,43094,SJS.NS
2025-07-23,1267.199951171875,1275.0,1232.0,1244.0,91270,SJS.NS
2025-07-24,1261.0,1283.0,1257.0,1270.0,73020,SJS.NS
2025-07-25,1249.4000244140625,1275.9000244140625,1245.0,1247.5999755859375,78586,SJS.NS
2025-07-28,1223.199951171875,1259.9000244140625,1212.199951171875,1250.0999755859375,127491,SJS.NS
2025-07-29,1238.199951171875,1254.0,1181.5,1230.0,215307,SJS.NS
2025-07-30,1251.300048828125,1270.0,1225.4000244140625,1260.0,203259,SJS.NS
2025-07-31,1227.199951171875,1251.300048828125,1217.0999755859375,1251.0999755859375,91044,SJS.NS
2025-08-01,1156.4000244140625,1229.9000244140625,1140.0999755859375,1229.9000244140625,130372,SJS.NS
2025-08-04,1183.699951171875,1197.9000244140625,1159.5,1160.0999755859375,82406,SJS.NS
2025-08-05,1163.5,1185.9000244140625,1155.199951171875,1182.0,41796,SJS.NS
2025-08-06,1151.9000244140625,1191.800048828125,1134.5999755859375,1186.9000244140625,55479,SJS.NS
2025-08-07,1173.5,1177.300048828125,1131.300048828125,1149.0999755859375,80880,SJS.NS
2025-08-08,1172.300048828125,1179.0,1146.0999755859375,1173.5999755859375,55515,SJS.NS
2025-08-11,1167.800048828125,1187.800048828125,1145.0,1187.800048828125,58966,SJS.NS
2025-08-12,1191.300048828125,1205.4000244140625,1152.199951171875,1165.0,58487,SJS.NS
2025-08-13,1200.5999755859375,1210.699951171875,1186.0,1191.300048828125,37887,SJS.NS
2025-08-14,1176.4000244140625,1217.300048828125,1161.0,1205.0,70227,SJS.NS
2025-08-18,1215.5,1229.0,1199.5,1200.0,188058,SJS.NS
2025-08-19,1306.199951171875,1354.0,1210.0,1223.699951171875,1093003,SJS.NS
2025-08-20,1355.4000244140625,1383.5,1304.9000244140625,1305.0,736575,SJS.NS
2025-08-21,1343.5,1366.199951171875,1333.0,1366.199951171875,154612,SJS.NS
2025-08-22,1378.9000244140625,1394.5,1340.0,1357.800048828125,207066,SJS.NS
2025-08-25,1346.300048828125,1407.5,1341.0,1404.9000244140625,156629,SJS.NS
2025-08-26,1361.199951171875,1376.5999755859375,1325.0999755859375,1346.0,145937,SJS.NS
2025-08-28,1343.199951171875,1369.9000244140625,1337.0,1358.9000244140625,107055,SJS.NS
2025-08-29,1295.0,1364.0,1285.9000244140625,1330.0,267755,SJS.NS
2025-09-01,1328.5,1344.5,1293.0,1305.5,145319,SJS.NS
2025-09-02,1340.199951171875,1368.699951171875,1312.199951171875,1340.0,353353,SJS.NS
2025-09-03,1416.0,1428.800048828125,1333.300048828125,1347.0,492244,SJS.NS
2025-09-04,1369.699951171875,1455.0,1360.300048828125,1450.0,236174,SJS.NS
2025-09-05,1402.5999755859375,1418.0,1372.0,1380.9000244140625,120451,SJS.NS
2025-09-08,1437.0999755859375,1448.4000244140625,1412.0999755859375,1417.699951171875,134434,SJS.NS
2025-09-09,1431.5,1443.9000244140625,1404.0999755859375,1437.0999755859375,87426,SJS.NS
2025-09-10,1393.0999755859375,1440.0,1381.800048828125,1431.5,87853,SJS.NS
2025-09-11,1394.199951171875,1418.800048828125,1388.199951171875,1398.0,57241,SJS.NS
2025-09-12,1400.300048828125,1410.699951171875,1372.199951171875,1394.199951171875,63589,SJS.NS
2025-09-15,1433.300048828125,1439.699951171875,1391.199951171875,1409.800048828125,143839,SJS.NS
2025-09-16,1439.0,1455.0,1417.300048828125,1440.4000244140625,104906,SJS.NS
2025-09-17,1459.300048828125,1508.9000244140625,1457.0,1500.0,346827,SJS.NS
2025-09-18,1463.0,1471.0,1438.5999755859375,1470.0,102269,SJS.NS
2025-09-19,1480.5,1486.0,1451.800048828125,1469.9000244140625,120740,SJS.NS
2025-09-22,1506.699951171875,1515.5999755859375,1470.199951171875,1471.0999755859375,187340,SJS.NS
2025-09-23,1531.5,1554.4000244140625,1494.4000244140625,1506.699951171875,324977,SJS.NS
2025-09-24,1519.199951171875,1544.699951171875,1502.5,1534.0,80476,SJS.NS
2025-09-25,1460.9000244140625,1512.9000244140625,1451.199951171875,1506.5,133517,SJS.NS
2025-09-26,1451.699951171875,1526.0,1445.0999755859375,1460.9000244140625,291441,SJS.NS
2025-09-29,1460.0999755859375,1467.0,1418.0999755859375,1463.300048828125,109214,SJS.NS
2025-09-30,1452.4000244140625,1477.5999755859375,1425.0999755859375,1460.0,106886,SJS.NS
2025-10-01,1508.300048828125,1529.0,1457.5,1463.5999755859375,103905,SJS.NS
2025-10-03,1526.5,1538.699951171875,1502.0,1521.0,85032,SJS.NS
2025-10-06,1545.5999755859375,1552.4000244140625,1491.0999755859375,1535.0,182926,SJS.NS
2025-10-07,1518.9000244140625,1577.5,1516.0,1556.0,160533,SJS.NS
2025-10-08,1497.4000244140625,1528.699951171875,1493.9000244140625,1519.0,103092,SJS.NS
2025-10-09,1502.0,1509.0999755859375,1491.300048828125,1509.0999755859375,45940,SJS.NS
2025-10-10,1506.5999755859375,1542.0,1499.0999755859375,1509.0,101478,SJS.NS
2025-10-13,1529.5,1538.300048828125,1494.0999755859375,1506.5999755859375,51854,SJS.NS
2025-10-14,1530.0,1544.0,1516.699951171875,1531.0,120847,SJS.NS
2025-10-15,1532.300048828125,1563.699951171875,1525.0,1531.5,105857,SJS.NS
2025-10-16,1503.9000244140625,1571.5,1497.0,1544.0,73061,SJS.NS
2025-10-17,1467.0999755859375,1514.199951171875,1455.5,1504.0,103538,SJS.NS
2025-10-20,1530.0,1553.9000244140625,1447.0999755859375,1467.0999755859375,213640,SJS.NS
2025-10-21,1547.9000244140625,1564.0,1534.5999755859375,1537.4000244140625,28862,SJS.NS
2025-10-23,1509.4000244140625,1575.0,1502.0,1570.0,130378,SJS.NS
2025-10-24,1508.0999755859375,1552.199951171875,1500.0,1521.5,70303,SJS.NS
2025-10-27,1493.199951171875,1520.199951171875,1474.300048828125,1520.199951171875,66489,SJS.NS
2025-10-28,1525.0,1534.4000244140625,1488.199951171875,1499.9000244140625,134346,SJS.NS
2025-10-29,1568.800048828125,1588.800048828125,1512.4000244140625,1532.300048828125,292865,SJS.NS
2025-10-30,1581.300048828125,1628.0,1557.800048828125,1570.0,306148,SJS.NS
2025-10-31,1614.5,1625.0,1572.0,1598.800048828125,214192,SJS.NS
2025-11-03,1632.199951171875,1644.699951171875,1574.300048828125,1614.5,305002,SJS.NS
2025-11-04,1730.5999755859375,1786.4000244140625,1675.0,1705.0,2749854,SJS.NS
2025-11-06,1709.199951171875,1739.9000244140625,1689.0,1739.9000244140625,211722,SJS.NS
2025-11-07,1690.800048828125,1733.0,1683.699951171875,1716.0999755859375,160578,SJS.NS
2025-11-10,1748.5,1783.5999755859375,1653.199951171875,1695.0,426807,SJS.NS
2025-11-11,1764.4000244140625,1774.5,1721.199951171875,1764.4000244140625,146493,SJS.NS
2025-11-12,1748.0,1789.4000244140625,1701.0,1770.5,120187,SJS.NS
2025-11-13,1763.0999755859375,1798.0,1748.0999755859375,1748.0999755859375,121733,SJS.NS
2025-11-14,1758.699951171875,1780.0,1755.0,1768.0,77477,SJS.NS
2025-11-17,1743.5999755859375,1794.699951171875,1733.0,1780.0,108502,SJS.NS
2025-11-18,1717.300048828125,1760.0,1709.5999755859375,1748.0,80956,SJS.NS
2025-11-19,1758.300048828125,1814.0,1718.5,1775.0,384920,SJS.NS
2025-11-20,1768.4000244140625,1790.0,1736.4000244140625,1776.0,131176,SJS.NS
2025-11-21,1697.5,1770.0,1683.0,1768.4000244140625,127422,SJS.NS
2025-11-24,1688.0,1711.0,1679.4000244140625,1699.0,72666,SJS.NS
2025-11-25,1699.4000244140625,1721.5,1674.0999755859375,1687.800048828125,104689,SJS.NS
2025-11-26,1691.5999755859375,1728.800048828125,1684.4000244140625,1695.0,105107,SJS.NS
2025-11-27,1669.199951171875,1711.800048828125,1661.199951171875,1708.0999755859375,85992,SJS.NS
2025-11-28,1695.0999755859375,1705.9000244140625,1673.0,1677.4000244140625,109595,SJS.NS
2025-12-01,1681.0999755859375,1716.5,1673.0,1712.0,67288,SJS.NS
2025-12-02,1667.300048828125,1699.0999755859375,1660.0999755859375,1689.4000244140625,96186,SJS.NS
2025-12-03,1702.4000244140625,1728.5,1667.0999755859375,1667.0999755859375,125842,SJS.NS
2025-12-04,1662.4000244140625,1702.300048828125,1644.5,1691.0,57778,SJS.NS
2025-12-05,1668.300048828125,1684.199951171875,1637.300048828125,1660.0999755859375,71965,SJS.NS
2025-12-08,1661.300048828125,1675.0,1625.699951171875,1675.0,112839,SJS.NS
2025-12-09,1702.0999755859375,1709.0,1629.800048828125,1653.0,155429,SJS.NS
2025-12-10,1676.5,1721.699951171875,1670.300048828125,1683.0,93982,SJS.NS
2025-12-11,1691.300048828125,1694.9000244140625,1660.300048828125,1670.0999755859375,36376,SJS.NS
2025-12-12,1667.300048828125,1704.0,1662.199951171875,1694.9000244140625,49764,SJS.NS
2025-12-15,1726.4000244140625,1738.9000244140625,1655.0,1662.0,110274,SJS.NS
2025-12-16,1657.5999755859375,1732.9000244140625,1654.0,1726.0,91476,SJS.NS
2025-12-17,1645.9000244140625,1670.9000244140625,1621.0999755859375,1659.5,66524,SJS.NS
2025-12-18,1673.5999755859375,1700.0999755859375,1624.300048828125,1650.0,81912,SJS.NS
2025-12-19,1711.800048828125,1749.0,1675.0,1675.0,128190,SJS.NS
2025-12-22,1723.0999755859375,1733.5999755859375,1703.0,1716.800048828125,43134,SJS.NS
2025-12-23,1779.5999755859375,1782.0,1725.9000244140625,1725.9000244140625,133611,SJS.NS
2025-12-24,1752.5,1800.0,1742.0999755859375,1799.0,109789,SJS.NS
2025-12-26,1749.0,1764.5999755859375,1732.300048828125,1752.5,52021,SJS.NS
2025-12-29,1734.4000244140625,1759.5,1717.0999755859375,1749.0,99775,SJS.NS
2025-12-30,1714.0,1740.0,1680.0,1729.0,62006,SJS.NS
2025-12-31,1699.5,1739.699951171875,1680.0,1717.9000244140625,91792,SJS.NS
2026-01-01,1779.800048828125,1790.0,1723.4000244140625,1760.0,201516,SJS.NS
2026-01-02,1840.199951171875,1869.0,1789.0999755859375,1800.0,510731,SJS.NS
2026-01-05,1829.300048828125,1865.800048828125,1812.0,1847.0,111484,SJS.NS
2026-01-06,1783.800048828125,1838.0,1771.5,1838.0,70060,SJS.NS
2026-01-07,1787.800048828125,1812.9000244140625,1771.300048828125,1773.0,64645,SJS.NS
2026-01-08,1756.5,1823.4000244140625,1743.0,1788.0999755859375,90845,SJS.NS
2026-01-09,1681.9000244140625,1756.0,1675.0,1746.0,171502,SJS.NS
2026-01-12,1666.699951171875,1682.4000244140625,1626.0,1670.0999755859375,169599,SJS.NS
2026-01-13,1719.5999755859375,1728.0,1669.5999755859375,1680.0,130319,SJS.NS
2026-01-14,1684.5999755859375,1728.0,1675.0,1728.0,94676,SJS.NS
2026-01-15,1684.5999755859375,1684.5999755859375,1684.5999755859375,1684.5999755859375,0,SJS.NS
2026-01-16,1671.0,1712.199951171875,1665.0,1697.0999755859375,49335,SJS.NS
2026-01-19,1662.699951171875,1684.300048828125,1650.0,1671.0,88335,SJS.NS
2026-01-20,1578.800048828125,1662.0,1555.5,1662.0,341773,SJS.NS
2026-01-21,1569.0999755859375,1594.699951171875,1524.800048828125,1575.0,194926,SJS.NS
2026-01-22,1614.800048828125,1626.800048828125,1578.0,1602.699951171875,85845,SJS.NS
2026-01-23,1571.4000244140625,1634.0,1560.0,1634.0,102619,SJS.NS
2026-01-27,1618.699951171875,1627.199951171875,1527.800048828125,1578.5,110616,SJS.NS
2026-01-28,1662.5999755859375,1779.0,1630.300048828125,1779.0,209924,SJS.NS
2026-01-29,1622.5999755859375,1712.300048828125,1568.0,1700.0,438433,SJS.NS
2026-01-30,1668.300048828125,1680.0,1590.0,1620.0,118310,SJS.NS
2026-02-02,1639.699951171875,1665.0,1625.5999755859375,1655.0,201047,SJS.NS
2026-02-03,1751.199951171875,1768.0,1672.5,1700.0,224240,SJS.NS
2026-02-04,1769.5,1775.0,1733.0,1751.0999755859375,127048,SJS.NS
2026-02-05,1786.800048828125,1796.0999755859375,1721.0,1780.0,100584,SJS.NS
2026-02-06,1757.4000244140625,1786.0,1734.5999755859375,1786.0,48203,SJS.NS
2026-02-09,1822.9000244140625,1832.0,1741.5,1767.0999755859375,172335,SJS.NS
2026-02-10,1790.4000244140625,1834.0,1763.5,1834.0,89731,SJS.NS
2026-02-11,1850.699951171875,1865.9000244140625,1790.4000244140625,1807.699951171875,234531,SJS.NS
2026-02-12,1903.5,1919.0,1765.0999755859375,1850.699951171875,230873,SJS.NS
2026-02-13,1803.5999755859373,1903.5,1790.5999755859375,1865.0,112915,SJS.NS
2026-02-16,1825.0999755859373,1863.800048828125,1790.5999755859375,1812.5,91106,SJS.NS
2026-02-17,1859.9000244140625,1875.0,1802.800048828125,1822.0,88512,SJS.NS
2026-02-18,1857.800048828125,1869.699951171875,1834.0,1861.4000244140625,44793,SJS.NS
2026-02-19,1841.0999755859373,1930.0,1832.4000244140625,1885.699951171875,143863,SJS.NS
2026-02-20,1836.4000244140625,1862.9000244140625,1806.0,1842.4000244140625,67640,SJS.NS
2026-02-23,1827.0,1901.4000244140625,1815.0,1901.4000244140625,143630,SJS.NS
2026-02-24,1846.0,1854.300048828125,1805.300048828125,1834.9000244140625,61840,SJS.NS
2026-02-25,1845.5999755859373,1858.5,1825.0999755859373,1846.0,55146,SJS.NS
2026-02-26,1819.5999755859373,1856.0,1806.699951171875,1850.0,59772,SJS.NS
2026-02-27,1759.699951171875,1818.699951171875,1751.5999755859375,1805.800048828125,115971,SJS.NS
2026-03-02,1720.9000244140625,1766.800048828125,1653.0,1656.0999755859375,127060,SJS.NS
2026-03-04,1664.5999755859375,1686.5,1656.9000244140625,1682.0,103864,SJS.NS
2026-03-05,1672.699951171875,1689.5999755859375,1650.0,1689.5999755859375,81025,SJS.NS
2026-03-06,1632.5999755859375,1689.9000244140625,1611.699951171875,1684.0,95015,SJS.NS
2026-03-09,1599.5,1609.9000244140625,1550.0,1596.9000244140625,153846,SJS.NS
2026-03-10,1698.699951171875,1706.0999755859375,1615.0,1625.0,106339,SJS.NS
2026-03-11,1621.5999755859375,1697.4000244140625,1601.0,1682.0,124401,SJS.NS
2026-03-12,1606.5,1621.5999755859375,1561.0999755859375,1620.0,140954,SJS.NS
2026-03-13,1552.199951171875,1600.800048828125,1539.9000244140625,1600.0,178717,SJS.NS
2026-03-16,1580.199951171875,1593.5,1525.199951171875,1563.9000244140625,98451,SJS.NS
2026-03-17,1619.5999755859375,1626.5,1566.300048828125,1602.0,91324,SJS.NS
2026-03-18,1657.5,1674.9000244140625,1619.800048828125,1635.800048828125,72737,SJS.NS
2026-03-19,1596.4000244140625,1635.0,1583.4000244140625,1630.0,68546,SJS.NS
2026-03-20,1583.800048828125,1625.9000244140625,1560.0,1609.9000244140625,71339,SJS.NS
2026-03-23,1518.5999755859375,1561.699951171875,1503.0,1560.0,103596,SJS.NS
2026-03-24,1588.0,1599.0,1527.199951171875,1565.0,76546,SJS.NS
2026-03-25,1653.800048828125,1666.0,1588.0,1588.0,126724,SJS.NS
2026-03-27,1616.0999755859375,1645.5999755859375,1593.0,1629.4000244140625,85309,SJS.NS
2026-03-30,1550.9000244140625,1608.0999755859375,1525.300048828125,1578.0,218563,SJS.NS
2026-04-01,1587.0,1623.0,1570.9000244140625,1622.0,83101,SJS.NS
2026-04-02,1603.9000244140625,1610.5999755859375,1544.5,1572.800048828125,64354,SJS.NS
2026-04-06,1596.800048828125,1610.699951171875,1563.199951171875,1590.0,60196,SJS.NS
2026-04-07,1609.4000244140625,1645.0,1573.5999755859375,1596.9000244140625,79954,SJS.NS
2026-04-08,1723.5,1735.9000244140625,1645.0,1655.0,243849,SJS.NS
2026-04-09,1734.699951171875,1773.0999755859375,1705.0,1713.5,100215,SJS.NS
2026-04-10,1793.4000244140625,1813.4000244140625,1735.0,1750.0,160129,SJS.NS
2026-04-13,1747.0,1774.9000244140625,1730.0,1745.0,69614,SJS.NS
2026-04-15,1747.0999755859375,1794.9000244140625,1742.0,1794.9000244140625,73150,SJS.NS
2026-04-16,1695.5999755859375,1770.0,1690.9000244140625,1770.0,131186,SJS.NS
2026-04-17,1703.800048828125,1723.800048828125,1670.300048828125,1709.199951171875,147660,SJS.NS
