Price,Close,High,Low,Open,Volume
Ticker,ITI.NS,ITI.NS,ITI.NS,ITI.NS,ITI.NS
Date,,,,,
2016-04-18,25.25,25.899999618530273,25.200000762939453,25.299999237060547,146269
2016-04-20,25.350000381469727,25.799999237060547,25.149999618530273,25.600000381469727,189385
2016-04-21,25.399999618530273,26.149999618530273,25.049999237060547,25.700000762939453,260773
2016-04-22,25.299999237060547,25.649999618530273,25.200000762939453,25.450000762939453,84859
2016-04-25,25.75,26.0,25.149999618530273,25.700000762939453,335732
2016-04-26,25.850000381469727,26.100000381469727,25.299999237060547,25.75,207175
2016-04-27,27.200000762939453,27.850000381469727,26.0,26.299999237060547,1569624
2016-04-28,25.950000762939453,26.899999618530273,25.700000762939453,26.75,153726
2016-04-29,25.5,26.200000762939453,25.200000762939453,25.799999237060547,112458
2016-05-02,25.5,25.899999618530273,25.25,25.450000762939453,383998
2016-05-03,25.200000762939453,25.899999618530273,25.049999237060547,25.700000762939453,112790
2016-05-04,24.549999237060547,25.25,24.450000762939453,25.0,101584
2016-05-05,24.649999618530273,24.850000381469727,24.299999237060547,24.700000762939453,72953
2016-05-06,26.799999237060547,27.5,24.149999618530273,24.350000381469727,786676
2016-05-09,25.649999618530273,27.200000762939453,25.299999237060547,27.200000762939453,365429
2016-05-10,25.850000381469727,26.350000381469727,25.5,25.5,142614
2016-05-11,25.25,25.799999237060547,25.049999237060547,25.100000381469727,145214
2016-05-12,25.350000381469727,26.0,25.25,25.299999237060547,153220
2016-05-13,25.350000381469727,25.700000762939453,25.049999237060547,25.399999618530273,116903
2016-05-16,25.049999237060547,25.5,24.75,25.299999237060547,81490
2016-05-17,25.25,25.700000762939453,24.899999618530273,25.25,121722
2016-05-18,25.049999237060547,25.350000381469727,24.850000381469727,25.0,65503
2016-05-19,24.75,25.25,24.549999237060547,24.950000762939453,97505
2016-05-20,24.299999237060547,24.799999237060547,24.149999618530273,24.799999237060547,131502
2016-05-23,26.049999237060547,26.450000762939453,24.100000381469727,24.75,517540
2016-05-24,26.600000381469727,27.299999237060547,25.799999237060547,26.950000762939453,744258
2016-05-25,25.700000762939453,26.850000381469727,25.5,26.5,145274
2016-05-26,25.350000381469727,25.799999237060547,25.0,25.450000762939453,164122
2016-05-27,25.450000762939453,25.75,25.200000762939453,25.5,78561
2016-05-30,26.049999237060547,26.75,25.5,25.5,270163
2016-05-31,25.450000762939453,26.399999618530273,25.299999237060547,26.200000762939453,143507
2016-06-01,30.5,30.5,25.700000762939453,26.399999618530273,3735965
2016-06-02,28.25,31.399999618530273,27.850000381469727,30.950000762939453,2077235
2016-06-03,27.600000381469727,28.799999237060547,27.100000381469727,28.799999237060547,485054
2016-06-06,27.700000762939453,28.25,26.899999618530273,27.600000381469727,265953
2016-06-07,27.350000381469727,28.25,27.200000762939453,27.850000381469727,281500
2016-06-08,27.200000762939453,28.0,27.049999237060547,27.5,223583
2016-06-09,28.899999618530273,30.25,27.200000762939453,27.399999618530273,1772946
2016-06-10,28.399999618530273,29.850000381469727,28.100000381469727,28.549999237060547,504755
2016-06-13,27.899999618530273,28.899999618530273,27.5,28.0,297295
2016-06-14,29.100000381469727,29.600000381469727,28.700000762939453,28.899999618530273,854316
2016-06-15,28.950000762939453,29.850000381469727,28.600000381469727,28.899999618530273,383822
2016-06-16,28.350000381469727,28.950000762939453,28.0,28.649999618530273,218783
2016-06-17,27.950000762939453,28.649999618530273,27.700000762939453,28.600000381469727,171972
2016-06-20,27.450000762939453,27.899999618530273,26.950000762939453,27.899999618530273,220003
2016-06-21,27.450000762939453,28.350000381469727,27.350000381469727,27.399999618530273,117421
2016-06-22,27.299999237060547,28.299999237060547,27.25,27.700000762939453,173573
2016-06-23,27.75,28.450000762939453,27.450000762939453,28.0,556161
2016-06-24,26.75,27.049999237060547,26.100000381469727,27.0,249969
2016-06-27,27.149999618530273,27.5,26.799999237060547,26.799999237060547,87608
2016-06-28,27.549999237060547,28.350000381469727,27.049999237060547,27.049999237060547,427608
2016-06-29,28.450000762939453,28.600000381469727,27.600000381469727,27.75,434511
2016-06-30,29.0,30.25,28.649999618530273,29.700000762939453,1154073
2016-07-01,28.850000381469727,29.399999618530273,28.5,29.200000762939453,211091
2016-07-04,28.899999618530273,29.25,28.75,29.25,146241
2016-07-05,28.899999618530273,29.799999237060547,28.75,29.0,483925
2016-07-07,29.0,29.649999618530273,28.700000762939453,29.100000381469727,320482
2016-07-08,28.600000381469727,29.25,28.450000762939453,29.25,127859
2016-07-11,28.549999237060547,29.049999237060547,28.5,28.700000762939453,144832
2016-07-12,28.850000381469727,29.399999618530273,28.600000381469727,29.200000762939453,299194
2016-07-13,34.150001525878906,34.599998474121094,28.649999618530273,28.850000381469727,11468252
2016-07-14,32.849998474121094,34.599998474121094,32.29999923706055,33.95000076293945,2457092
2016-07-15,31.700000762939453,33.29999923706055,31.399999618530273,32.79999923706055,684382
2016-07-18,30.700000762939453,32.25,30.5,31.75,431247
2016-07-19,29.649999618530273,30.899999618530273,29.299999237060547,30.799999237060547,418765
2016-07-20,29.799999237060547,30.600000381469727,29.100000381469727,29.5,701347
2016-07-21,29.649999618530273,30.299999237060547,29.5,29.799999237060547,340314
2016-07-22,29.549999237060547,29.950000762939453,29.450000762939453,29.799999237060547,219806
2016-07-25,29.600000381469727,29.899999618530273,29.100000381469727,29.75,368587
2016-07-26,28.950000762939453,29.850000381469727,28.75,29.700000762939453,248842
2016-07-27,28.75,29.350000381469727,28.649999618530273,29.200000762939453,173689
2016-07-28,28.799999237060547,29.25,28.600000381469727,29.149999618530273,193602
2016-07-29,28.0,29.049999237060547,27.600000381469727,28.899999618530273,230115
2016-08-01,27.799999237060547,28.450000762939453,27.700000762939453,28.200000762939453,143997
2016-08-02,27.649999618530273,28.399999618530273,27.5,27.799999237060547,99678
2016-08-03,27.149999618530273,27.799999237060547,27.049999237060547,27.700000762939453,99960
2016-08-04,27.75,28.200000762939453,27.299999237060547,27.75,268450
2016-08-05,27.700000762939453,28.299999237060547,27.549999237060547,27.850000381469727,160072
2016-08-08,28.799999237060547,29.5,27.600000381469727,27.950000762939453,277392
2016-08-09,29.799999237060547,30.350000381469727,29.149999618530273,29.5,1160601
2016-08-10,29.950000762939453,30.600000381469727,29.049999237060547,29.799999237060547,372793
2016-08-11,29.149999618530273,30.450000762939453,28.799999237060547,29.899999618530273,338901
2016-08-12,27.549999237060547,28.649999618530273,27.299999237060547,28.549999237060547,432730
2016-08-16,28.5,28.899999618530273,27.799999237060547,27.850000381469727,456428
2016-08-17,31.049999237060547,32.79999923706055,30.399999618530273,30.399999618530273,2717305
2016-08-18,30.299999237060547,31.450000762939453,29.700000762939453,31.200000762939453,291901
2016-08-19,30.200000762939453,31.200000762939453,29.5,30.299999237060547,723085
2016-08-22,30.200000762939453,30.899999618530273,29.549999237060547,30.149999618530273,311491
2016-08-23,29.600000381469727,30.399999618530273,29.149999618530273,30.200000762939453,276499
2016-08-24,30.149999618530273,30.450000762939453,29.899999618530273,30.200000762939453,412154
2016-08-25,29.5,30.399999618530273,29.399999618530273,30.25,218855
2016-08-26,29.25,29.950000762939453,29.149999618530273,29.399999618530273,144597
2016-08-29,28.899999618530273,29.299999237060547,28.600000381469727,29.25,140524
2016-08-30,29.450000762939453,29.75,29.200000762939453,29.399999618530273,334437
2016-08-31,29.350000381469727,29.950000762939453,29.200000762939453,29.5,255256
2016-09-01,29.049999237060547,29.75,28.899999618530273,29.25,167738
2016-09-02,29.600000381469727,30.799999237060547,29.299999237060547,30.049999237060547,573836
2016-09-06,29.399999618530273,29.799999237060547,29.25,29.799999237060547,110924
2016-09-07,29.600000381469727,30.200000762939453,29.100000381469727,29.549999237060547,253866
2016-09-08,29.799999237060547,30.5,29.600000381469727,29.700000762939453,297351
2016-09-09,29.600000381469727,30.200000762939453,29.5,29.899999618530273,178206
2016-09-12,28.700000762939453,29.25,28.549999237060547,29.049999237060547,113829
2016-09-14,28.899999618530273,29.25,28.700000762939453,28.700000762939453,86290
2016-09-15,28.799999237060547,29.149999618530273,28.700000762939453,29.100000381469727,88078
2016-09-16,28.600000381469727,29.299999237060547,28.5,29.0,156394
2016-09-19,28.549999237060547,28.75,28.5,28.600000381469727,96319
2016-09-20,28.350000381469727,28.799999237060547,28.200000762939453,28.5,96447
2016-09-21,28.5,29.299999237060547,28.299999237060547,28.299999237060547,241621
2016-09-22,28.799999237060547,28.950000762939453,28.399999618530273,28.75,212457
2016-09-23,28.5,28.950000762939453,28.450000762939453,28.799999237060547,95803
2016-09-26,28.200000762939453,28.850000381469727,26.850000381469727,28.5,424430
2016-09-27,29.299999237060547,30.25,29.049999237060547,30.149999618530273,771620
2016-09-28,28.950000762939453,29.899999618530273,28.799999237060547,29.899999618530273,247754
2016-09-29,26.5,29.200000762939453,26.200000762939453,29.200000762939453,292977
2016-09-30,27.149999618530273,27.299999237060547,26.25,26.5,165790
2016-10-03,27.450000762939453,27.700000762939453,27.25,27.549999237060547,222484
2016-10-04,27.600000381469727,28.100000381469727,27.399999618530273,27.600000381469727,115337
2016-10-05,27.75,28.25,27.5,27.649999618530273,148427
2016-10-06,26.899999618530273,27.850000381469727,26.649999618530273,27.850000381469727,363212
2016-10-07,27.100000381469727,27.399999618530273,26.799999237060547,27.100000381469727,64736
2016-10-10,26.899999618530273,27.299999237060547,26.799999237060547,27.200000762939453,59352
2016-10-13,26.600000381469727,27.0,26.549999237060547,26.649999618530273,157331
2016-10-14,27.700000762939453,27.950000762939453,26.600000381469727,26.600000381469727,343837
2016-10-17,27.0,27.75,26.899999618530273,27.75,186038
2016-10-18,28.299999237060547,28.450000762939453,27.200000762939453,27.600000381469727,692817
2016-10-19,29.700000762939453,30.700000762939453,28.049999237060547,28.049999237060547,863913
2016-10-20,29.350000381469727,30.75,29.0,29.899999618530273,558025
2016-10-21,30.100000381469727,30.399999618530273,28.75,29.399999618530273,622289
2016-10-24,30.700000762939453,31.399999618530273,30.5,30.799999237060547,954033
2016-10-25,30.200000762939453,30.899999618530273,30.100000381469727,30.5,419347
2016-10-26,29.600000381469727,30.399999618530273,29.549999237060547,30.399999618530273,215782
2016-10-27,31.0,32.099998474121094,29.549999237060547,29.850000381469727,1098511
2016-10-28,30.200000762939453,31.25,30.049999237060547,31.0,197705
2016-11-01,33.70000076293945,35.900001525878906,32.099998474121094,32.45000076293945,3202275
2016-11-02,33.150001525878906,34.20000076293945,32.099998474121094,33.0,1089823
2016-11-03,32.150001525878906,34.29999923706055,31.799999237060547,33.45000076293945,471204
2016-11-04,30.649999618530273,32.79999923706055,30.25,32.79999923706055,308010
2016-11-07,31.350000381469727,31.5,30.799999237060547,31.25,179191
2016-11-08,31.200000762939453,32.400001525878906,31.100000381469727,31.75,229572
2016-11-09,30.049999237060547,30.5,27.0,27.0,375454
2016-11-10,34.099998474121094,35.5,30.700000762939453,31.399999618530273,3509498
2016-11-11,32.70000076293945,34.29999923706055,32.25,33.400001525878906,650280
2016-11-15,30.049999237060547,32.400001525878906,29.700000762939453,32.400001525878906,405911
2016-11-16,29.899999618530273,31.100000381469727,29.600000381469727,30.649999618530273,195868
2016-11-17,29.200000762939453,30.100000381469727,28.450000762939453,30.0,225602
2016-11-18,29.100000381469727,29.5,28.649999618530273,29.5,120487
2016-11-21,29.100000381469727,29.850000381469727,29.0,29.700000762939453,159388
2016-11-22,28.950000762939453,29.5,28.700000762939453,29.25,61393
2016-11-23,29.200000762939453,29.700000762939453,28.950000762939453,29.350000381469727,61464
2016-11-24,29.600000381469727,31.049999237060547,29.25,29.399999618530273,417164
2016-11-25,30.399999618530273,30.899999618530273,29.5,29.799999237060547,179141
2016-11-28,31.5,31.850000381469727,30.0,31.0,295070
2016-11-29,33.5,34.599998474121094,32.79999923706055,33.75,956763
2016-11-30,34.04999923706055,34.650001525878906,33.099998474121094,33.79999923706055,408947
2016-12-01,36.599998474121094,37.599998474121094,32.849998474121094,34.099998474121094,2011934
2016-12-02,36.099998474121094,37.95000076293945,35.70000076293945,36.099998474121094,1093997
2016-12-05,37.150001525878906,38.5,36.25,36.650001525878906,553456
2016-12-06,36.79999923706055,38.349998474121094,36.29999923706055,37.900001525878906,387708
2016-12-07,39.25,40.849998474121094,37.0,37.099998474121094,2277924
2016-12-08,41.5,42.25,39.04999923706055,39.599998474121094,2238666
2016-12-09,49.0,49.79999923706055,41.75,41.75,8107993
2016-12-12,52.79999923706055,53.70000076293945,48.0,49.0,4113858
2016-12-13,49.54999923706055,54.349998474121094,48.900001525878906,53.0,2311272
2016-12-14,45.849998474121094,49.150001525878906,45.599998474121094,48.650001525878906,1304698
2016-12-15,46.099998474121094,48.099998474121094,44.599998474121094,44.900001525878906,1050523
2016-12-16,44.75,46.95000076293945,43.95000076293945,46.95000076293945,943977
2016-12-19,45.45000076293945,46.79999923706055,44.349998474121094,44.70000076293945,655238
2016-12-20,44.29999923706055,46.75,43.599998474121094,45.900001525878906,750674
2016-12-21,43.849998474121094,45.25,43.29999923706055,44.599998474121094,610589
2016-12-22,42.099998474121094,44.5,41.650001525878906,43.95000076293945,613746
2016-12-23,43.0,44.400001525878906,41.099998474121094,42.0,981530
2016-12-26,43.45000076293945,45.79999923706055,42.54999923706055,42.70000076293945,1199889
2016-12-27,44.5,45.150001525878906,43.599998474121094,44.20000076293945,954654
2016-12-28,43.70000076293945,45.20000076293945,43.400001525878906,44.70000076293945,562510
2016-12-29,45.599998474121094,45.849998474121094,44.400001525878906,45.0,1080758
2016-12-30,44.95000076293945,45.95000076293945,44.599998474121094,45.900001525878906,413305
2017-01-02,49.0,49.400001525878906,44.79999923706055,45.5,2022063
2017-01-03,49.04999923706055,50.29999923706055,47.5,49.04999923706055,1876292
2017-01-04,48.95000076293945,49.900001525878906,47.849998474121094,49.349998474121094,576525
2017-01-05,48.70000076293945,49.75,48.0,49.0,662658
2017-01-06,46.95000076293945,49.20000076293945,46.29999923706055,48.900001525878906,621824
2017-01-09,50.95000076293945,51.45000076293945,46.29999923706055,46.95000076293945,1944136
2017-01-10,51.20000076293945,52.5,49.29999923706055,50.650001525878906,1462426
2017-01-11,50.400001525878906,51.849998474121094,49.5,51.29999923706055,634105
2017-01-12,50.75,51.70000076293945,49.45000076293945,50.400001525878906,1105787
2017-01-13,50.04999923706055,51.650001525878906,49.54999923706055,50.650001525878906,554879
2017-01-16,49.5,50.45000076293945,49.29999923706055,49.599998474121094,346571
2017-01-17,51.29999923706055,54.45000076293945,49.25,49.75,1701351
2017-01-18,51.0,51.900001525878906,50.400001525878906,51.650001525878906,383220
2017-01-19,50.349998474121094,51.349998474121094,50.150001525878906,51.0,306391
2017-01-20,47.45000076293945,50.70000076293945,46.400001525878906,50.70000076293945,445217
2017-01-23,48.29999923706055,49.25,47.150001525878906,47.20000076293945,355692
2017-01-24,51.25,51.5,48.900001525878906,49.79999923706055,967652
2017-01-25,51.70000076293945,52.849998474121094,51.5,52.0,1189118
2017-01-27,50.650001525878906,51.849998474121094,50.25,51.70000076293945,621731
2017-01-30,51.599998474121094,52.849998474121094,49.599998474121094,50.5,974957
2017-01-31,50.75,52.70000076293945,50.349998474121094,52.45000076293945,870448
2017-02-01,48.849998474121094,51.70000076293945,48.400001525878906,51.20000076293945,969295
2017-02-02,48.400001525878906,49.5,48.25,49.20000076293945,430798
2017-02-03,49.150001525878906,50.349998474121094,48.0,48.0,1094345
2017-02-06,48.54999923706055,49.79999923706055,48.20000076293945,49.54999923706055,307444
2017-02-07,48.70000076293945,50.0,48.5,48.849998474121094,528726
2017-02-08,48.75,49.29999923706055,48.400001525878906,49.04999923706055,263613
2017-02-09,49.650001525878906,50.900001525878906,49.5,49.650001525878906,816399
2017-02-10,46.150001525878906,48.70000076293945,45.599998474121094,48.5,943574
2017-02-13,43.95000076293945,46.70000076293945,43.75,46.70000076293945,328778
2017-02-14,44.650001525878906,45.349998474121094,43.29999923706055,43.95000076293945,460784
2017-02-15,43.400001525878906,44.95000076293945,43.25,44.95000076293945,248117
2017-02-16,43.599998474121094,44.04999923706055,43.099998474121094,43.70000076293945,224362
2017-02-17,43.29999923706055,44.099998474121094,43.0,44.0,221425
2017-02-20,41.75,43.45000076293945,41.20000076293945,43.29999923706055,479037
2017-02-21,43.599998474121094,43.95000076293945,41.849998474121094,42.75,788324
2017-02-22,42.400001525878906,44.29999923706055,42.20000076293945,44.29999923706055,259527
2017-02-23,41.54999923706055,42.849998474121094,41.349998474121094,42.79999923706055,316039
2017-02-27,43.900001525878906,45.0,40.349998474121094,41.54999923706055,1190033
2017-02-28,43.45000076293945,43.900001525878906,43.25,43.900001525878906,172282
2017-03-01,44.29999923706055,44.5,43.25,43.45000076293945,289583
2017-03-02,43.04999923706055,44.349998474121094,42.79999923706055,44.29999923706055,170302
2017-03-03,48.349998474121094,50.20000076293945,42.29999923706055,42.95000076293945,2036539
2017-03-06,46.900001525878906,48.400001525878906,46.599998474121094,47.599998474121094,445964
2017-03-07,46.349998474121094,47.45000076293945,46.150001525878906,47.25,185232
2017-03-08,50.650001525878906,51.849998474121094,46.599998474121094,47.599998474121094,2567338
2017-03-09,50.04999923706055,51.70000076293945,49.0,49.29999923706055,1647612
2017-03-10,49.25,50.70000076293945,49.0,50.25,566485
2017-03-14,51.25,54.150001525878906,48.5,50.45000076293945,1810660
2017-03-15,51.400001525878906,52.349998474121094,51.0,51.54999923706055,671888
2017-03-16,52.099998474121094,52.900001525878906,51.29999923706055,51.5,760522
2017-03-17,52.54999923706055,53.79999923706055,51.79999923706055,53.0,1065714
2017-03-20,56.79999923706055,57.70000076293945,52.599998474121094,52.900001525878906,2843137
2017-03-21,56.04999923706055,57.79999923706055,55.25,57.099998474121094,913998
2017-03-22,57.25,59.70000076293945,53.400001525878906,55.0,2340883
2017-03-23,68.69999694824219,68.69999694824219,57.5,57.5,6588085
2017-03-24,65.5999984741211,75.4000015258789,64.69999694824219,70.80000305175781,8069710
2017-03-27,67.94999694824219,69.9000015258789,64.05000305175781,65.4000015258789,3677156
2017-03-28,69.8499984741211,71.4000015258789,68.0,68.44999694824219,1768740
2017-03-29,69.69999694824219,70.80000305175781,69.0999984741211,70.25,963675
2017-03-30,72.19999694824219,73.4000015258789,71.5,71.9000015258789,1930357
2017-03-31,71.25,72.55000305175781,70.05000305175781,72.3499984741211,873343
2017-04-03,70.6500015258789,72.5,70.3499984741211,71.9000015258789,501333
2017-04-05,69.55000305175781,71.0,69.0,70.94999694824219,802861
2017-04-06,70.94999694824219,73.30000305175781,68.69999694824219,69.5,840774
2017-04-07,70.25,72.5999984741211,69.55000305175781,70.5,890777
2017-04-10,71.1500015258789,72.19999694824219,70.0999984741211,70.94999694824219,836653
2017-04-11,70.75,71.6500015258789,70.4000015258789,71.4000015258789,383810
2017-04-12,75.0999984741211,78.19999694824219,69.4000015258789,71.05000305175781,4021914
2017-04-13,81.1500015258789,82.0999984741211,73.8499984741211,75.0,8292533
2017-04-17,80.80000305175781,85.5,80.4000015258789,84.80000305175781,3485990
2017-04-18,74.75,81.44999694824219,74.0999984741211,81.30000305175781,1251597
2017-04-19,76.3499984741211,77.5,72.4000015258789,74.19999694824219,1307714
2017-04-20,77.80000305175781,82.0999984741211,76.19999694824219,76.3499984741211,2219482
2017-04-21,88.19999694824219,90.5999984741211,78.30000305175781,79.4000015258789,7463574
2017-04-24,104.25,105.80000305175781,96.0,100.0,12848646
2017-04-25,101.1500015258789,105.25,99.19999694824219,104.80000305175781,3655710
2017-04-26,109.3499984741211,114.25,99.5,101.5,8724964
2017-04-27,110.5,112.94999694824219,105.25,108.69999694824219,3577067
2017-04-28,115.1500015258789,118.0,113.19999694824219,113.30000305175781,3982565
2017-05-02,111.1500015258789,116.44999694824219,108.80000305175781,115.6500015258789,1773918
2017-05-03,105.80000305175781,111.80000305175781,104.6500015258789,111.75,1708519
2017-05-04,104.94999694824219,106.4000015258789,100.0,106.4000015258789,2747450
2017-05-05,107.4000015258789,109.3499984741211,102.69999694824219,104.5,2434240
2017-05-08,106.5999984741211,108.30000305175781,104.4000015258789,107.5999984741211,723698
2017-05-09,108.0999984741211,110.80000305175781,105.4000015258789,106.30000305175781,1287604
2017-05-10,106.3499984741211,109.25,103.05000305175781,108.6500015258789,636160
2017-05-11,106.5999984741211,109.4000015258789,106.0,106.75,933057
2017-05-12,102.8499984741211,107.9000015258789,102.30000305175781,106.5999984741211,923280
2017-05-15,102.25,105.4000015258789,101.94999694824219,103.80000305175781,733277
2017-05-16,98.80000305175781,103.3499984741211,98.0999984741211,102.30000305175781,697763
2017-05-17,94.0999984741211,98.9000015258789,93.3499984741211,98.9000015258789,795448
2017-05-18,86.75,93.9000015258789,84.69999694824219,92.19999694824219,1151804
2017-05-19,87.9000015258789,91.80000305175781,85.0999984741211,85.19999694824219,2048193
2017-05-22,84.4000015258789,90.9000015258789,83.94999694824219,88.6500015258789,568160
2017-05-23,77.05000305175781,84.8499984741211,76.0,84.8499984741211,1047773
2017-05-24,73.19999694824219,77.0,73.19999694824219,77.0,975969
2017-05-25,72.44999694824219,74.1500015258789,69.55000305175781,71.19999694824219,1739773
2017-05-26,76.05000305175781,76.05000305175781,72.1500015258789,73.0,723195
2017-05-29,77.6500015258789,79.8499984741211,75.1500015258789,78.94999694824219,2096935
2017-05-30,75.3499984741211,77.0,74.19999694824219,77.0,701863
2017-05-31,74.44999694824219,76.44999694824219,74.0999984741211,75.0,528558
2017-06-01,78.1500015258789,78.1500015258789,73.3499984741211,73.5,1321633
2017-06-02,80.6500015258789,81.80000305175781,78.55000305175781,78.9000015258789,929708
2017-06-05,84.6500015258789,84.6500015258789,80.69999694824219,81.25,1064257
2017-06-06,84.6500015258789,87.75,83.25,86.19999694824219,964046
2017-06-07,96.69999694824219,97.8499984741211,88.0999984741211,89.0,5224400
2017-06-08,99.94999694824219,102.4000015258789,94.4000015258789,95.44999694824219,4261419
2017-06-09,106.6500015258789,109.75,98.55000305175781,99.80000305175781,6599811
2017-06-12,106.19999694824219,110.5,103.69999694824219,104.9000015258789,3155063
2017-06-13,107.3499984741211,109.80000305175781,106.4000015258789,107.30000305175781,2061124
2017-06-14,103.05000305175781,108.0,102.6500015258789,107.5,1324446
2017-06-15,105.5,106.6500015258789,104.0,104.6500015258789,1453482
2017-06-16,101.3499984741211,106.4000015258789,100.25,105.80000305175781,963829
2017-06-19,94.25,102.3499984741211,92.5,101.0,1431025
2017-06-20,92.80000305175781,94.94999694824219,92.0999984741211,94.3499984741211,758459
2017-06-21,96.5999984741211,97.55000305175781,92.05000305175781,92.9000015258789,1210603
2017-06-22,93.19999694824219,97.4000015258789,92.5,97.19999694824219,511151
2017-06-23,90.19999694824219,93.5999984741211,89.80000305175781,93.0999984741211,557661
2017-06-27,86.4000015258789,91.5,85.6500015258789,91.05000305175781,575318
2017-06-28,88.05000305175781,91.1500015258789,84.55000305175781,86.3499984741211,918181
2017-06-29,88.9000015258789,91.4000015258789,88.4000015258789,88.5,609784
2017-06-30,90.25,92.80000305175781,88.4000015258789,88.4000015258789,1224166
2017-07-03,91.1500015258789,93.4000015258789,89.5,90.5,842015
2017-07-04,90.0999984741211,92.69999694824219,89.75,91.69999694824219,453963
2017-07-05,99.0999984741211,101.30000305175781,90.25,90.75,3012883
2017-07-06,100.55000305175781,103.75,97.94999694824219,98.25,2306054
2017-07-07,99.25,102.5,98.19999694824219,100.1500015258789,1258019
2017-07-10,101.05000305175781,101.9000015258789,100.5999984741211,101.0,212009
2017-07-11,97.69999694824219,102.80000305175781,96.6500015258789,102.05000305175781,925494
2017-07-12,99.9000015258789,101.19999694824219,96.5999984741211,98.3499984741211,1057332
2017-07-13,97.6500015258789,100.75,97.25,100.5,575234
2017-07-14,94.5,99.19999694824219,93.5,98.4000015258789,771214
2017-07-17,93.19999694824219,95.30000305175781,92.30000305175781,95.30000305175781,327810
2017-07-18,99.30000305175781,101.6500015258789,92.30000305175781,93.1500015258789,2063562
2017-07-19,98.4000015258789,101.0,97.25,98.80000305175781,1096986
2017-07-20,103.75,106.44999694824219,100.0,100.0,3742495
2017-07-21,102.55000305175781,105.30000305175781,100.55000305175781,104.55000305175781,1465685
2017-07-24,100.75,103.55000305175781,100.25,102.5999984741211,751053
2017-07-25,103.44999694824219,105.3499984741211,97.75,101.19999694824219,1913623
2017-07-26,101.3499984741211,103.75,101.0,103.5,709275
2017-07-27,99.1500015258789,103.25,98.8499984741211,101.94999694824219,828724
2017-07-28,98.44999694824219,101.80000305175781,97.75,99.0,823237
2017-07-31,98.75,100.9000015258789,98.30000305175781,99.19999694824219,587724
2017-08-01,97.0999984741211,100.25,96.6500015258789,99.4000015258789,678577
2017-08-02,96.1500015258789,98.94999694824219,95.5999984741211,97.75,716021
2017-08-03,93.6500015258789,96.25,93.25,96.0,500088
2017-08-04,94.6500015258789,97.19999694824219,91.80000305175781,91.80000305175781,818940
2017-08-07,95.69999694824219,97.55000305175781,94.9000015258789,95.0,481204
2017-08-08,93.9000015258789,96.0,93.5,95.69999694824219,586759
2017-08-09,90.1500015258789,93.4000015258789,89.25,93.0,732808
2017-08-10,77.05000305175781,89.69999694824219,72.19999694824219,89.5,1039213
2017-08-11,80.19999694824219,83.5,73.0,75.0,1696818
2017-08-14,85.4000015258789,86.80000305175781,82.0,82.94999694824219,964271
2017-08-16,88.1500015258789,89.0,85.55000305175781,86.1500015258789,854519
2017-08-17,87.5,90.69999694824219,86.9000015258789,88.69999694824219,850225
2017-08-18,86.25,87.94999694824219,84.8499984741211,86.5,753693
2017-08-21,86.3499984741211,89.80000305175781,86.0,86.6500015258789,493380
2017-08-22,84.25,87.30000305175781,84.0,86.5999984741211,665617
2017-08-23,88.94999694824219,89.6500015258789,84.5,84.6500015258789,1042571
2017-08-24,91.6500015258789,94.4000015258789,91.0,91.44999694824219,1805478
2017-08-28,91.6500015258789,93.30000305175781,91.19999694824219,92.0,671636
2017-08-29,91.6500015258789,94.5999984741211,90.80000305175781,92.30000305175781,1095088
2017-08-30,98.5,99.19999694824219,92.30000305175781,92.5,2992776
2017-08-31,100.3499984741211,101.5999984741211,97.6500015258789,99.0,2033763
2017-09-01,101.9000015258789,104.30000305175781,99.3499984741211,100.9000015258789,1699292
2017-09-04,97.94999694824219,102.05000305175781,96.55000305175781,101.9000015258789,1268743
2017-09-05,103.9000015258789,105.8499984741211,97.5,98.55000305175781,2749938
2017-09-06,101.94999694824219,105.0,101.44999694824219,102.44999694824219,1800534
2017-09-07,101.8499984741211,104.25,101.0999984741211,102.30000305175781,1312391
2017-09-08,97.94999694824219,102.44999694824219,97.3499984741211,102.1500015258789,715912
2017-09-11,99.8499984741211,101.75,99.25,100.0,1567294
2017-09-12,100.0,102.75,99.30000305175781,100.8499984741211,1290876
2017-09-13,94.69999694824219,101.9000015258789,93.19999694824219,100.4000015258789,2211751
2017-09-14,93.0,95.75,92.0999984741211,93.6500015258789,923311
2017-09-15,91.80000305175781,94.4000015258789,90.55000305175781,92.80000305175781,598989
2017-09-18,100.44999694824219,101.80000305175781,91.69999694824219,92.55000305175781,2696063
2017-09-19,107.0999984741211,113.4000015258789,105.69999694824219,106.0,6920400
2017-09-20,102.0,107.9000015258789,101.55000305175781,106.5,1195301
2017-09-21,122.4000015258789,122.4000015258789,97.5,102.0,11132678
2017-09-22,139.4499969482422,146.85000610351562,126.0,127.0,24331202
2017-09-25,132.35000610351562,147.5,130.0,142.75,7662091
2017-09-26,144.60000610351562,145.5500030517578,125.30000305175781,130.75,7901315
2017-09-27,150.5500030517578,156.85000610351562,146.75,151.0,10146750
2017-09-28,149.0,156.8000030517578,145.5,155.60000610351562,4881627
2017-09-29,137.1999969482422,150.75,135.5500030517578,149.4499969482422,3658416
2017-10-03,132.5500030517578,142.0,130.1999969482422,141.0,2304309
2017-10-04,140.10000610351562,141.75,128.64999389648438,132.4499969482422,4042895
2017-10-05,150.4499969482422,153.6999969482422,137.10000610351562,140.8000030517578,8336524
2017-10-06,152.39999389648438,157.35000610351562,151.6999969482422,153.0,4669045
2017-10-09,153.89999389648438,156.0,150.1999969482422,152.64999389648438,2676555
2017-10-10,155.8000030517578,160.60000610351562,151.5,153.3000030517578,3845750
2017-10-11,154.0,162.4499969482422,150.5500030517578,158.89999389648438,2964624
2017-10-12,154.5500030517578,155.89999389648438,151.5,155.0,1675763
2017-10-13,152.8000030517578,156.85000610351562,152.39999389648438,154.0,1647579
2017-10-16,151.10000610351562,155.0,150.0,153.89999389648438,969144
2017-10-17,148.9499969482422,153.4499969482422,146.0500030517578,150.85000610351562,1231681
2017-10-18,146.39999389648438,150.4499969482422,145.9499969482422,147.5,925563
2017-10-19,144.60000610351562,147.5,143.25,146.5,326997
2017-10-23,149.5,152.0,142.0500030517578,145.64999389648438,1836998
2017-10-24,152.35000610351562,156.89999389648438,148.8000030517578,150.75,3098446
2017-10-25,157.0500030517578,158.75,151.10000610351562,154.5,3099060
2017-10-26,159.75,164.89999389648438,158.5,161.5,3544779
2017-10-27,155.6999969482422,161.85000610351562,155.0,160.3000030517578,1215871
2017-10-30,154.64999389648438,158.8000030517578,154.10000610351562,156.6999969482422,859341
2017-10-31,152.39999389648438,156.75,151.75,154.4499969482422,960482
2017-11-01,153.5500030517578,156.60000610351562,152.14999389648438,153.10000610351562,1243877
2017-11-02,151.9499969482422,156.5,151.10000610351562,153.25,913274
2017-11-03,149.14999389648438,154.3000030517578,148.0,152.14999389648438,676854
2017-11-06,158.64999389648438,161.89999389648438,147.1999969482422,149.0,3559595
2017-11-07,151.64999389648438,160.25,150.25,160.0,1329443
2017-11-08,146.14999389648438,152.89999389648438,145.0,152.25,744291
2017-11-09,146.10000610351562,148.6999969482422,142.60000610351562,147.10000610351562,612798
2017-11-10,143.35000610351562,146.9499969482422,142.5,145.75,618136
2017-11-13,143.9499969482422,148.39999389648438,143.0,143.89999389648438,725838
2017-11-14,145.0500030517578,147.3000030517578,142.5,144.6999969482422,702702
2017-11-15,140.60000610351562,144.89999389648438,140.14999389648438,144.0,424544
2017-11-16,143.0500030517578,144.5500030517578,140.5,141.6999969482422,551195
2017-11-17,141.64999389648438,145.8000030517578,141.1999969482422,144.60000610351562,392058
2017-11-20,141.85000610351562,144.3000030517578,141.0,142.0,439900
2017-11-21,141.5,143.8000030517578,140.5,142.6999969482422,345067
2017-11-22,143.4499969482422,146.85000610351562,140.0,142.10000610351562,954525
2017-11-23,143.0500030517578,147.0,141.8000030517578,143.85000610351562,758891
2017-11-24,142.25,146.14999389648438,141.8000030517578,143.35000610351562,392631
2017-11-27,143.3000030517578,145.64999389648438,141.60000610351562,142.3000030517578,536470
2017-11-28,144.75,150.5,144.0,146.0,1600243
2017-11-29,142.10000610351562,145.8000030517578,141.5,145.0,421888
2017-11-30,141.8000030517578,146.10000610351562,138.5,141.8000030517578,1352722
2017-12-01,141.5,144.3000030517578,140.5,142.9499969482422,346071
2017-12-04,141.0,145.0,140.10000610351562,143.60000610351562,522239
2017-12-05,137.25,140.8000030517578,127.0,140.8000030517578,499519
2017-12-06,133.4499969482422,137.8000030517578,133.0,137.10000610351562,403707
2017-12-07,136.9499969482422,141.39999389648438,134.4499969482422,135.0,789227
2017-12-08,136.75,141.25,136.10000610351562,138.35000610351562,619755
2017-12-11,136.5500030517578,139.3000030517578,136.0,137.85000610351562,317248
2017-12-12,134.1999969482422,139.0,133.5500030517578,136.60000610351562,470292
2017-12-13,132.8000030517578,136.0,132.0500030517578,134.0,405704
2017-12-14,130.60000610351562,134.85000610351562,130.14999389648438,133.3000030517578,388039
2017-12-15,128.64999389648438,133.0,127.25,133.0,648546
2017-12-18,126.8499984741211,131.25,121.3499984741211,126.44999694824219,807258
2017-12-19,134.4499969482422,136.5,127.4000015258789,127.4000015258789,1067377
2017-12-20,144.5500030517578,151.60000610351562,142.25,144.0,4730683
2017-12-21,141.1999969482422,145.8000030517578,140.5,145.0,800435
2017-12-22,138.9499969482422,142.75,138.1999969482422,141.0,659532
2017-12-26,137.3000030517578,140.0,136.60000610351562,139.64999389648438,458945
2017-12-27,137.14999389648438,140.0,136.14999389648438,138.25,564735
2017-12-28,138.85000610351562,143.85000610351562,136.6999969482422,137.39999389648438,1452335
2017-12-29,137.5,140.1999969482422,137.10000610351562,139.75,457923
2018-01-01,138.60000610351562,143.3000030517578,135.3000030517578,137.0,1051875
2018-01-02,144.8000030517578,155.0,135.0,139.10000610351562,6642810
2018-01-03,140.8000030517578,144.39999389648438,140.4499969482422,143.39999389648438,967198
2018-01-04,140.5,143.5,140.10000610351562,141.25,747085
2018-01-05,138.35000610351562,141.85000610351562,138.0,141.85000610351562,527514
2018-01-08,140.5500030517578,142.9499969482422,139.60000610351562,140.4499969482422,817717
2018-01-09,138.60000610351562,141.5,138.0,141.5,445238
2018-01-10,137.4499969482422,139.60000610351562,136.39999389648438,139.0,389248
2018-01-11,138.5,141.6999969482422,137.35000610351562,137.60000610351562,546575
2018-01-12,136.4499969482422,139.5,135.75,139.0500030517578,390398
2018-01-15,137.10000610351562,139.25,136.4499969482422,136.89999389648438,372153
2018-01-16,132.25,137.9499969482422,130.5500030517578,137.9499969482422,611784
2018-01-17,131.25,132.89999389648438,128.0,132.5,353001
2018-01-18,128.10000610351562,135.35000610351562,127.5,132.85000610351562,479013
2018-01-19,128.10000610351562,130.0,125.0999984741211,128.35000610351562,420226
2018-01-22,128.5,132.1999969482422,127.3499984741211,129.60000610351562,541271
2018-01-23,126.0999984741211,129.6999969482422,125.6500015258789,128.1999969482422,376291
2018-01-24,121.25,126.4000015258789,120.9000015258789,126.0,455002
2018-01-25,117.5999984741211,121.8499984741211,116.94999694824219,121.5,455933
2018-01-29,113.1500015258789,120.05000305175781,112.3499984741211,120.05000305175781,471762
2018-01-30,116.69999694824219,124.8499984741211,109.0,112.69999694824219,2392637
2018-01-31,118.80000305175781,122.3499984741211,113.55000305175781,116.19999694824219,657892
2018-02-01,117.05000305175781,122.0,116.0999984741211,119.8499984741211,740261
2018-02-02,108.44999694824219,117.0,106.55000305175781,117.0,738323
2018-02-05,105.94999694824219,110.94999694824219,100.3499984741211,101.0,830051
2018-02-06,98.3499984741211,101.5999984741211,96.0999984741211,99.0,707407
2018-02-07,100.55000305175781,103.5,99.25,101.0,508667
2018-02-08,104.25,105.9000015258789,100.55000305175781,100.94999694824219,536096
2018-02-09,104.69999694824219,105.80000305175781,100.05000305175781,102.0,498800
2018-02-12,117.69999694824219,120.75,107.5999984741211,107.5999984741211,1791187
2018-02-14,125.1500015258789,131.0,121.4000015258789,122.0,2921470
2018-02-15,118.8499984741211,127.44999694824219,115.5999984741211,126.5,1340085
2018-02-16,117.80000305175781,122.5,116.19999694824219,121.0,571057
2018-02-19,123.8499984741211,125.5999984741211,113.5,118.5,1584965
2018-02-20,123.0999984741211,128.5,121.5,125.0,1652387
2018-02-21,125.05000305175781,126.3499984741211,123.1500015258789,125.0,731548
2018-02-22,127.0,132.5,124.6500015258789,124.9000015258789,4492872
2018-02-23,125.69999694824219,127.75,124.5,126.9000015258789,657964
2018-02-26,121.30000305175781,126.4000015258789,121.0,126.4000015258789,468810
2018-02-27,117.9000015258789,122.25,117.4000015258789,121.80000305175781,711437
2018-02-28,117.6500015258789,119.80000305175781,114.5,116.69999694824219,589845
2018-03-01,120.44999694824219,123.8499984741211,116.69999694824219,116.69999694824219,2098293
2018-03-05,116.9000015258789,119.94999694824219,116.25,119.94999694824219,379126
2018-03-06,112.55000305175781,119.4000015258789,111.30000305175781,118.0,373832
2018-03-07,110.75,115.8499984741211,110.19999694824219,112.8499984741211,619828
2018-03-08,114.19999694824219,120.0,106.5999984741211,111.5999984741211,2004612
2018-03-09,111.25,115.3499984741211,110.0999984741211,115.3499984741211,507545
2018-03-12,111.30000305175781,114.0,110.1500015258789,114.0,352700
2018-03-13,111.9000015258789,114.5,111.05000305175781,111.80000305175781,473312
2018-03-14,111.5,113.19999694824219,110.5,111.4000015258789,312263
2018-03-15,122.30000305175781,125.5,112.05000305175781,112.44999694824219,3461324
2018-03-16,116.69999694824219,122.5,115.5999984741211,120.5,1134893
2018-03-19,113.0,117.5999984741211,112.0999984741211,117.0,519234
2018-03-20,113.05000305175781,115.8499984741211,111.3499984741211,112.0,518626
2018-03-21,116.94999694824219,118.0,113.1500015258789,113.5,680603
2018-03-22,118.6500015258789,124.9000015258789,117.55000305175781,123.9000015258789,2213178
2018-03-23,112.05000305175781,114.3499984741211,109.0,114.0,657831
2018-03-26,112.30000305175781,114.5,110.5,113.0,695570
2018-03-27,112.94999694824219,114.5,112.44999694824219,113.69999694824219,377719
2018-03-28,113.25,117.4000015258789,111.5,112.0,842957
2018-04-02,114.8499984741211,116.19999694824219,113.05000305175781,114.80000305175781,361692
2018-04-03,119.0,119.94999694824219,113.5,114.5999984741211,924394
2018-04-04,126.5999984741211,130.89999389648438,125.3499984741211,129.39999389648438,4074162
2018-04-05,127.44999694824219,131.89999389648438,124.69999694824219,129.0,2170418
2018-04-06,127.0999984741211,129.1999969482422,124.0999984741211,127.94999694824219,845038
2018-04-09,127.6500015258789,129.4499969482422,127.0,127.0999984741211,598779
2018-04-10,126.75,129.0,126.19999694824219,128.9499969482422,426135
2018-04-11,125.55000305175781,127.1500015258789,125.0999984741211,126.80000305175781,415838
2018-04-12,132.25,137.8000030517578,122.94999694824219,125.5,4708600
2018-04-13,128.39999389648438,133.60000610351562,127.0999984741211,132.6999969482422,1528426
2018-04-16,127.5999984741211,130.9499969482422,123.5999984741211,126.69999694824219,1052149
2018-04-17,127.69999694824219,131.14999389648438,126.5,127.1500015258789,986644
2018-04-18,125.55000305175781,128.64999389648438,125.0999984741211,128.0500030517578,376407
2018-04-19,125.75,127.9000015258789,125.0999984741211,126.0,514791
2018-04-20,123.44999694824219,126.25,123.05000305175781,125.4000015258789,406082
2018-04-23,125.55000305175781,127.30000305175781,122.5999984741211,123.80000305175781,725700
2018-04-24,124.5,126.69999694824219,124.0,126.69999694824219,355406
2018-04-25,122.5,125.5,121.9000015258789,124.9000015258789,309367
2018-04-26,121.6500015258789,123.5,121.0,122.05000305175781,285998
2018-04-27,121.3499984741211,124.0,121.0,122.0,286306
2018-04-30,121.19999694824219,123.30000305175781,120.80000305175781,122.05000305175781,202536
2018-05-02,120.4000015258789,123.69999694824219,119.80000305175781,121.9000015258789,384669
2018-05-03,116.1500015258789,119.9000015258789,115.69999694824219,119.4000015258789,335225
2018-05-04,114.6500015258789,118.19999694824219,114.0999984741211,116.05000305175781,273946
2018-05-07,114.94999694824219,116.4000015258789,112.25,115.9000015258789,301093
2018-05-08,114.19999694824219,115.9000015258789,113.5,115.80000305175781,189567
2018-05-09,116.5,119.4000015258789,112.8499984741211,114.0,805464
2018-05-10,112.75,116.0999984741211,112.25,116.0999984741211,276126
2018-05-11,111.80000305175781,114.4000015258789,111.0,113.75,295318
2018-05-14,107.05000305175781,112.80000305175781,105.19999694824219,112.5,302463
2018-05-15,106.25,110.05000305175781,105.5,106.6500015258789,462080
2018-05-16,106.1500015258789,107.94999694824219,105.0999984741211,106.0,305974
2018-05-17,108.05000305175781,109.0,106.5,106.94999694824219,267481
2018-05-18,108.05000305175781,111.1500015258789,106.8499984741211,108.0,437799
2018-05-21,98.55000305175781,106.69999694824219,92.0,106.69999694824219,567167
2018-05-22,96.75,101.8499984741211,95.0,99.3499984741211,534393
2018-05-23,95.94999694824219,98.4000015258789,95.5,95.5,251131
2018-05-24,93.3499984741211,97.3499984741211,92.8499984741211,96.5999984741211,348319
2018-05-25,94.5999984741211,97.19999694824219,93.30000305175781,94.5,462532
2018-05-28,95.80000305175781,96.94999694824219,95.05000305175781,95.4000015258789,243218
2018-05-29,95.4000015258789,96.80000305175781,94.8499984741211,95.5,276843
2018-05-30,93.69999694824219,95.05000305175781,91.8499984741211,95.0,280955
2018-05-31,92.9000015258789,94.5,92.55000305175781,94.5,220689
2018-06-01,86.19999694824219,93.30000305175781,84.19999694824219,92.9000015258789,459089
2018-06-04,78.4000015258789,87.4000015258789,78.0,87.0,535387
2018-06-05,75.19999694824219,81.0,71.19999694824219,81.0,1512475
2018-06-06,80.3499984741211,82.05000305175781,73.3499984741211,74.0,1572626
2018-06-07,85.5,88.0,80.5,83.9000015258789,1828395
2018-06-08,91.6500015258789,92.75,83.5,84.30000305175781,1990490
2018-06-11,93.3499984741211,95.30000305175781,91.0999984741211,91.5999984741211,1024072
2018-06-12,94.9000015258789,96.5,91.0,93.5,1205227
2018-06-13,97.1500015258789,99.0,96.25,96.5,1569153
2018-06-14,95.30000305175781,97.0,94.6500015258789,97.0,705378
2018-06-15,91.94999694824219,96.0,91.0999984741211,95.30000305175781,481346
2018-06-18,87.9000015258789,91.6500015258789,87.0,91.0999984741211,436434
2018-06-19,83.75,87.44999694824219,83.0999984741211,87.44999694824219,406573
2018-06-20,84.80000305175781,86.69999694824219,83.0999984741211,83.9000015258789,400744
2018-06-21,83.6500015258789,86.19999694824219,83.4000015258789,85.0,381994
2018-06-22,83.30000305175781,84.4000015258789,81.5999984741211,83.5,464900
2018-06-25,82.3499984741211,85.5,81.69999694824219,83.0,413689
2018-06-26,81.1500015258789,82.6500015258789,80.5,82.3499984741211,265728
2018-06-27,77.0,81.44999694824219,76.25,81.44999694824219,313523
2018-06-28,75.80000305175781,77.9000015258789,74.5,77.44999694824219,497319
2018-06-29,79.8499984741211,80.5,76.0,76.80000305175781,438538
2018-07-02,78.25,80.5999984741211,77.0,80.5999984741211,271201
2018-07-03,77.44999694824219,78.69999694824219,76.19999694824219,77.25,185577
2018-07-04,78.75,79.5999984741211,75.94999694824219,77.6500015258789,346051
2018-07-05,77.19999694824219,78.80000305175781,76.69999694824219,78.80000305175781,189302
2018-07-06,77.6500015258789,79.69999694824219,75.25,77.0,360503
2018-07-09,81.0,82.4000015258789,77.19999694824219,77.69999694824219,825868
2018-07-10,92.55000305175781,94.4000015258789,80.5,81.5,4500503
2018-07-11,96.4000015258789,98.4000015258789,91.0999984741211,92.94999694824219,4414041
2018-07-12,96.55000305175781,98.69999694824219,94.0,96.0,2906573
2018-07-13,91.80000305175781,96.5999984741211,91.0999984741211,95.69999694824219,847624
2018-07-16,84.6500015258789,90.1500015258789,84.0,90.1500015258789,652131
2018-07-17,85.8499984741211,88.0,81.5,84.0,932359
2018-07-18,82.5,86.55000305175781,81.80000305175781,85.80000305175781,422266
2018-07-19,80.1500015258789,82.9000015258789,79.5,82.9000015258789,327905
2018-07-20,80.0,82.3499984741211,78.4000015258789,80.19999694824219,437007
2018-07-23,82.19999694824219,83.5,79.0,80.69999694824219,478577
2018-07-24,84.4000015258789,86.4000015258789,81.5999984741211,82.19999694824219,696991
2018-07-25,86.4000015258789,88.9000015258789,84.0,84.5,1090949
2018-07-26,83.44999694824219,87.80000305175781,82.80000305175781,85.94999694824219,557425
2018-07-27,90.8499984741211,92.5999984741211,83.0,83.94999694824219,2486601
2018-07-30,91.0999984741211,93.44999694824219,88.25,90.55000305175781,1358804
2018-07-31,90.69999694824219,92.6500015258789,89.4000015258789,90.5,701064
2018-08-01,91.0999984741211,92.5999984741211,90.1500015258789,90.9000015258789,522939
2018-08-02,89.05000305175781,90.80000305175781,88.5,90.25,370306
2018-08-03,93.80000305175781,96.44999694824219,89.05000305175781,89.9000015258789,2269154
2018-08-06,93.05000305175781,95.19999694824219,92.4000015258789,94.0,750352
2018-08-07,92.5999984741211,94.8499984741211,91.19999694824219,93.0,758076
2018-08-08,91.3499984741211,93.80000305175781,90.5,92.80000305175781,462778
2018-08-09,95.69999694824219,96.5,92.55000305175781,93.4000015258789,1670387
2018-08-10,93.3499984741211,96.69999694824219,92.80000305175781,95.9000015258789,651443
2018-08-13,91.8499984741211,93.9000015258789,85.3499984741211,93.0,437830
2018-08-14,87.5,91.19999694824219,87.0,91.19999694824219,555035
2018-08-16,86.0999984741211,88.19999694824219,85.6500015258789,87.0,302509
2018-08-17,86.75,88.4000015258789,86.19999694824219,86.9000015258789,289186
2018-08-20,87.3499984741211,88.80000305175781,86.1500015258789,87.9000015258789,459109
2018-08-21,86.5,88.25,86.0,87.0,358643
2018-08-23,93.80000305175781,96.94999694824219,92.5999984741211,95.0999984741211,3268209
2018-08-24,90.3499984741211,93.3499984741211,90.05000305175781,93.3499984741211,395956
2018-08-27,90.55000305175781,92.30000305175781,89.0,90.6500015258789,544051
2018-08-28,91.75,96.30000305175781,91.1500015258789,91.44999694824219,1509801
2018-08-29,93.25,94.5999984741211,90.5999984741211,92.0,824252
2018-08-30,111.75,111.9000015258789,100.94999694824219,101.0,13112421
2018-08-31,115.30000305175781,119.80000305175781,112.55000305175781,115.19999694824219,9050286
2018-09-03,111.6500015258789,115.3499984741211,109.8499984741211,115.3499984741211,2990688
2018-09-04,110.6500015258789,115.3499984741211,109.25,111.30000305175781,2058401
2018-09-05,106.6500015258789,113.19999694824219,104.5,110.94999694824219,1400469
2018-09-06,103.75,108.5999984741211,102.19999694824219,108.0,1061715
2018-09-07,102.05000305175781,105.19999694824219,101.0999984741211,103.75,1315375
2018-09-10,104.4000015258789,105.6500015258789,102.9000015258789,104.0,1650156
2018-09-11,104.55000305175781,108.0,103.80000305175781,106.9000015258789,1479480
2018-09-12,100.3499984741211,104.0,99.0,103.69999694824219,1083662
2018-09-14,101.25,103.0,101.0,101.80000305175781,645737
2018-09-17,98.5999984741211,100.9000015258789,98.3499984741211,100.69999694824219,532494
2018-09-18,97.5999984741211,101.30000305175781,97.0999984741211,99.0999984741211,894402
2018-09-19,95.69999694824219,98.55000305175781,95.25,98.1500015258789,431572
2018-09-21,89.05000305175781,97.05000305175781,85.0999984741211,96.44999694824219,766609
2018-09-24,85.75,90.4000015258789,85.19999694824219,90.4000015258789,415786
2018-09-25,85.94999694824219,87.69999694824219,83.0,87.19999694824219,808409
2018-09-26,90.25,91.8499984741211,87.5,89.19999694824219,2147537
2018-09-27,86.8499984741211,90.0,86.3499984741211,89.0,352902
2018-09-28,81.75,87.8499984741211,79.55000305175781,87.44999694824219,629787
2018-10-01,80.8499984741211,82.44999694824219,77.19999694824219,82.44999694824219,528934
2018-10-03,81.6500015258789,83.55000305175781,78.5999984741211,81.30000305175781,588528
2018-10-04,79.6500015258789,81.25,78.30000305175781,79.6500015258789,340574
2018-10-05,77.44999694824219,80.5,76.5,79.0,285149
2018-10-08,73.75,76.80000305175781,72.69999694824219,76.0,341535
2018-10-09,70.30000305175781,74.6500015258789,69.0999984741211,74.1500015258789,515189
2018-10-10,79.4000015258789,82.0,70.75,71.0,1686546
2018-10-11,81.44999694824219,83.44999694824219,75.75,76.9000015258789,1710165
2018-10-12,83.44999694824219,86.0,82.3499984741211,83.0,1332976
2018-10-15,83.1500015258789,84.8499984741211,82.3499984741211,84.0,467494
2018-10-16,83.1500015258789,84.80000305175781,82.69999694824219,83.0999984741211,410286
2018-10-17,80.44999694824219,86.4000015258789,80.0,83.94999694824219,1171221
2018-10-19,80.19999694824219,82.4000015258789,79.0999984741211,80.0,363574
2018-10-22,79.25,84.9000015258789,78.25,80.55000305175781,1052052
2018-10-23,77.9000015258789,80.4000015258789,77.55000305175781,78.6500015258789,315247
2018-10-24,76.94999694824219,79.3499984741211,76.5,78.69999694824219,339090
2018-10-25,75.5999984741211,76.0999984741211,75.0,75.8499984741211,212588
2018-10-26,73.5999984741211,75.94999694824219,69.3499984741211,75.94999694824219,337807
2018-10-29,75.69999694824219,77.5999984741211,73.0,74.3499984741211,439649
2018-10-30,75.8499984741211,77.75,75.0999984741211,75.80000305175781,384009
2018-10-31,78.5,80.4000015258789,75.80000305175781,75.94999694824219,605861
2018-11-01,81.0,82.9000015258789,78.4000015258789,78.8499984741211,1123601
2018-11-02,80.80000305175781,82.69999694824219,80.25,81.69999694824219,442676
2018-11-05,87.5,88.6500015258789,79.25,80.0,2343416
2018-11-06,88.55000305175781,90.44999694824219,87.5999984741211,88.4000015258789,1632491
2018-11-07,94.0999984741211,96.5999984741211,88.05000305175781,88.9000015258789,1659937
2018-11-09,101.3499984741211,103.55000305175781,98.0,102.9000015258789,4403807
2018-11-12,92.19999694824219,98.6500015258789,91.1500015258789,98.0999984741211,1569996
2018-11-13,90.44999694824219,91.69999694824219,88.3499984741211,91.0,763421
2018-11-14,91.8499984741211,93.80000305175781,89.30000305175781,90.55000305175781,1438579
2018-11-15,89.75,91.0999984741211,89.1500015258789,90.5,471411
2018-11-16,87.1500015258789,90.0,86.5999984741211,89.94999694824219,410280
2018-11-19,86.9000015258789,87.69999694824219,85.0,86.0999984741211,444977
2018-11-20,97.94999694824219,99.5999984741211,86.30000305175781,86.30000305175781,11358398
2018-11-21,101.80000305175781,103.8499984741211,95.0,96.0,7794927
2018-11-22,96.6500015258789,101.5999984741211,96.0,100.0,2180239
2018-11-26,94.0,98.6500015258789,93.55000305175781,96.1500015258789,1067385
2018-11-27,92.8499984741211,96.30000305175781,92.25,93.80000305175781,709775
2018-11-28,90.55000305175781,94.5999984741211,90.1500015258789,93.55000305175781,577277
2018-11-29,89.80000305175781,92.69999694824219,89.55000305175781,90.8499984741211,512534
2018-11-30,94.8499984741211,97.4000015258789,92.55000305175781,94.0,2395273
2018-12-03,93.0,95.6500015258789,92.55000305175781,95.5999984741211,430530
2018-12-04,92.0999984741211,94.19999694824219,91.69999694824219,92.9000015258789,530034
2018-12-05,90.30000305175781,92.6500015258789,90.0,91.8499984741211,395808
2018-12-06,87.6500015258789,90.1500015258789,87.19999694824219,89.75,446045
2018-12-07,86.75,88.94999694824219,86.1500015258789,88.5,469670
2018-12-10,91.19999694824219,92.9000015258789,83.55000305175781,85.0,2640963
2018-12-11,91.4000015258789,93.44999694824219,89.30000305175781,90.0,1300658
2018-12-12,92.80000305175781,94.0,91.19999694824219,91.6500015258789,761114
2018-12-13,93.19999694824219,95.19999694824219,92.19999694824219,93.5999984741211,871138
2018-12-14,92.80000305175781,93.9000015258789,91.55000305175781,92.6500015258789,480856
2018-12-17,95.0999984741211,98.69999694824219,92.5999984741211,94.4000015258789,2714901
2018-12-18,94.25,95.9000015258789,93.80000305175781,94.19999694824219,527724
2018-12-19,95.1500015258789,97.0,94.44999694824219,94.9000015258789,926258
2018-12-20,94.05000305175781,95.75,93.55000305175781,94.5,691360
2018-12-21,92.3499984741211,95.30000305175781,92.1500015258789,94.44999694824219,889944
2018-12-24,90.5999984741211,92.94999694824219,90.25,92.19999694824219,476349
2018-12-26,89.5999984741211,91.3499984741211,88.30000305175781,89.9000015258789,720770
2018-12-27,91.8499984741211,93.8499984741211,91.44999694824219,92.5,879706
2018-12-28,91.8499984741211,94.19999694824219,91.5999984741211,92.80000305175781,791678
2018-12-31,93.80000305175781,95.30000305175781,92.0999984741211,92.75,1737322
2019-01-01,94.5999984741211,96.19999694824219,93.25,94.0,1680790
2019-01-02,93.4000015258789,95.4000015258789,93.0999984741211,93.69999694824219,685210
2019-01-03,91.8499984741211,93.5999984741211,91.55000305175781,93.5,499202
2019-01-04,92.80000305175781,94.80000305175781,90.3499984741211,92.0,1453955
2019-01-07,92.0999984741211,93.9000015258789,91.80000305175781,93.55000305175781,441958
2019-01-08,91.75,93.5999984741211,91.44999694824219,92.0,522341
2019-01-09,91.19999694824219,92.8499984741211,90.69999694824219,92.44999694824219,429839
2019-01-10,93.05000305175781,94.5,90.80000305175781,91.19999694824219,1192080
2019-01-11,92.1500015258789,93.75,91.5,93.05000305175781,522104
2019-01-14,91.0999984741211,92.19999694824219,90.4000015258789,91.6500015258789,603562
2019-01-15,94.5,95.44999694824219,91.0999984741211,91.44999694824219,1843118
2019-01-16,111.80000305175781,113.4000015258789,94.0,95.30000305175781,16919097
2019-01-17,109.5999984741211,116.69999694824219,108.6500015258789,112.0999984741211,12480011
2019-01-18,104.19999694824219,110.25,103.5,109.9000015258789,3018641
2019-01-21,111.4000015258789,114.30000305175781,108.0999984741211,108.0999984741211,7189454
2019-01-22,105.1500015258789,112.19999694824219,104.69999694824219,109.44999694824219,1455754
2019-01-23,104.5999984741211,107.30000305175781,101.55000305175781,105.5,2087271
2019-01-24,102.8499984741211,105.44999694824219,102.0999984741211,104.94999694824219,909507
2019-01-25,105.0,110.9000015258789,104.0999984741211,105.0,4640493
2019-01-28,99.75,104.94999694824219,99.0,104.9000015258789,1076398
2019-01-29,100.4000015258789,102.75,96.1500015258789,99.0,1164862
2019-01-30,100.69999694824219,102.19999694824219,99.5,100.5,739327
2019-01-31,102.55000305175781,103.75,100.80000305175781,102.5999984741211,1536165
2019-02-01,99.55000305175781,102.75,99.05000305175781,101.6500015258789,931476
2019-02-04,95.55000305175781,98.6500015258789,95.25,98.0,603941
2019-02-05,91.5,95.8499984741211,90.55000305175781,95.5,749102
2019-02-06,91.8499984741211,93.69999694824219,88.4000015258789,91.6500015258789,906735
2019-02-07,91.6500015258789,93.3499984741211,90.5,91.94999694824219,604114
2019-02-08,95.94999694824219,97.5,90.5,91.3499984741211,1249713
2019-02-11,95.80000305175781,99.69999694824219,95.0,95.69999694824219,2058413
2019-02-12,92.69999694824219,96.55000305175781,92.25,95.80000305175781,1130528
2019-02-14,91.9000015258789,94.30000305175781,90.5,91.3499984741211,950811
2019-02-15,89.80000305175781,91.9000015258789,89.25,91.9000015258789,656268
2019-02-18,89.8499984741211,91.9000015258789,89.3499984741211,89.80000305175781,921555
2019-02-19,92.0,93.80000305175781,89.19999694824219,89.19999694824219,1529833
2019-02-20,96.05000305175781,98.19999694824219,95.1500015258789,95.1500015258789,2483821
2019-02-21,93.9000015258789,96.25,93.55000305175781,95.3499984741211,981379
2019-02-22,93.75,95.30000305175781,93.0,93.94999694824219,670945
2019-02-25,93.75,95.19999694824219,93.5,93.94999694824219,496631
2019-02-26,91.8499984741211,93.44999694824219,89.80000305175781,90.5999984741211,616156
2019-02-27,90.5,93.4000015258789,90.0,92.5,864216
2019-02-28,91.19999694824219,92.44999694824219,90.75,91.5,671853
2019-03-01,93.0999984741211,94.4000015258789,91.55000305175781,91.55000305175781,662553
2019-03-05,96.44999694824219,97.5999984741211,92.69999694824219,92.69999694824219,1552532
2019-03-06,99.4000015258789,101.94999694824219,98.55000305175781,99.0999984741211,1842103
2019-03-07,97.1500015258789,99.8499984741211,96.69999694824219,99.8499984741211,514512
2019-03-08,94.75,96.8499984741211,94.5,96.8499984741211,450512
2019-03-11,96.19999694824219,96.9000015258789,94.0999984741211,94.9000015258789,525823
2019-03-12,97.3499984741211,100.25,96.5,96.9000015258789,981558
2019-03-13,95.9000015258789,97.9000015258789,95.6500015258789,96.94999694824219,503158
2019-03-14,95.05000305175781,97.19999694824219,94.55000305175781,96.0,451074
2019-03-15,94.5,95.9000015258789,94.0999984741211,95.4000015258789,373002
2019-03-18,93.1500015258789,94.94999694824219,92.8499984741211,94.69999694824219,349222
2019-03-19,95.30000305175781,96.25,93.05000305175781,93.5999984741211,906776
2019-03-20,93.9000015258789,96.1500015258789,93.5,95.25,471025
2019-03-22,93.0999984741211,94.6500015258789,92.69999694824219,94.30000305175781,312396
2019-03-25,91.8499984741211,93.30000305175781,91.19999694824219,92.0,372672
2019-03-26,93.3499984741211,94.5999984741211,92.05000305175781,92.6500015258789,577232
2019-03-27,94.5999984741211,95.80000305175781,93.0999984741211,93.8499984741211,823672
2019-03-28,94.5,95.80000305175781,93.69999694824219,94.4000015258789,347925
2019-04-01,100.05000305175781,101.80000305175781,95.5999984741211,95.80000305175781,2476824
2019-04-02,104.4000015258789,105.9000015258789,98.3499984741211,100.30000305175781,6085392
2019-04-03,100.6500015258789,104.75,99.80000305175781,103.9000015258789,1372074
2019-04-04,102.75,103.9000015258789,100.25,102.05000305175781,1338732
2019-04-05,101.55000305175781,103.44999694824219,100.80000305175781,103.19999694824219,571890
2019-04-08,97.69999694824219,101.9000015258789,96.75,101.0999984741211,774639
2019-04-09,103.3499984741211,106.9000015258789,101.05000305175781,101.05000305175781,4609385
2019-04-10,100.8499984741211,103.0,100.55000305175781,102.1500015258789,839028
2019-04-11,100.1500015258789,101.0,99.4000015258789,100.8499984741211,478006
2019-04-12,100.05000305175781,101.94999694824219,99.4000015258789,100.0,603712
2019-04-15,101.05000305175781,102.55000305175781,100.69999694824219,101.5,717430
2019-04-16,99.6500015258789,101.69999694824219,99.5,101.69999694824219,388580
2019-04-18,97.44999694824219,99.6500015258789,97.0999984741211,99.6500015258789,428692
2019-04-22,93.6500015258789,96.75,93.30000305175781,96.75,450147
2019-04-23,93.8499984741211,95.19999694824219,93.05000305175781,93.3499984741211,433515
2019-04-24,93.5999984741211,94.6500015258789,92.80000305175781,94.25,273423
2019-04-25,93.0999984741211,95.94999694824219,92.69999694824219,93.94999694824219,489019
2019-04-26,93.19999694824219,93.9000015258789,92.6500015258789,93.5,258992
2019-04-30,90.6500015258789,92.9000015258789,89.75,92.9000015258789,343910
2019-05-02,90.0,91.5999984741211,89.25,90.55000305175781,281312
2019-05-03,89.9000015258789,90.69999694824219,89.55000305175781,90.4000015258789,200308
2019-05-06,87.8499984741211,89.0,87.5,88.80000305175781,183877
2019-05-07,88.5999984741211,91.4000015258789,88.0,88.5,551412
2019-05-08,86.6500015258789,89.0,86.1500015258789,88.80000305175781,275843
2019-05-09,85.5,86.94999694824219,85.19999694824219,86.25,193401
2019-05-10,85.4000015258789,86.5,84.75,86.0,234762
2019-05-13,82.5999984741211,85.4000015258789,81.30000305175781,85.4000015258789,181416
2019-05-14,81.30000305175781,82.30000305175781,78.80000305175781,81.30000305175781,476704
2019-05-15,79.8499984741211,82.4000015258789,79.55000305175781,81.94999694824219,264249
2019-05-16,79.0,80.5,78.5,79.9000015258789,216239
2019-05-17,79.80000305175781,80.5999984741211,78.25,78.9000015258789,308114
2019-05-20,92.19999694824219,94.69999694824219,85.19999694824219,85.5999984741211,3088981
2019-05-21,90.4000015258789,93.19999694824219,89.5999984741211,92.8499984741211,631065
2019-05-22,93.75,95.3499984741211,89.0999984741211,89.5999984741211,1424613
2019-05-23,93.25,97.19999694824219,92.05000305175781,95.0,1247932
2019-05-24,97.5,98.0,93.25,93.9000015258789,1241931
2019-05-27,102.3499984741211,104.5999984741211,99.0,99.30000305175781,2400649
2019-05-28,101.69999694824219,104.8499984741211,100.0,103.05000305175781,1117556
2019-05-29,95.5999984741211,99.0,95.0999984741211,99.0,858510
2019-05-30,94.19999694824219,96.8499984741211,93.69999694824219,96.25,414889
2019-05-31,94.3499984741211,96.25,93.5,93.5,753004
2019-06-03,96.25,97.4000015258789,92.25,93.4000015258789,1396733
2019-06-04,95.6500015258789,98.30000305175781,95.25,96.25,766922
2019-06-06,94.44999694824219,96.25,93.5,96.05000305175781,539806
2019-06-07,92.05000305175781,94.9000015258789,91.0,94.5999984741211,459508
2019-06-10,92.9000015258789,94.0,89.30000305175781,92.3499984741211,624647
2019-06-11,93.6500015258789,96.30000305175781,93.19999694824219,95.44999694824219,1104144
2019-06-12,92.3499984741211,93.69999694824219,92.0999984741211,93.1500015258789,286078
2019-06-13,91.19999694824219,92.30000305175781,90.5,92.19999694824219,361073
2019-06-14,89.5,91.6500015258789,89.05000305175781,91.05000305175781,303458
2019-06-17,87.80000305175781,89.5,87.30000305175781,89.5,198142
2019-06-18,86.5,88.80000305175781,85.69999694824219,88.30000305175781,301035
2019-06-19,84.80000305175781,88.0999984741211,84.30000305175781,87.9000015258789,332982
2019-06-20,85.3499984741211,86.30000305175781,83.0,84.9000015258789,400957
2019-06-21,85.94999694824219,87.69999694824219,84.0999984741211,85.4000015258789,444132
2019-06-24,86.44999694824219,87.5,85.30000305175781,85.94999694824219,248219
2019-06-25,90.5999984741211,91.5,87.5,88.05000305175781,1280281
2019-06-26,92.69999694824219,94.9000015258789,90.75,91.6500015258789,1465333
2019-06-27,92.0999984741211,94.25,91.75,92.5,478888
2019-06-28,90.9000015258789,92.6500015258789,90.6500015258789,92.25,399254
2019-07-01,90.75,92.19999694824219,90.4000015258789,91.3499984741211,296373
2019-07-02,91.30000305175781,91.80000305175781,90.1500015258789,90.9000015258789,342822
2019-07-03,97.1500015258789,98.0,90.55000305175781,91.55000305175781,1865841
2019-07-04,96.19999694824219,98.9000015258789,95.0999984741211,98.4000015258789,2541415
2019-07-05,93.44999694824219,96.75,92.8499984741211,96.0,916649
2019-07-08,92.6500015258789,95.9000015258789,91.5,93.0,1583479
2019-07-09,90.8499984741211,92.6500015258789,90.5999984741211,92.25,415482
2019-07-10,88.75,91.80000305175781,88.25,91.3499984741211,380065
2019-07-11,88.19999694824219,89.75,88.05000305175781,89.0999984741211,247249
2019-07-12,87.94999694824219,89.4000015258789,87.4000015258789,88.30000305175781,324752
2019-07-15,86.69999694824219,88.5,86.19999694824219,88.1500015258789,254345
2019-07-16,85.55000305175781,86.94999694824219,85.19999694824219,86.9000015258789,293907
2019-07-17,87.55000305175781,88.5,87.0,87.0999984741211,656324
2019-07-18,86.0,87.5,85.44999694824219,87.5,226791
2019-07-19,84.19999694824219,86.5,84.0,85.94999694824219,309517
2019-07-22,81.55000305175781,84.05000305175781,81.0999984741211,83.94999694824219,294973
2019-07-23,81.19999694824219,83.75,80.6500015258789,81.9000015258789,368725
2019-07-24,80.5,82.3499984741211,80.19999694824219,81.19999694824219,268395
2019-07-25,82.69999694824219,83.44999694824219,81.5,83.0,617896
2019-07-26,83.4000015258789,84.69999694824219,83.0,83.75,509634
2019-07-29,81.55000305175781,83.69999694824219,80.9000015258789,83.5,223532
2019-07-30,77.55000305175781,82.69999694824219,76.5999984741211,81.9000015258789,346909
2019-07-31,75.69999694824219,76.9000015258789,74.4000015258789,76.69999694824219,361793
2019-08-01,76.69999694824219,77.0,75.05000305175781,75.6500015258789,350089
2019-08-02,76.0,77.30000305175781,74.80000305175781,75.94999694824219,308854
2019-08-05,73.0,74.25,72.3499984741211,73.19999694824219,213514
2019-08-06,76.5999984741211,77.4000015258789,72.0,72.44999694824219,414665
2019-08-07,80.94999694824219,83.5,76.30000305175781,76.5999984741211,1434774
2019-08-08,74.8499984741211,77.69999694824219,73.69999694824219,77.69999694824219,623924
2019-08-09,75.30000305175781,76.5999984741211,74.8499984741211,74.8499984741211,298044
2019-08-13,72.75,76.0,71.5,75.69999694824219,234505
2019-08-14,71.4000015258789,73.0,71.1500015258789,72.6500015258789,193570
2019-08-16,75.25,76.5999984741211,69.5,71.0,1130647
2019-08-19,74.19999694824219,76.44999694824219,73.4000015258789,75.5,339487
2019-08-20,71.3499984741211,73.8499984741211,71.0,73.8499984741211,240429
2019-08-21,68.1500015258789,71.0,67.5,71.0,362405
2019-08-22,60.20000076293945,67.6500015258789,59.599998474121094,67.25,626681
2019-08-23,60.95000076293945,62.400001525878906,56.099998474121094,59.5,678432
2019-08-26,61.75,62.79999923706055,59.25,62.04999923706055,382130
2019-08-27,66.30000305175781,67.69999694824219,61.5,62.25,835446
2019-08-28,67.25,68.69999694824219,65.05000305175781,65.75,847323
2019-08-29,71.75,74.94999694824219,68.0,68.0,2917972
2019-08-30,68.75,71.5999984741211,68.0999984741211,71.5999984741211,537462
2019-09-03,68.3499984741211,72.05000305175781,66.94999694824219,68.3499984741211,718740
2019-09-04,67.3499984741211,69.4000015258789,66.5999984741211,68.0999984741211,334109
2019-09-05,70.3499984741211,71.75,67.55000305175781,67.9000015258789,1061868
2019-09-06,70.4000015258789,71.5999984741211,69.5,70.55000305175781,387736
2019-09-09,72.94999694824219,75.0,71.25,71.3499984741211,1370113
2019-09-11,78.1500015258789,80.3499984741211,72.5,73.19999694824219,2496357
2019-09-12,78.44999694824219,80.44999694824219,76.19999694824219,78.5,1159442
2019-09-13,81.3499984741211,82.0,76.80000305175781,78.30000305175781,2163147
2019-09-16,82.30000305175781,83.75,81.55000305175781,82.3499984741211,1625233
2019-09-17,78.25,81.80000305175781,77.44999694824219,81.5999984741211,991232
2019-09-18,82.3499984741211,84.0,78.80000305175781,79.0,2546501
2019-09-19,79.25,82.3499984741211,78.5999984741211,82.3499984741211,570601
2019-09-20,82.25,83.30000305175781,79.0,80.0,1163339
2019-09-23,85.55000305175781,87.30000305175781,83.0,86.44999694824219,1980527
2019-09-24,83.44999694824219,85.80000305175781,83.0999984741211,85.3499984741211,514346
2019-09-25,80.69999694824219,83.4000015258789,80.25,83.4000015258789,351564
2019-09-26,84.0,86.9000015258789,80.0999984741211,80.0999984741211,1446640
2019-09-27,82.25,85.6500015258789,82.0,84.44999694824219,628872
2019-09-30,82.0999984741211,84.19999694824219,80.19999694824219,82.25,852710
2019-10-01,80.1500015258789,83.69999694824219,79.4000015258789,82.75,514222
2019-10-03,84.80000305175781,85.55000305175781,78.5,79.44999694824219,1649321
2019-10-04,86.75,90.25,86.0,86.75,3076277
2019-10-07,82.05000305175781,86.0,81.5,86.0,686861
2019-10-09,82.80000305175781,87.80000305175781,82.0999984741211,83.3499984741211,1766120
2019-10-10,83.75,84.75,81.5,81.94999694824219,521918
2019-10-11,82.4000015258789,84.80000305175781,81.1500015258789,84.0999984741211,530057
2019-10-14,81.25,83.75,80.55000305175781,82.25,876690
2019-10-15,81.55000305175781,83.30000305175781,80.94999694824219,81.4000015258789,956575
2019-10-16,80.94999694824219,82.80000305175781,80.4000015258789,81.9000015258789,450010
2019-10-17,81.0999984741211,81.75,80.30000305175781,81.0,340611
2019-10-18,82.94999694824219,84.4000015258789,81.0,81.0,1116293
2019-10-22,82.0999984741211,84.3499984741211,81.6500015258789,83.05000305175781,570879
2019-10-23,82.30000305175781,84.1500015258789,81.4000015258789,82.44999694824219,846143
2019-10-24,81.19999694824219,83.69999694824219,80.69999694824219,83.44999694824219,424885
2019-10-25,80.0999984741211,81.6500015258789,79.5,81.5,383385
2019-10-27,80.5999984741211,80.94999694824219,80.19999694824219,80.5999984741211,100751
2019-10-29,86.75,87.44999694824219,81.5999984741211,82.05000305175781,2184951
2019-10-30,96.30000305175781,100.94999694824219,91.5,92.0,8742346
2019-10-31,92.0,96.0,91.4000015258789,95.94999694824219,1101517
2019-11-01,91.9000015258789,93.3499984741211,88.5,91.25,1160424
2019-11-04,90.80000305175781,93.30000305175781,89.5,91.69999694824219,1023687
2019-11-05,88.80000305175781,91.0999984741211,88.5,91.0999984741211,437363
2019-11-06,88.9000015258789,90.69999694824219,88.0,89.1500015258789,723394
2019-11-07,87.8499984741211,89.30000305175781,87.5,89.05000305175781,521139
2019-11-08,85.80000305175781,88.80000305175781,85.1500015258789,86.9000015258789,546986
2019-11-11,91.44999694824219,92.0999984741211,85.3499984741211,85.5999984741211,2135108
2019-11-13,87.1500015258789,90.69999694824219,86.4000015258789,90.69999694824219,740810
2019-11-14,85.94999694824219,87.5999984741211,85.30000305175781,86.9000015258789,433778
2019-11-15,87.0999984741211,88.5999984741211,85.55000305175781,86.0,683847
2019-11-18,88.1500015258789,89.3499984741211,87.4000015258789,88.5999984741211,849128
2019-11-19,87.19999694824219,88.1500015258789,86.0,87.5,442258
2019-11-20,91.75,94.19999694824219,87.0,87.5,3331196
2019-11-21,86.8499984741211,89.5,86.5,89.4000015258789,693962
2019-11-22,86.5999984741211,88.0,86.0999984741211,86.55000305175781,401921
2019-11-25,87.30000305175781,87.8499984741211,86.5,86.55000305175781,393751
2019-11-26,87.9000015258789,91.0,86.55000305175781,87.69999694824219,1439816
2019-11-27,87.0999984741211,88.5,86.69999694824219,87.5,322635
2019-11-28,88.25,89.9000015258789,86.5,87.3499984741211,1013531
2019-11-29,91.5,96.0,91.0,91.4000015258789,3921325
2019-12-02,92.30000305175781,94.30000305175781,91.5,93.5,1125431
2019-12-03,89.44999694824219,92.75,89.05000305175781,91.80000305175781,591658
2019-12-04,90.19999694824219,92.0999984741211,87.69999694824219,88.8499984741211,1438503
2019-12-05,89.0999984741211,90.69999694824219,88.44999694824219,90.4000015258789,353723
2019-12-06,87.0999984741211,90.44999694824219,86.1500015258789,88.9000015258789,518776
2019-12-09,86.75,89.19999694824219,86.25,86.25,562979
2019-12-10,84.25,87.3499984741211,83.9000015258789,87.0,382353
2019-12-11,84.25,86.19999694824219,83.19999694824219,84.4000015258789,975425
2019-12-12,88.8499984741211,90.0999984741211,84.0999984741211,84.19999694824219,1078876
2019-12-13,93.3499984741211,94.75,92.5,93.94999694824219,3586952
2019-12-16,90.69999694824219,92.6500015258789,90.4000015258789,92.5999984741211,530912
2019-12-17,91.8499984741211,93.5,90.5,90.55000305175781,846882
2019-12-18,89.9000015258789,91.6500015258789,89.55000305175781,91.19999694824219,429139
2019-12-19,94.5999984741211,96.69999694824219,89.0999984741211,89.8499984741211,2286698
2019-12-20,92.6500015258789,94.25,91.75,93.3499984741211,902061
2019-12-23,95.5999984741211,96.1500015258789,91.8499984741211,92.5999984741211,2185190
2019-12-24,94.19999694824219,97.5,93.80000305175781,96.69999694824219,2439294
2019-12-26,92.9000015258789,95.19999694824219,92.55000305175781,94.30000305175781,628198
2019-12-27,92.30000305175781,93.5,91.69999694824219,93.4000015258789,489392
2019-12-30,92.0999984741211,93.55000305175781,91.55000305175781,92.94999694824219,507611
2019-12-31,92.5,93.9000015258789,92.1500015258789,93.1500015258789,846147
2020-01-01,91.80000305175781,93.5,91.5,92.5,416545
2020-01-02,95.80000305175781,96.44999694824219,91.80000305175781,92.0,2193295
2020-01-03,94.80000305175781,98.0,94.19999694824219,96.5,2144433
2020-01-06,91.5999984741211,94.5999984741211,90.6500015258789,94.5999984741211,686560
2020-01-07,103.9000015258789,107.4000015258789,101.0,105.0,14798001
2020-01-08,100.6500015258789,103.69999694824219,99.05000305175781,100.0,2705951
2020-01-09,102.94999694824219,105.80000305175781,101.30000305175781,102.5,4036444
2020-01-10,98.6500015258789,102.0,97.9000015258789,102.0,1525671
2020-01-13,98.3499984741211,101.25,97.5,98.8499984741211,996258
2020-01-14,97.3499984741211,98.94999694824219,97.0,98.30000305175781,637329
2020-01-15,99.55000305175781,100.80000305175781,98.5999984741211,98.80000305175781,1359355
2020-01-16,103.5,104.5,99.8499984741211,100.69999694824219,1980269
2020-01-17,103.19999694824219,105.5,102.4000015258789,104.8499984741211,1791576
2020-01-20,102.9000015258789,104.9000015258789,101.4000015258789,103.5,1606464
2020-01-21,99.3499984741211,102.0,98.5999984741211,101.1500015258789,808063
2020-01-22,99.75,103.1500015258789,99.0,100.19999694824219,1911681
2020-01-23,92.94999694824219,95.8499984741211,92.1500015258789,94.44999694824219,2305738
2020-01-24,91.05000305175781,93.0,90.0,92.0999984741211,1262004
2020-01-27,88.69999694824219,90.0,88.19999694824219,90.0,889556
2020-01-28,83.1500015258789,88.5999984741211,81.5999984741211,88.0,1511501
2020-01-29,87.75,88.5,82.44999694824219,83.80000305175781,2169665
2020-01-30,86.44999694824219,87.0999984741211,85.0,86.9000015258789,648542
2020-01-31,85.44999694824219,86.94999694824219,83.5999984741211,86.0,970662
2020-02-03,80.4000015258789,83.30000305175781,79.25,83.0,526296
2020-02-04,80.55000305175781,82.30000305175781,80.0999984741211,82.19999694824219,431228
2020-02-05,84.25,85.69999694824219,82.0,82.75,1103822
2020-02-06,89.80000305175781,94.55000305175781,89.0,89.0,2845575
2020-02-07,87.75,89.44999694824219,87.19999694824219,89.19999694824219,723457
2020-02-10,85.55000305175781,88.0,84.75,88.0,335228
2020-02-11,85.75,89.4000015258789,84.25,86.0,765019
2020-02-12,84.5,85.9000015258789,84.19999694824219,85.0,436417
2020-02-13,82.8499984741211,84.5,82.19999694824219,84.5,347772
2020-02-14,82.75,84.30000305175781,82.0,82.5,364479
2020-02-17,81.30000305175781,83.19999694824219,80.5999984741211,83.0,433173
2020-02-18,81.6500015258789,82.80000305175781,80.0,80.94999694824219,350942
2020-02-19,86.3499984741211,89.69999694824219,81.30000305175781,82.25,1717683
2020-02-20,84.3499984741211,86.5,84.0,86.0,714618
2020-02-24,81.5999984741211,83.5999984741211,81.0999984741211,82.19999694824219,358959
2020-02-25,81.5999984741211,82.80000305175781,80.80000305175781,82.19999694824219,320201
2020-02-26,80.6500015258789,81.94999694824219,80.4000015258789,81.30000305175781,429644
2020-02-27,78.0999984741211,80.9000015258789,77.0999984741211,80.4000015258789,493589
2020-02-28,71.4000015258789,75.0,71.0,75.0,572261
2020-03-02,74.1500015258789,83.0,73.0,73.05000305175781,1875742
2020-03-03,75.0,76.94999694824219,73.5,74.9000015258789,465358
2020-03-04,73.0,75.5999984741211,72.0,75.19999694824219,385291
2020-03-05,75.75,77.94999694824219,72.6500015258789,74.25,1545075
2020-03-06,71.0999984741211,72.19999694824219,68.0,70.19999694824219,618488
2020-03-09,66.44999694824219,69.80000305175781,65.5,68.30000305175781,590401
2020-03-11,67.0,69.8499984741211,65.4000015258789,65.4000015258789,634135
2020-03-12,56.0,63.150001525878906,55.20000076293945,62.20000076293945,828269
2020-03-13,53.29999923706055,58.20000076293945,44.79999923706055,47.099998474121094,1415783
2020-03-16,52.54999923706055,56.5,48.29999923706055,49.900001525878906,895034
2020-03-17,55.150001525878906,62.0,52.400001525878906,52.400001525878906,1689256
2020-03-18,51.95000076293945,58.04999923706055,51.099998474121094,57.5,579077
2020-03-19,48.20000076293945,51.349998474121094,46.54999923706055,46.849998474121094,659584
2020-03-20,56.900001525878906,57.79999923706055,48.599998474121094,48.900001525878906,2247079
2020-03-23,50.29999923706055,53.95000076293945,49.0,51.0,505324
2020-03-24,49.849998474121094,54.5,48.0,52.95000076293945,428490
2020-03-25,49.95000076293945,51.95000076293945,46.599998474121094,46.599998474121094,407395
2020-03-26,51.150001525878906,53.5,50.150001525878906,50.75,489461
2020-03-27,54.349998474121094,60.25,53.0,53.0,1482067
2020-03-30,57.25,58.95000076293945,51.5,54.0,1509246
2020-03-31,62.75,66.5,60.5,62.70000076293945,2034454
2020-04-01,59.45000076293945,62.5,57.0,62.5,408911
2020-04-03,60.20000076293945,63.0,59.79999923706055,63.0,430657
2020-04-07,63.79999923706055,66.5999984741211,60.099998474121094,62.400001525878906,1532369
2020-04-08,69.0999984741211,73.44999694824219,61.54999923706055,61.54999923706055,3005081
2020-04-09,72.80000305175781,74.3499984741211,68.25,70.6500015258789,1452364
2020-04-13,87.3499984741211,87.3499984741211,83.0,84.94999694824219,4971891
2020-04-15,93.05000305175781,96.05000305175781,88.0,96.05000305175781,5090297
2020-04-16,89.3499984741211,92.0,86.0,92.0,1871141
2020-04-17,90.55000305175781,96.5999984741211,89.5,89.5,1887661
2020-04-20,87.05000305175781,91.6500015258789,86.5,91.6500015258789,638028
2020-04-21,81.25,85.0,80.4000015258789,83.5999984741211,508988
2020-04-22,78.30000305175781,83.0,76.5999984741211,82.0,562721
2020-04-23,86.0999984741211,86.0999984741211,77.80000305175781,78.25,1485634
2020-04-24,81.94999694824219,85.94999694824219,81.0,85.94999694824219,1118989
2020-04-27,84.19999694824219,86.69999694824219,82.30000305175781,82.9000015258789,1604565
2020-04-28,82.55000305175781,85.0,82.05000305175781,84.80000305175781,421531
2020-04-29,87.25,89.25,82.5,83.0,2087807
2020-04-30,86.94999694824219,91.9000015258789,86.0,91.0,1608547
2020-05-04,82.30000305175781,84.75,82.0,84.75,428354
2020-05-05,83.0,87.9000015258789,82.5,83.9000015258789,1144412
2020-05-06,82.4000015258789,84.0,81.6500015258789,83.0999984741211,438533
2020-05-07,82.1500015258789,84.0,81.3499984741211,81.3499984741211,589009
2020-05-08,80.9000015258789,83.9000015258789,80.19999694824219,83.9000015258789,434393
2020-05-11,80.80000305175781,84.25,80.5,81.30000305175781,746447
2020-05-12,82.3499984741211,83.0999984741211,78.6500015258789,80.5,599404
2020-05-13,84.8499984741211,87.4000015258789,84.0,87.0,1289204
2020-05-14,81.8499984741211,84.19999694824219,81.5,83.3499984741211,352805
2020-05-15,86.25,87.0,80.8499984741211,82.19999694824219,1542420
2020-05-18,82.6500015258789,89.0,82.0,87.80000305175781,2129503
2020-05-19,81.94999694824219,83.9000015258789,81.55000305175781,82.80000305175781,468512
2020-05-20,81.75,82.8499984741211,81.0,81.1500015258789,364711
2020-05-21,81.30000305175781,83.0,81.1500015258789,82.1500015258789,300794
2020-05-22,80.3499984741211,82.5,80.1500015258789,81.19999694824219,310201
2020-05-26,80.5999984741211,81.75,80.25,81.0,258702
2020-05-27,82.80000305175781,83.94999694824219,82.4000015258789,83.9000015258789,1155936
2020-05-28,82.69999694824219,84.0,82.0999984741211,82.80000305175781,401366
2020-05-29,82.30000305175781,83.80000305175781,81.75,82.05000305175781,370258
2020-06-01,85.25,86.4000015258789,83.05000305175781,83.69999694824219,1681058
2020-06-02,90.3499984741211,91.5,83.5999984741211,86.19999694824219,5819765
2020-06-03,87.5999984741211,92.0,86.05000305175781,90.75,1225792
2020-06-04,86.4000015258789,89.44999694824219,86.0,87.5999984741211,494675
2020-06-05,87.75,89.9000015258789,87.25,88.5,871290
2020-06-08,87.94999694824219,90.9000015258789,87.4000015258789,88.6500015258789,835506
2020-06-09,86.44999694824219,88.9000015258789,85.80000305175781,88.69999694824219,554280
2020-06-10,86.44999694824219,88.0999984741211,85.80000305175781,86.44999694824219,442088
2020-06-11,83.44999694824219,87.44999694824219,83.05000305175781,86.19999694824219,455516
2020-06-12,82.25,83.0,80.05000305175781,80.05000305175781,546629
2020-06-15,82.3499984741211,84.4000015258789,81.5,82.44999694824219,431695
2020-06-16,81.80000305175781,83.80000305175781,80.0999984741211,83.25,446058
2020-06-17,90.55000305175781,92.80000305175781,82.4000015258789,82.80000305175781,6704339
2020-06-18,108.5999984741211,108.6500015258789,101.0,101.0,27560009
2020-06-19,106.80000305175781,113.6500015258789,104.69999694824219,112.5,10059288
2020-06-22,102.1500015258789,107.69999694824219,101.5,106.9000015258789,2634996
2020-06-23,103.69999694824219,107.44999694824219,100.75,103.0,2989011
2020-06-24,103.1500015258789,107.4000015258789,102.55000305175781,103.55000305175781,2493692
2020-06-25,106.5,107.8499984741211,103.5999984741211,105.9000015258789,2438939
2020-06-26,107.8499984741211,110.0,104.0999984741211,107.4000015258789,7001827
2020-06-29,106.8499984741211,109.55000305175781,106.05000305175781,107.5999984741211,1808187
2020-06-30,104.0999984741211,108.94999694824219,103.25,107.69999694824219,1395706
2020-07-01,103.8499984741211,106.0,102.44999694824219,104.5999984741211,1083546
2020-07-02,103.30000305175781,105.5999984741211,102.80000305175781,104.19999694824219,1124345
2020-07-03,111.94999694824219,113.6500015258789,104.25,105.55000305175781,6392092
2020-07-06,134.3000030517578,134.3000030517578,118.0,120.05000305175781,23093931
2020-07-07,134.5,144.14999389648438,131.3000030517578,140.0,16097670
2020-07-08,128.85000610351562,134.10000610351562,126.55000305175781,131.9499969482422,4281019
2020-07-09,128.60000610351562,132.25,127.80000305175781,129.64999389648438,1672593
2020-07-10,124.6500015258789,130.89999389648438,122.55000305175781,126.5,1578246
2020-07-13,131.75,133.6999969482422,127.4000015258789,128.0,4339784
2020-07-14,129.5,133.89999389648438,128.0,133.5,3011944
2020-07-15,124.55000305175781,132.5,123.0,130.0,1573509
2020-07-16,122.44999694824219,126.5,121.05000305175781,126.0,1112582
2020-07-17,125.9000015258789,129.64999389648438,121.4000015258789,121.4000015258789,2035159
2020-07-20,124.30000305175781,127.5,123.80000305175781,126.4000015258789,996063
2020-07-21,123.0999984741211,126.0999984741211,122.0999984741211,124.8499984741211,866387
2020-07-22,120.25,124.30000305175781,119.5,123.0,897512
2020-07-23,132.25,132.25,123.05000305175781,123.05000305175781,5300635
2020-07-24,138.25,142.5,125.0,134.4499969482422,10236847
2020-07-27,135.75,142.25,131.10000610351562,136.10000610351562,6290834
2020-07-28,136.10000610351562,139.3000030517578,135.0500030517578,136.64999389648438,2139213
2020-07-29,137.35000610351562,141.3000030517578,136.39999389648438,138.8000030517578,2693568
2020-07-30,132.5500030517578,137.75,131.10000610351562,136.89999389648438,1264660
2020-07-31,128.9499969482422,133.1999969482422,128.5,133.1999969482422,1047241
2020-08-03,130.39999389648438,134.39999389648438,126.5999984741211,127.0,977145
2020-08-04,133.64999389648438,137.0,133.10000610351562,133.10000610351562,1678094
2020-08-05,132.89999389648438,135.5,132.0500030517578,135.25,832635
2020-08-06,132.8000030517578,135.8000030517578,132.14999389648438,132.9499969482422,891275
2020-08-07,134.85000610351562,138.75,133.25,133.8000030517578,2389393
2020-08-10,141.3000030517578,145.5,140.0,140.0,5512637
2020-08-11,137.8000030517578,141.9499969482422,137.39999389648438,141.9499969482422,1105803
2020-08-12,142.85000610351562,145.8000030517578,139.0,140.85000610351562,3507768
2020-08-13,140.89999389648438,144.89999389648438,139.85000610351562,142.5,1901669
2020-08-14,137.89999389648438,143.0,135.1999969482422,141.0,1590564
2020-08-17,141.0,143.8000030517578,140.25,142.85000610351562,1784695
2020-08-18,140.9499969482422,146.3000030517578,140.39999389648438,141.64999389648438,2760305
2020-08-19,145.10000610351562,151.64999389648438,143.1999969482422,143.89999389648438,7759334
2020-08-20,142.6999969482422,145.60000610351562,141.8000030517578,143.0500030517578,1335954
2020-08-21,140.4499969482422,144.8000030517578,140.0,143.5,1177583
2020-08-24,140.85000610351562,143.8000030517578,138.4499969482422,141.0500030517578,1850772
2020-08-25,138.6999969482422,141.85000610351562,138.10000610351562,141.75,754879
2020-08-26,137.6999969482422,140.8000030517578,137.0500030517578,138.4499969482422,987263
2020-08-27,136.0500030517578,138.8000030517578,135.60000610351562,138.10000610351562,732593
2020-08-28,137.6999969482422,143.0,136.64999389648438,143.0,3989147
2020-08-31,133.85000610351562,140.64999389648438,131.4499969482422,138.5,1482886
2020-09-01,132.0,134.25,129.0500030517578,133.5,676553
2020-09-02,133.9499969482422,135.89999389648438,130.8000030517578,132.0500030517578,733478
2020-09-03,135.5,137.75,134.35000610351562,134.64999389648438,792091
2020-09-04,135.3000030517578,138.4499969482422,131.14999389648438,132.5,1356352
2020-09-07,132.4499969482422,135.89999389648438,131.5500030517578,134.8000030517578,622142
2020-09-08,127.44999694824219,134.3000030517578,126.0,133.5,935511
2020-09-09,119.69999694824219,125.80000305175781,118.4000015258789,125.0,1189251
2020-09-10,134.6999969482422,136.8000030517578,120.55000305175781,120.55000305175781,8988012
2020-09-11,137.0,141.0,135.0500030517578,138.4499969482422,5158192
2020-09-14,134.0,136.89999389648438,133.14999389648438,136.89999389648438,1150349
2020-09-15,130.85000610351562,133.9499969482422,130.0,132.0,1061180
2020-09-16,131.4499969482422,132.9499969482422,128.5,130.5500030517578,926585
2020-09-17,130.25,133.5,129.10000610351562,130.0,936728
2020-09-18,130.39999389648438,133.10000610351562,128.25,130.25,1070146
2020-09-21,124.94999694824219,131.6999969482422,123.25,129.89999389648438,650659
2020-09-22,120.9000015258789,123.8499984741211,117.0,122.0,1115144
2020-09-23,122.5999984741211,125.4000015258789,120.44999694824219,122.0,864081
2020-09-24,117.55000305175781,121.0,117.1500015258789,118.30000305175781,820149
2020-09-25,120.80000305175781,121.5999984741211,117.30000305175781,118.9000015258789,881509
2020-09-28,129.1999969482422,132.5500030517578,121.75,122.25,2306242
2020-09-29,126.5999984741211,130.8000030517578,125.0,130.4499969482422,735402
2020-09-30,124.8499984741211,127.94999694824219,124.05000305175781,127.4000015258789,517934
2020-10-01,125.0999984741211,127.69999694824219,124.0,126.0,254181
2020-10-05,130.5,134.5,129.14999389648438,133.0,2090921
2020-10-06,128.0,130.35000610351562,127.3499984741211,129.5500030517578,418758
2020-10-07,128.10000610351562,133.5,126.5,130.1999969482422,2182059
2020-10-08,125.9000015258789,127.6500015258789,125.0999984741211,125.3499984741211,702500
2020-10-09,124.69999694824219,126.9000015258789,124.0,125.9000015258789,414103
2020-10-12,122.55000305175781,125.3499984741211,122.19999694824219,125.30000305175781,295243
2020-10-13,127.0,128.0,121.6500015258789,122.5,899544
2020-10-14,122.80000305175781,126.9000015258789,121.80000305175781,126.9000015258789,539962
2020-10-15,121.5999984741211,124.6500015258789,121.0999984741211,123.0,349456
2020-10-16,123.05000305175781,124.8499984741211,122.0,124.0,495251
2020-10-19,122.3499984741211,124.0,121.69999694824219,124.0,302090
2020-10-20,122.05000305175781,123.30000305175781,121.30000305175781,122.4000015258789,217633
2020-10-21,121.69999694824219,124.30000305175781,121.19999694824219,122.69999694824219,372856
2020-10-22,121.6500015258789,124.0,121.3499984741211,121.69999694824219,363765
2020-10-23,122.19999694824219,123.75,122.0,122.5999984741211,335900
2020-10-26,120.0,122.80000305175781,119.19999694824219,122.6500015258789,247191
2020-10-27,119.1500015258789,120.9000015258789,118.5,120.5999984741211,299822
2020-10-28,118.3499984741211,121.30000305175781,118.0,119.0999984741211,223096
2020-10-29,117.94999694824219,122.5999984741211,116.0,117.5,557370
2020-10-30,118.3499984741211,120.6500015258789,117.55000305175781,118.30000305175781,370652
2020-11-02,116.6500015258789,119.1500015258789,115.55000305175781,118.94999694824219,215727
2020-11-03,116.19999694824219,118.44999694824219,116.0,116.94999694824219,218267
2020-11-04,114.6500015258789,117.69999694824219,113.3499984741211,116.19999694824219,195140
2020-11-05,119.75,122.4000015258789,114.9000015258789,115.25,586461
2020-11-06,124.75,128.0,124.0,126.19999694824219,2836083
2020-11-09,123.25,126.25,122.44999694824219,124.80000305175781,388752
2020-11-10,121.5,124.5,120.0,124.5,335258
2020-11-11,122.80000305175781,123.75,118.80000305175781,122.3499984741211,896202
2020-11-12,126.25,129.60000610351562,120.8499984741211,122.5999984741211,1559288
2020-11-13,123.3499984741211,125.19999694824219,123.0,125.19999694824219,394642
2020-11-14,123.44999694824219,124.0,122.44999694824219,122.44999694824219,106072
2020-11-17,123.19999694824219,124.4000015258789,122.25,123.0,403670
2020-11-18,126.25,127.19999694824219,121.5,123.0,876274
2020-11-19,124.05000305175781,128.10000610351562,123.25,123.25,861922
2020-11-20,124.3499984741211,127.5,123.0999984741211,124.5,860505
2020-11-23,126.30000305175781,128.0,121.9000015258789,125.3499984741211,1089494
2020-11-24,125.75,127.9000015258789,124.80000305175781,127.5999984741211,523591
2020-11-25,123.0999984741211,126.55000305175781,122.5999984741211,125.94999694824219,542055
2020-11-26,123.75,124.75,123.0,123.80000305175781,311966
2020-11-27,124.19999694824219,126.9000015258789,123.6500015258789,124.25,584891
2020-12-01,124.19999694824219,126.0999984741211,123.6500015258789,124.1500015258789,439558
2020-12-02,125.3499984741211,126.8499984741211,124.19999694824219,124.80000305175781,796450
2020-12-03,128.3000030517578,130.89999389648438,127.0,127.80000305175781,2293620
2020-12-04,126.44999694824219,130.1999969482422,125.19999694824219,129.4499969482422,619608
2020-12-07,131.10000610351562,135.8000030517578,126.0999984741211,126.80000305175781,4121771
2020-12-08,128.14999389648438,132.0,127.05000305175781,131.6999969482422,1109797
2020-12-09,131.5,134.0,130.5,134.0,1629095
2020-12-10,129.10000610351562,130.89999389648438,127.94999694824219,130.0,454656
2020-12-11,127.6500015258789,130.35000610351562,127.30000305175781,129.0,477280
2020-12-14,132.85000610351562,135.25,127.30000305175781,128.10000610351562,1424436
2020-12-15,131.75,137.6999969482422,128.1999969482422,137.0,3220631
2020-12-16,131.14999389648438,133.85000610351562,130.0,131.75,993216
2020-12-17,130.3000030517578,132.89999389648438,130.0,131.8000030517578,590034
2020-12-18,131.10000610351562,133.6999969482422,128.85000610351562,131.5,1319695
2020-12-21,121.55000305175781,132.0,118.6500015258789,130.6999969482422,703061
2020-12-22,121.6500015258789,124.69999694824219,117.0999984741211,121.55000305175781,724685
2020-12-23,124.9000015258789,125.9000015258789,122.05000305175781,122.5,509479
2020-12-24,128.0500030517578,130.75,127.30000305175781,127.8499984741211,725599
2020-12-28,127.75,128.89999389648438,127.0,128.0500030517578,296356
2020-12-29,126.75,128.6999969482422,126.4000015258789,127.9000015258789,291904
2020-12-30,127.80000305175781,130.89999389648438,125.25,127.5999984741211,572078
2020-12-31,126.55000305175781,128.14999389648438,126.25,127.19999694824219,238188
2021-01-01,127.19999694824219,128.8000030517578,126.80000305175781,127.19999694824219,279898
2021-01-04,128.6999969482422,130.8000030517578,127.44999694824219,129.5,789849
2021-01-05,127.9000015258789,128.85000610351562,127.19999694824219,127.5999984741211,304763
2021-01-06,128.3000030517578,130.3000030517578,126.0,128.39999389648438,533522
2021-01-07,127.0999984741211,129.3000030517578,126.75,128.3000030517578,373726
2021-01-08,127.30000305175781,129.6999969482422,126.9000015258789,128.0,418636
2021-01-11,125.69999694824219,128.14999389648438,124.4000015258789,127.44999694824219,281953
2021-01-12,129.3000030517578,132.0,125.30000305175781,126.25,1353572
2021-01-13,133.85000610351562,139.39999389648438,130.10000610351562,130.4499969482422,6035663
2021-01-14,131.5,134.75,131.1999969482422,134.60000610351562,585228
2021-01-15,128.85000610351562,134.39999389648438,128.0,130.10000610351562,1079318
2021-01-18,126.3499984741211,129.64999389648438,126.0,129.64999389648438,448206
2021-01-19,128.25,130.39999389648438,126.6500015258789,126.9000015258789,589870
2021-01-20,128.0500030517578,129.5500030517578,127.6500015258789,127.9000015258789,282659
2021-01-21,126.55000305175781,128.8000030517578,126.0,128.5,215639
2021-01-22,124.8499984741211,127.30000305175781,124.55000305175781,126.4000015258789,270335
2021-01-25,122.3499984741211,125.8499984741211,121.69999694824219,125.5999984741211,279326
2021-01-27,121.05000305175781,123.5,120.6500015258789,121.9000015258789,186778
2021-01-28,122.3499984741211,123.44999694824219,119.0999984741211,119.0999984741211,225758
2021-01-29,121.0999984741211,123.55000305175781,120.4000015258789,122.5999984741211,188636
2021-02-01,122.69999694824219,125.44999694824219,120.80000305175781,121.94999694824219,533866
2021-02-02,128.0,134.75,123.1500015258789,123.6500015258789,1591091
2021-02-03,126.75,134.0,125.4000015258789,128.3000030517578,1026359
2021-02-04,126.75,129.25,126.5,127.30000305175781,327308
2021-02-05,125.5999984741211,127.8499984741211,125.1500015258789,127.5,281173
2021-02-08,124.9000015258789,126.9000015258789,124.0,126.30000305175781,246618
2021-02-09,126.0,133.3000030517578,124.80000305175781,125.4000015258789,1860826
2021-02-10,125.5,127.30000305175781,125.05000305175781,126.0,313829
2021-02-11,125.4000015258789,126.5,125.0999984741211,125.30000305175781,170980
2021-02-12,124.55000305175781,127.05000305175781,123.8499984741211,126.0999984741211,268840
2021-02-15,121.5999984741211,124.0,121.1500015258789,124.0,448670
2021-02-16,121.80000305175781,123.30000305175781,121.25,121.69999694824219,234471
2021-02-17,134.4499969482422,137.39999389648438,121.4000015258789,121.69999694824219,11258751
2021-02-18,128.5,135.0,127.3499984741211,135.0,2062124
2021-02-19,127.1500015258789,130.8000030517578,125.9000015258789,127.80000305175781,1134222
2021-02-22,124.75,129.25,124.1500015258789,126.25,623242
2021-02-23,124.44999694824219,126.80000305175781,124.0,125.5999984741211,358793
2021-02-24,127.0999984741211,131.0,124.5,124.5,771428
2021-02-25,127.25,130.60000610351562,127.0,127.9000015258789,573121
2021-02-26,126.25,133.3000030517578,124.4000015258789,125.5999984741211,1327912
2021-03-01,127.4000015258789,131.25,126.5999984741211,127.19999694824219,627512
2021-03-02,130.89999389648438,134.0,130.0500030517578,131.0,2198769
2021-03-03,129.9499969482422,133.0,129.0,131.8000030517578,805493
2021-03-04,129.4499969482422,132.35000610351562,127.5,127.9000015258789,623026
2021-03-05,127.30000305175781,131.0,126.19999694824219,128.85000610351562,505699
2021-03-08,129.60000610351562,132.60000610351562,127.5999984741211,127.5999984741211,1358182
2021-03-09,127.0,131.0,126.30000305175781,130.5,621840
2021-03-10,128.6999969482422,132.10000610351562,127.05000305175781,127.5,874647
2021-03-12,129.0500030517578,133.6999969482422,127.80000305175781,132.5,1615021
2021-03-15,128.39999389648438,130.8000030517578,125.8499984741211,129.5,1100941
2021-03-16,128.4499969482422,131.35000610351562,127.75,128.64999389648438,779543
2021-03-17,124.0,128.85000610351562,122.94999694824219,128.5500030517578,439436
2021-03-18,119.94999694824219,126.19999694824219,119.0,125.0,617285
2021-03-19,118.30000305175781,119.75,114.80000305175781,119.44999694824219,652774
2021-03-22,119.75,121.4000015258789,118.0999984741211,119.0,604152
2021-03-23,119.55000305175781,121.6500015258789,119.0,120.0,554459
2021-03-24,116.75,119.8499984741211,116.05000305175781,118.80000305175781,323780
2021-03-25,113.1500015258789,116.6500015258789,111.6500015258789,116.0,568391
2021-03-26,115.6500015258789,117.5999984741211,114.30000305175781,114.5,667932
2021-03-30,115.25,117.94999694824219,114.5999984741211,117.0,304491
2021-03-31,114.94999694824219,117.75,114.25,115.5999984741211,403041
2021-04-01,117.1500015258789,118.19999694824219,115.44999694824219,115.6500015258789,266567
2021-04-05,114.75,117.1500015258789,114.0,116.69999694824219,237273
2021-04-06,114.9000015258789,116.75,113.8499984741211,115.0999984741211,196564
2021-04-07,115.8499984741211,117.8499984741211,114.94999694824219,114.94999694824219,306932
2021-04-08,116.5999984741211,119.3499984741211,115.9000015258789,116.5999984741211,557306
2021-04-09,115.9000015258789,117.8499984741211,115.5,116.6500015258789,213699
2021-04-12,107.94999694824219,114.0,107.0999984741211,114.0,423187
2021-04-13,109.69999694824219,110.9000015258789,107.30000305175781,108.25,208710
2021-04-15,108.8499984741211,110.44999694824219,108.0999984741211,108.5,181593
2021-04-16,108.6500015258789,109.9000015258789,108.0,108.0,159974
2021-04-19,102.80000305175781,106.9000015258789,102.0,106.9000015258789,300396
2021-04-20,103.8499984741211,105.5,103.5,104.0,214273
2021-04-22,103.6500015258789,104.30000305175781,102.69999694824219,103.5,194898
2021-04-23,106.55000305175781,109.0,104.0,104.0,720194
2021-04-26,106.0999984741211,108.55000305175781,105.69999694824219,106.69999694824219,248149
2021-04-27,108.25,110.25,106.5,107.0,464518
2021-04-28,109.0999984741211,110.8499984741211,108.55000305175781,108.5999984741211,234920
2021-04-29,108.3499984741211,110.4000015258789,108.05000305175781,109.69999694824219,144437
2021-04-30,107.80000305175781,109.25,107.4000015258789,107.9000015258789,144063
2021-05-03,107.30000305175781,108.44999694824219,106.30000305175781,106.69999694824219,117728
2021-05-04,106.9000015258789,109.69999694824219,106.0,108.19999694824219,239033
2021-05-05,110.94999694824219,113.5999984741211,107.0999984741211,107.0999984741211,523551
2021-05-06,115.3499984741211,116.5999984741211,111.55000305175781,112.0,1082914
2021-05-07,120.5,123.80000305175781,115.0,117.69999694824219,4553105
2021-05-10,118.9000015258789,122.25,118.25,120.5,527126
2021-05-11,123.69999694824219,127.5,116.5999984741211,117.5999984741211,3093647
2021-05-12,120.0999984741211,124.9000015258789,119.30000305175781,123.69999694824219,591396
2021-05-14,118.05000305175781,121.3499984741211,117.5999984741211,120.8499984741211,225519
2021-05-17,117.8499984741211,119.6500015258789,117.55000305175781,118.19999694824219,207105
2021-05-18,117.80000305175781,119.05000305175781,117.55000305175781,118.8499984741211,253951
2021-05-19,119.55000305175781,121.3499984741211,117.5,117.80000305175781,468998
2021-05-20,118.8499984741211,121.94999694824219,118.55000305175781,119.94999694824219,291931
2021-05-21,121.80000305175781,123.5,119.05000305175781,119.5999984741211,821772
2021-05-24,120.75,122.5999984741211,120.5,122.5999984741211,275623
2021-05-25,119.75,122.9000015258789,119.5,121.5,346398
2021-05-26,119.94999694824219,122.69999694824219,119.1500015258789,120.0,538752
2021-05-27,120.25,122.25,119.8499984741211,120.25,310838
2021-05-28,122.3499984741211,124.55000305175781,120.19999694824219,121.19999694824219,1305536
2021-05-31,122.8499984741211,125.9000015258789,120.25,122.80000305175781,1070428
2021-06-01,120.5,124.19999694824219,119.8499984741211,122.5,373964
2021-06-02,120.6500015258789,122.0,120.3499984741211,120.5999984741211,191677
2021-06-03,121.1500015258789,122.80000305175781,120.69999694824219,121.0,274657
2021-06-04,124.0999984741211,126.8499984741211,123.0999984741211,125.0,2486559
2021-06-07,125.9000015258789,127.80000305175781,123.69999694824219,125.44999694824219,2036794
2021-06-08,124.0,126.9000015258789,123.30000305175781,126.9000015258789,450887
2021-06-09,127.6500015258789,132.3000030517578,123.8499984741211,124.4000015258789,5878092
2021-06-10,128.75,130.85000610351562,127.4000015258789,128.3000030517578,981804
2021-06-11,126.80000305175781,129.60000610351562,126.0,129.1999969482422,595325
2021-06-14,125.0,126.80000305175781,123.4000015258789,126.80000305175781,364430
2021-06-15,132.0,133.5,123.0,125.3499984741211,3014228
2021-06-16,128.25,132.9499969482422,127.5,132.9499969482422,889285
2021-06-17,127.69999694824219,137.64999389648438,126.4000015258789,126.4000015258789,3971440
2021-06-18,127.5999984741211,133.6999969482422,123.8499984741211,128.3000030517578,3371438
2021-06-21,129.6999969482422,131.5500030517578,125.0,125.80000305175781,2106435
2021-06-22,127.5999984741211,132.0,127.0,130.60000610351562,965348
2021-06-23,133.10000610351562,137.60000610351562,132.0,137.5,7588864
2021-06-24,130.8000030517578,135.39999389648438,130.0500030517578,134.0,1433137
2021-06-25,128.25,131.5500030517578,127.9000015258789,131.5500030517578,663069
2021-06-28,128.1999969482422,131.60000610351562,126.69999694824219,126.69999694824219,738935
2021-06-29,127.94999694824219,129.4499969482422,127.3499984741211,128.0,367242
2021-06-30,131.4499969482422,133.5,127.44999694824219,128.4499969482422,3722783
2021-07-01,128.4499969482422,131.4499969482422,128.0,131.4499969482422,503996
2021-07-02,131.25,133.8000030517578,128.3000030517578,128.5,2386303
2021-07-05,131.25,134.0,130.3000030517578,131.85000610351562,1518844
2021-07-06,128.6999969482422,132.3000030517578,128.14999389648438,131.5,535747
2021-07-07,129.0500030517578,130.39999389648438,128.1999969482422,128.1999969482422,444408
2021-07-08,128.75,131.60000610351562,128.0,129.0500030517578,854661
2021-07-09,129.10000610351562,131.1999969482422,127.5,128.89999389648438,762627
2021-07-12,127.8499984741211,129.75,127.55000305175781,129.75,417299
2021-07-13,127.4000015258789,129.8000030517578,127.0,128.39999389648438,415778
2021-07-14,126.94999694824219,128.5500030517578,126.75,127.80000305175781,349711
2021-07-15,132.64999389648438,133.25,126.80000305175781,127.75,2125894
2021-07-16,136.60000610351562,143.8000030517578,135.0,141.9499969482422,8423051
2021-07-19,133.5500030517578,136.5500030517578,132.75,133.9499969482422,1253345
2021-07-20,129.9499969482422,134.35000610351562,129.10000610351562,134.0,706238
2021-07-22,128.8000030517578,132.5500030517578,128.5,130.89999389648438,536488
2021-07-23,127.5999984741211,130.14999389648438,127.25,129.4499969482422,471459
2021-07-26,126.80000305175781,129.14999389648438,126.4000015258789,127.30000305175781,371521
2021-07-27,126.9000015258789,129.0,126.0,127.4000015258789,514499
2021-07-28,124.25,127.5,123.94999694824219,127.5,478162
2021-07-29,125.3499984741211,126.94999694824219,124.5999984741211,125.25,338779
2021-07-30,128.10000610351562,131.85000610351562,124.8499984741211,125.5999984741211,2149885
2021-08-02,132.10000610351562,135.5,128.10000610351562,128.10000610351562,1654705
2021-08-03,130.0500030517578,134.0,129.0500030517578,132.89999389648438,658504
2021-08-04,127.44999694824219,130.85000610351562,126.80000305175781,130.8000030517578,340550
2021-08-05,125.8499984741211,127.8499984741211,125.19999694824219,127.6500015258789,365143
2021-08-06,126.3499984741211,127.75,125.69999694824219,126.6500015258789,229484
2021-08-09,125.6500015258789,126.69999694824219,125.0,126.3499984741211,273750
2021-08-10,121.19999694824219,125.94999694824219,120.30000305175781,125.6500015258789,330441
2021-08-11,122.44999694824219,126.5,118.1500015258789,122.0,695625
2021-08-12,124.4000015258789,125.9000015258789,122.5,123.19999694824219,435678
2021-08-13,121.30000305175781,123.25,120.25,121.9000015258789,540040
2021-08-16,118.44999694824219,120.80000305175781,118.19999694824219,120.80000305175781,319089
2021-08-17,118.30000305175781,120.1500015258789,117.69999694824219,118.94999694824219,242907
2021-08-18,116.75,119.1500015258789,116.19999694824219,118.5,181302
2021-08-20,113.05000305175781,118.6500015258789,110.3499984741211,116.5,375891
2021-08-23,112.1500015258789,115.4000015258789,110.3499984741211,114.4000015258789,329230
2021-08-24,113.05000305175781,114.0,111.6500015258789,112.80000305175781,223674
2021-08-25,113.55000305175781,114.94999694824219,113.25,113.80000305175781,192188
2021-08-26,113.3499984741211,115.0,112.4000015258789,113.75,141189
2021-08-27,114.1500015258789,116.3499984741211,112.44999694824219,112.44999694824219,254820
2021-08-30,113.44999694824219,115.44999694824219,110.8499984741211,114.69999694824219,215097
2021-08-31,114.75,116.0,113.69999694824219,114.69999694824219,194879
2021-09-01,114.44999694824219,115.69999694824219,114.19999694824219,114.75,134736
2021-09-02,117.3499984741211,121.4000015258789,114.1500015258789,115.0,796657
2021-09-03,116.69999694824219,118.25,116.3499984741211,117.55000305175781,164069
2021-09-06,117.25,119.9000015258789,116.75,117.5999984741211,219108
2021-09-07,116.69999694824219,117.94999694824219,116.0,117.25,156252
2021-09-08,118.94999694824219,122.44999694824219,117.05000305175781,117.4000015258789,1217337
2021-09-09,118.44999694824219,119.9000015258789,117.5999984741211,119.4000015258789,167911
2021-09-13,121.0,122.69999694824219,117.55000305175781,119.0,1157075
2021-09-14,120.25,121.80000305175781,120.0,121.80000305175781,227008
2021-09-15,122.55000305175781,124.30000305175781,119.80000305175781,120.0999984741211,527134
2021-09-16,121.3499984741211,123.69999694824219,120.9000015258789,123.4000015258789,341351
2021-09-17,118.5999984741211,122.0,117.6500015258789,122.0,298458
2021-09-20,117.5,122.30000305175781,117.0999984741211,117.5,277428
2021-09-21,118.1500015258789,120.0,116.5,120.0,305625
2021-09-22,118.3499984741211,119.80000305175781,117.44999694824219,118.69999694824219,181537
2021-09-23,118.4000015258789,120.69999694824219,118.0,118.5999984741211,197495
2021-09-24,118.0,120.94999694824219,117.5999984741211,119.0999984741211,383527
2021-09-27,118.8499984741211,122.0,117.5,118.5999984741211,407743
2021-09-28,118.25,120.4000015258789,117.5999984741211,119.80000305175781,182287
2021-09-29,118.19999694824219,119.80000305175781,117.5,117.5,172809
2021-09-30,124.5,128.5500030517578,118.5,118.5,4738911
2021-10-01,124.4000015258789,127.4000015258789,123.0999984741211,123.5999984741211,1039108
2021-10-04,124.30000305175781,128.89999389648438,122.8499984741211,125.0,1174385
2021-10-05,123.8499984741211,126.1500015258789,123.0999984741211,124.0,354464
2021-10-06,121.0999984741211,125.44999694824219,120.4000015258789,124.0,389560
2021-10-07,121.8499984741211,124.3499984741211,121.55000305175781,122.0,308493
2021-10-08,121.5,124.4000015258789,121.0999984741211,122.5,260369
2021-10-11,121.25,122.69999694824219,121.0,122.3499984741211,217271
2021-10-12,121.05000305175781,123.69999694824219,120.5999984741211,121.30000305175781,255122
2021-10-13,124.5,127.0999984741211,121.1500015258789,121.8499984741211,1532415
2021-10-14,128.0,133.5,124.5,126.0,5332937
2021-10-18,125.75,129.64999389648438,124.94999694824219,129.0500030517578,965975
2021-10-19,122.5,126.5999984741211,122.0,126.25,458930
2021-10-20,124.9000015258789,128.0,119.6500015258789,122.5,1645196
2021-10-21,122.69999694824219,125.9000015258789,122.0999984741211,125.8499984741211,295307
2021-10-22,121.4000015258789,124.55000305175781,120.75,122.80000305175781,243690
2021-10-25,119.1500015258789,122.44999694824219,117.05000305175781,122.30000305175781,260517
2021-10-26,119.30000305175781,121.0,119.0,119.19999694824219,227662
2021-10-27,122.5,125.75,119.19999694824219,119.80000305175781,952177
2021-10-28,118.94999694824219,122.44999694824219,118.5,122.44999694824219,251612
2021-10-29,117.5,119.69999694824219,116.25,118.0999984741211,225377
2021-11-01,118.9000015258789,120.4000015258789,118.30000305175781,118.30000305175781,141489
2021-11-02,120.4000015258789,122.0999984741211,119.5,120.0,248412
2021-11-03,118.8499984741211,121.3499984741211,118.5,120.4000015258789,171748
2021-11-04,119.9000015258789,121.25,118.8499984741211,118.8499984741211,49183
2021-11-08,121.9000015258789,123.4000015258789,119.5,120.55000305175781,343314
2021-11-09,121.8499984741211,123.3499984741211,121.55000305175781,122.5,171663
2021-11-10,120.44999694824219,123.0,119.5999984741211,121.0,185129
2021-11-11,119.6500015258789,121.4000015258789,119.1500015258789,120.25,111613
2021-11-12,117.94999694824219,121.9000015258789,116.80000305175781,120.30000305175781,487558
2021-11-15,117.05000305175781,119.25,116.44999694824219,117.8499984741211,200686
2021-11-16,116.75,118.0,115.19999694824219,117.44999694824219,170458
2021-11-17,121.3499984741211,123.3499984741211,116.30000305175781,117.0,1346933
2021-11-18,118.0999984741211,120.80000305175781,117.0999984741211,119.3499984741211,346557
2021-11-22,114.05000305175781,118.55000305175781,113.19999694824219,118.5,224025
2021-11-23,115.19999694824219,116.75,111.4000015258789,113.0999984741211,318352
2021-11-24,115.5999984741211,118.80000305175781,115.0,115.25,242448
2021-11-25,115.3499984741211,116.6500015258789,115.05000305175781,116.0,182236
2021-11-26,112.0,115.0999984741211,111.0999984741211,115.0,262687
2021-11-29,108.6500015258789,113.0,107.5,113.0,196387
2021-11-30,110.05000305175781,118.80000305175781,108.9000015258789,108.9000015258789,496141
2021-12-01,110.55000305175781,111.5,110.0,111.4000015258789,136438
2021-12-02,109.80000305175781,111.8499984741211,108.9000015258789,110.8499984741211,255812
2021-12-03,110.3499984741211,112.4000015258789,110.1500015258789,111.0,159346
2021-12-06,111.0,114.4000015258789,110.19999694824219,111.69999694824219,487522
2021-12-07,111.9000015258789,114.0,111.1500015258789,111.94999694824219,247608
2021-12-08,112.4000015258789,113.75,112.0,112.4000015258789,161580
2021-12-09,118.6500015258789,119.9000015258789,112.3499984741211,113.0999984741211,1823534
2021-12-10,116.6500015258789,118.25,116.25,117.0,384044
2021-12-13,119.30000305175781,121.0,116.44999694824219,117.19999694824219,876225
2021-12-14,117.80000305175781,119.3499984741211,117.19999694824219,118.5,211637
2021-12-15,119.4000015258789,121.5999984741211,116.5999984741211,117.30000305175781,792875
2021-12-16,116.55000305175781,119.55000305175781,116.1500015258789,119.55000305175781,197835
2021-12-17,113.1500015258789,117.0,112.1500015258789,117.0,356071
2021-12-20,110.5999984741211,115.19999694824219,109.30000305175781,112.0999984741211,712085
2021-12-21,112.05000305175781,115.1500015258789,111.5999984741211,112.25,386356
2021-12-22,113.0,114.5,112.3499984741211,112.3499984741211,152367
2021-12-23,115.0,116.9000015258789,113.4000015258789,113.80000305175781,330132
2021-12-24,116.0999984741211,118.4000015258789,113.80000305175781,115.8499984741211,529507
2021-12-27,117.9000015258789,120.5999984741211,115.19999694824219,117.0,1018600
2021-12-28,122.8499984741211,124.80000305175781,118.6500015258789,118.8499984741211,2553588
2021-12-29,120.3499984741211,124.69999694824219,120.0,122.5,899048
2021-12-30,117.1500015258789,121.30000305175781,116.19999694824219,120.25,473804
2021-12-31,117.75,119.55000305175781,116.5999984741211,116.5999984741211,356838
2022-01-03,118.1500015258789,119.44999694824219,118.0,118.5,231126
2022-01-04,118.0999984741211,119.30000305175781,117.5,118.30000305175781,252286
2022-01-05,118.80000305175781,119.69999694824219,117.44999694824219,118.80000305175781,323534
2022-01-06,118.25,118.80000305175781,117.44999694824219,117.69999694824219,125608
2022-01-07,118.05000305175781,119.75,117.69999694824219,118.25,194464
2022-01-10,118.94999694824219,119.69999694824219,118.0999984741211,118.0999984741211,197003
2022-01-11,119.69999694824219,122.80000305175781,118.3499984741211,118.9000015258789,584507
2022-01-12,119.6500015258789,121.44999694824219,119.44999694824219,120.55000305175781,223277
2022-01-13,119.0999984741211,121.30000305175781,118.80000305175781,120.44999694824219,178536
2022-01-14,119.75,123.0,118.69999694824219,119.0999984741211,751987
2022-01-17,120.4000015258789,121.30000305175781,119.80000305175781,119.80000305175781,254646
2022-01-18,119.94999694824219,122.6500015258789,119.80000305175781,122.6500015258789,216968
2022-01-19,118.69999694824219,119.80000305175781,117.5,119.0999984741211,138948
2022-01-20,120.25,122.3499984741211,118.0999984741211,118.44999694824219,654982
2022-01-21,117.75,120.6500015258789,117.0999984741211,120.0,185939
2022-01-24,113.4000015258789,118.3499984741211,113.0999984741211,117.5,284855
2022-01-25,114.05000305175781,115.0,112.25,113.0,184918
2022-01-27,113.69999694824219,114.55000305175781,112.55000305175781,114.0,144647
2022-01-28,114.44999694824219,116.6500015258789,114.0,114.69999694824219,137658
2022-01-31,115.19999694824219,116.8499984741211,114.5999984741211,115.30000305175781,98833
2022-02-01,116.05000305175781,119.94999694824219,115.25,117.0,539458
2022-02-02,118.5,120.44999694824219,118.05000305175781,119.5,313704
2022-02-03,116.94999694824219,118.5999984741211,116.6500015258789,117.5999984741211,139607
2022-02-04,116.5999984741211,118.25,116.05000305175781,117.0,116451
2022-02-07,116.30000305175781,117.55000305175781,115.30000305175781,116.5,125542
2022-02-08,114.94999694824219,116.8499984741211,114.5999984741211,116.0999984741211,168843
2022-02-09,114.94999694824219,116.5,114.0999984741211,115.30000305175781,161553
2022-02-10,114.80000305175781,115.75,114.55000305175781,114.94999694824219,106019
2022-02-11,113.94999694824219,114.8499984741211,113.8499984741211,114.5999984741211,100467
2022-02-14,110.0999984741211,111.5999984741211,110.0,111.0999984741211,180451
2022-02-15,110.55000305175781,112.0,107.25,110.8499984741211,172521
2022-02-16,115.94999694824219,116.5,110.69999694824219,111.4000015258789,483190
2022-02-17,109.1500015258789,121.69999694824219,106.30000305175781,117.9000015258789,3014788
2022-02-18,108.44999694824219,110.80000305175781,108.0,109.1500015258789,382465
2022-02-21,104.8499984741211,110.8499984741211,103.0999984741211,106.5,205981
2022-02-22,100.8499984741211,102.8499984741211,100.0,100.0,215454
2022-02-23,101.05000305175781,103.80000305175781,100.5999984741211,101.5,205697
2022-02-24,90.5999984741211,99.94999694824219,90.0,99.0,575909
2022-02-25,95.30000305175781,96.19999694824219,92.69999694824219,92.69999694824219,250170
2022-02-28,94.30000305175781,95.0,92.8499984741211,95.0,226000
2022-03-02,93.44999694824219,94.55000305175781,93.0,94.0,192644
2022-03-03,94.80000305175781,95.9000015258789,94.05000305175781,94.05000305175781,208341
2022-03-04,93.80000305175781,94.55000305175781,93.25,94.5,109965
2022-03-07,92.0999984741211,94.94999694824219,91.5999984741211,94.94999694824219,187311
2022-03-08,93.3499984741211,93.9000015258789,92.0,92.0999984741211,129344
2022-03-09,97.0,97.5,93.8499984741211,94.0999984741211,284292
2022-03-10,97.69999694824219,99.69999694824219,97.0999984741211,99.69999694824219,173241
2022-03-11,97.6500015258789,98.4000015258789,96.94999694824219,97.5999984741211,91049
2022-03-14,96.6500015258789,98.69999694824219,96.05000305175781,97.94999694824219,143577
2022-03-15,95.80000305175781,97.5999984741211,95.25,97.5999984741211,138219
2022-03-16,97.25,100.0,96.25,97.9000015258789,360039
2022-03-17,102.6500015258789,104.9000015258789,97.3499984741211,97.3499984741211,1538378
2022-03-21,101.05000305175781,103.3499984741211,100.0,103.3499984741211,270494
2022-03-22,101.05000305175781,102.75,100.25,101.5,181277
2022-03-23,100.25,102.94999694824219,100.0,101.8499984741211,174470
2022-03-24,100.25,101.25,99.5,99.8499984741211,175825
2022-03-25,100.0,102.69999694824219,99.44999694824219,101.05000305175781,347258
2022-03-28,98.4000015258789,100.80000305175781,98.05000305175781,100.5,201417
2022-03-29,95.8499984741211,99.19999694824219,95.5,97.5999984741211,319810
2022-03-30,98.5,101.0,97.05000305175781,97.05000305175781,955780
2022-03-31,96.44999694824219,99.0,96.0,98.8499984741211,216227
2022-04-01,99.1500015258789,100.4000015258789,95.5999984741211,95.5999984741211,207473
2022-04-04,102.19999694824219,103.80000305175781,99.75,99.9000015258789,361141
2022-04-05,102.3499984741211,102.9000015258789,100.0,102.9000015258789,229195
2022-04-06,103.0,104.9000015258789,101.69999694824219,102.3499984741211,344761
2022-04-07,103.6500015258789,105.6500015258789,103.1500015258789,103.5,360189
2022-04-08,104.55000305175781,106.25,103.19999694824219,104.0,246662
2022-04-11,104.05000305175781,105.3499984741211,103.55000305175781,105.3499984741211,127387
2022-04-12,102.5,104.1500015258789,101.4000015258789,103.75,152637
2022-04-13,102.55000305175781,103.6500015258789,102.0999984741211,102.5999984741211,133955
2022-04-18,103.75,105.5,99.4000015258789,101.9000015258789,298930
2022-04-19,100.75,103.80000305175781,99.5,103.80000305175781,196536
2022-04-20,101.55000305175781,103.0,101.0,102.5999984741211,144166
2022-04-21,101.75,102.80000305175781,101.4000015258789,102.5,102943
2022-04-22,103.1500015258789,104.5,101.05000305175781,101.1500015258789,261384
2022-04-25,101.4000015258789,102.9000015258789,100.6500015258789,102.69999694824219,132232
2022-04-26,101.69999694824219,102.9000015258789,101.0999984741211,101.0999984741211,78386
2022-04-27,101.25,102.6500015258789,99.5,101.4000015258789,137460
2022-04-28,100.4000015258789,101.94999694824219,100.0999984741211,101.94999694824219,80922
2022-04-29,100.6500015258789,104.0,100.0,101.4000015258789,394587
2022-05-02,98.0,100.1500015258789,97.3499984741211,100.0,132955
2022-05-04,95.55000305175781,99.30000305175781,94.4000015258789,98.0999984741211,197307
2022-05-05,93.05000305175781,96.9000015258789,92.4000015258789,96.0,160952
2022-05-06,91.0,92.44999694824219,89.75,91.5999984741211,209758
2022-05-09,89.69999694824219,90.94999694824219,88.5,90.94999694824219,107087
2022-05-10,88.9000015258789,91.0,88.0,89.9000015258789,89791
2022-05-11,83.44999694824219,89.19999694824219,82.6500015258789,88.5,206862
2022-05-12,81.44999694824219,84.44999694824219,81.0,84.44999694824219,130678
2022-05-13,83.6500015258789,84.9000015258789,82.0999984741211,82.0999984741211,95870
2022-05-16,86.80000305175781,97.5999984741211,83.6500015258789,84.69999694824219,511870
2022-05-17,87.6500015258789,88.25,86.30000305175781,86.80000305175781,143034
2022-05-18,87.94999694824219,89.9000015258789,87.5,88.30000305175781,129866
2022-05-19,85.9000015258789,86.80000305175781,85.0,85.0,42698
2022-05-20,87.6500015258789,88.69999694824219,86.5,87.0,83863
2022-05-23,88.1500015258789,92.5,86.5999984741211,87.55000305175781,276243
2022-05-24,86.0,89.5,85.25,88.1500015258789,53848
2022-05-25,84.0,88.9000015258789,83.25,88.9000015258789,102698
2022-05-26,98.94999694824219,100.69999694824219,86.0999984741211,86.0999984741211,11314025
2022-05-27,94.55000305175781,99.05000305175781,91.30000305175781,95.0,3646499
2022-05-30,93.19999694824219,95.5999984741211,92.19999694824219,93.5,611121
2022-05-31,91.8499984741211,94.0,90.3499984741211,92.0999984741211,328791
2022-06-01,92.5,93.5,92.1500015258789,93.25,192780
2022-06-02,92.0999984741211,93.44999694824219,91.3499984741211,92.69999694824219,142088
2022-06-03,93.44999694824219,96.5999984741211,92.0999984741211,92.75,931569
2022-06-06,92.55000305175781,94.0,91.80000305175781,93.0,203868
2022-06-07,92.4000015258789,94.5999984741211,91.3499984741211,91.80000305175781,309930
2022-06-08,91.80000305175781,94.05000305175781,91.1500015258789,92.8499984741211,263122
2022-06-09,91.25,92.5,91.0,92.25,93045
2022-06-10,90.6500015258789,91.75,90.1500015258789,90.69999694824219,127958
2022-06-13,87.5999984741211,90.4000015258789,87.0999984741211,90.0999984741211,93081
2022-06-14,88.9000015258789,91.4000015258789,86.80000305175781,87.4000015258789,216801
2022-06-15,88.80000305175781,90.9000015258789,87.69999694824219,88.0999984741211,324466
2022-06-16,84.9000015258789,90.69999694824219,84.05000305175781,90.4000015258789,234009
2022-06-17,82.6500015258789,86.0,81.69999694824219,86.0,245062
2022-06-20,93.0,95.0,84.0999984741211,84.8499984741211,8406908
2022-06-21,88.9000015258789,91.4000015258789,88.1500015258789,90.30000305175781,1856660
2022-06-22,104.19999694824219,106.30000305175781,88.5,89.69999694824219,19936551
2022-06-23,107.5999984741211,114.19999694824219,98.0999984741211,100.0999984741211,21889048
2022-06-24,106.05000305175781,114.0,105.05000305175781,105.5,13604145
2022-06-27,106.25,112.5,105.55000305175781,107.5999984741211,6242273
2022-06-28,103.5,109.55000305175781,101.80000305175781,107.05000305175781,3269742
2022-06-29,101.9000015258789,105.30000305175781,100.5,103.0,1843002
2022-06-30,100.6500015258789,104.4000015258789,100.0,103.0,1297671
2022-07-01,98.4000015258789,103.0,97.1500015258789,100.6500015258789,1243276
2022-07-04,99.80000305175781,102.94999694824219,98.4000015258789,98.4000015258789,1172624
2022-07-05,97.75,100.55000305175781,97.0,100.4000015258789,982513
2022-07-06,97.8499984741211,100.25,97.0999984741211,98.25,856314
2022-07-07,98.55000305175781,101.5,97.55000305175781,98.5999984741211,1242754
2022-07-08,98.0,100.0999984741211,96.8499984741211,99.0999984741211,558080
2022-07-11,98.0,101.19999694824219,97.1500015258789,98.5999984741211,919345
2022-07-12,114.30000305175781,116.80000305175781,101.30000305175781,101.69999694824219,32364760
2022-07-13,111.8499984741211,115.80000305175781,110.1500015258789,114.3499984741211,8915049
2022-07-14,108.4000015258789,112.0999984741211,106.80000305175781,111.8499984741211,3743805
2022-07-15,120.5999984741211,123.9000015258789,108.0,109.44999694824219,42260379
2022-07-18,117.3499984741211,121.9000015258789,116.5,119.55000305175781,7332995
2022-07-19,123.5,128.6999969482422,117.44999694824219,117.9000015258789,16347692
2022-07-20,123.4000015258789,127.9000015258789,121.25,125.9000015258789,4195261
2022-07-21,124.5999984741211,129.64999389648438,123.5,124.05000305175781,5014333
2022-07-22,120.75,127.05000305175781,119.75,125.6500015258789,2597540
2022-07-25,122.25,124.80000305175781,120.8499984741211,121.5999984741211,2429866
2022-07-26,119.4000015258789,124.25,117.80000305175781,122.9000015258789,2068709
2022-07-27,117.19999694824219,120.69999694824219,116.3499984741211,119.80000305175781,1686935
2022-07-28,117.0999984741211,119.75,116.1500015258789,118.4000015258789,1183844
2022-07-29,116.75,120.1500015258789,116.25,118.4000015258789,1487450
2022-08-01,117.25,119.4000015258789,116.5,117.0,1046213
2022-08-02,117.30000305175781,119.19999694824219,116.69999694824219,117.0999984741211,1055235
2022-08-03,119.55000305175781,124.80000305175781,117.0999984741211,117.30000305175781,5527257
2022-08-04,117.9000015258789,121.8499984741211,116.0,120.0,1462848
2022-08-05,117.30000305175781,119.25,116.9000015258789,118.5,657215
2022-08-08,117.19999694824219,120.05000305175781,116.69999694824219,117.80000305175781,794620
2022-08-10,117.0999984741211,119.0999984741211,116.5999984741211,117.75,770610
2022-08-11,112.5,115.94999694824219,111.94999694824219,115.94999694824219,1484931
2022-08-12,113.69999694824219,115.94999694824219,112.19999694824219,112.94999694824219,1500351
2022-08-16,113.6500015258789,114.8499984741211,113.05000305175781,114.25,456623
2022-08-17,113.69999694824219,115.0,113.30000305175781,114.0,480890
2022-08-18,113.75,115.30000305175781,113.4000015258789,113.44999694824219,322877
2022-08-19,117.80000305175781,121.9000015258789,115.55000305175781,115.55000305175781,6231866
2022-08-22,114.30000305175781,116.94999694824219,113.4000015258789,116.80000305175781,618719
2022-08-23,114.1500015258789,115.0999984741211,112.80000305175781,113.0,444934
2022-08-24,114.5,116.05000305175781,114.1500015258789,114.69999694824219,458172
2022-08-25,115.4000015258789,118.30000305175781,115.0,115.0,814240
2022-08-26,114.05000305175781,116.5,113.44999694824219,116.25,376433
2022-08-29,112.69999694824219,114.69999694824219,110.69999694824219,111.0,511462
2022-08-30,113.55000305175781,115.30000305175781,112.9000015258789,113.69999694824219,409796
2022-09-01,113.69999694824219,116.44999694824219,113.0,113.0,630145
2022-09-02,113.25,115.0,113.0,114.30000305175781,327668
2022-09-05,115.30000305175781,117.6500015258789,113.0999984741211,113.9000015258789,1434861
2022-09-06,114.0999984741211,116.30000305175781,113.75,115.9000015258789,325895
2022-09-07,114.0,114.94999694824219,113.5999984741211,113.9000015258789,321216
2022-09-08,114.5,115.75,114.0999984741211,114.8499984741211,375474
2022-09-09,113.55000305175781,115.3499984741211,113.0,115.1500015258789,218679
2022-09-12,113.5999984741211,115.05000305175781,113.19999694824219,114.1500015258789,237107
2022-09-13,113.5,115.19999694824219,113.30000305175781,114.30000305175781,333490
2022-09-14,112.6500015258789,113.5,112.05000305175781,112.75,244679
2022-09-15,111.8499984741211,113.75,111.5,113.5,254454
2022-09-16,109.5,112.0,109.0,111.69999694824219,383161
2022-09-19,109.75,112.5,107.1500015258789,109.5,474192
2022-09-20,109.05000305175781,111.44999694824219,108.25,110.5999984741211,199483
2022-09-21,108.25,111.4000015258789,108.0,109.0,291491
2022-09-22,109.75,110.44999694824219,107.6500015258789,108.5,306542
2022-09-23,105.44999694824219,110.8499984741211,104.55000305175781,110.0,253775
2022-09-26,100.69999694824219,104.4000015258789,100.0,102.19999694824219,399267
2022-09-27,103.44999694824219,104.75,100.4000015258789,101.19999694824219,401703
2022-09-28,112.1500015258789,114.75,103.30000305175781,103.4000015258789,13092095
2022-09-29,106.8499984741211,111.4000015258789,106.0999984741211,110.5999984741211,1922322
2022-09-30,105.44999694824219,107.5,103.6500015258789,105.0,944898
2022-10-03,108.3499984741211,111.94999694824219,105.3499984741211,106.4000015258789,2029882
2022-10-04,108.5,110.1500015258789,107.55000305175781,109.5999984741211,526744
2022-10-06,108.25,111.0,107.80000305175781,108.5999984741211,351907
2022-10-07,109.0,110.19999694824219,107.80000305175781,108.69999694824219,391425
2022-10-10,108.19999694824219,110.19999694824219,107.0,107.80000305175781,577770
2022-10-11,105.0999984741211,109.05000305175781,104.6500015258789,108.25,294241
2022-10-12,104.55000305175781,106.5,103.9000015258789,105.5999984741211,209862
2022-10-13,104.1500015258789,105.75,103.30000305175781,104.0,267212
2022-10-14,101.5,106.55000305175781,100.0,105.05000305175781,350658
2022-10-17,101.5,102.94999694824219,99.69999694824219,101.44999694824219,289858
2022-10-18,102.25,103.5999984741211,101.0,102.0999984741211,237531
2022-10-19,101.94999694824219,103.55000305175781,101.5,102.75,230730
2022-10-20,105.30000305175781,106.9000015258789,101.8499984741211,102.0,1796000
2022-10-21,103.3499984741211,106.0999984741211,102.80000305175781,105.5,190977
2022-10-24,103.9000015258789,105.0,103.0,103.9000015258789,92307
2022-10-25,103.8499984741211,105.9000015258789,103.19999694824219,104.44999694824219,208933
2022-10-27,104.19999694824219,105.30000305175781,103.25,104.9000015258789,173847
2022-10-28,103.80000305175781,105.0,103.30000305175781,103.5,150313
2022-10-31,106.0999984741211,107.69999694824219,104.0,104.3499984741211,600236
2022-11-01,115.0999984741211,117.44999694824219,108.80000305175781,108.8499984741211,10318938
2022-11-02,114.6500015258789,116.69999694824219,113.0,114.5,1944813
2022-11-03,112.75,114.4000015258789,112.0999984741211,113.0,633484
2022-11-04,113.3499984741211,114.5,112.0999984741211,113.9000015258789,372667
2022-11-07,110.5,112.5999984741211,110.0,110.3499984741211,481142
2022-11-09,110.4000015258789,112.19999694824219,109.69999694824219,111.0,426371
2022-11-10,109.5,110.94999694824219,108.5,110.5,193201
2022-11-11,110.9000015258789,112.69999694824219,108.19999694824219,110.75,1130923
2022-11-14,109.1500015258789,110.94999694824219,108.0999984741211,110.4000015258789,240165
2022-11-15,108.1500015258789,109.9000015258789,107.9000015258789,109.5,163435
2022-11-16,111.44999694824219,113.30000305175781,108.30000305175781,108.30000305175781,909061
2022-11-17,110.69999694824219,112.19999694824219,110.25,110.94999694824219,236131
2022-11-18,108.8499984741211,111.25,108.3499984741211,110.9000015258789,193507
2022-11-21,109.19999694824219,110.0999984741211,107.8499984741211,109.4000015258789,176057
2022-11-22,108.3499984741211,109.80000305175781,108.0,109.44999694824219,154653
2022-11-23,111.44999694824219,112.30000305175781,108.5,108.9000015258789,659963
2022-11-24,111.69999694824219,114.9000015258789,110.05000305175781,111.44999694824219,890136
2022-11-25,111.3499984741211,113.75,110.94999694824219,112.30000305175781,564489
2022-11-28,115.19999694824219,117.4000015258789,111.25,111.25,1621289
2022-11-29,114.3499984741211,118.0999984741211,113.4000015258789,114.69999694824219,1234014
2022-11-30,114.1500015258789,115.1500015258789,113.69999694824219,115.1500015258789,330095
2022-12-01,115.55000305175781,119.0,113.9000015258789,114.94999694824219,1483618
2022-12-02,114.5,116.9000015258789,113.05000305175781,116.9000015258789,444620
2022-12-05,114.0,117.4000015258789,113.1500015258789,114.0,652092
2022-12-06,114.30000305175781,115.0,113.1500015258789,114.5,333968
2022-12-07,113.9000015258789,115.0,113.1500015258789,114.80000305175781,334067
2022-12-08,113.4000015258789,116.9000015258789,113.0,114.5999984741211,278538
2022-12-09,110.19999694824219,114.69999694824219,109.5,113.9000015258789,457996
2022-12-12,111.5,112.30000305175781,109.05000305175781,110.94999694824219,211275
2022-12-13,111.69999694824219,112.5999984741211,111.5,111.80000305175781,186146
2022-12-14,111.19999694824219,113.30000305175781,110.80000305175781,111.9000015258789,281702
2022-12-15,111.75,115.25,110.5999984741211,111.5,623919
2022-12-16,109.19999694824219,112.19999694824219,108.75,111.75,306534
2022-12-19,110.0,111.0,108.80000305175781,109.3499984741211,315543
2022-12-20,109.94999694824219,110.44999694824219,108.69999694824219,110.3499984741211,179572
2022-12-21,106.0999984741211,113.0,105.4000015258789,110.69999694824219,474735
2022-12-22,107.3499984741211,109.5,103.0999984741211,106.9000015258789,431694
2022-12-23,98.44999694824219,105.94999694824219,96.5,104.3499984741211,449654
2022-12-26,102.25,102.9000015258789,98.5,98.5,345237
2022-12-27,103.0,104.9000015258789,102.25,103.5999984741211,227689
2022-12-28,104.19999694824219,104.94999694824219,103.1500015258789,103.55000305175781,309187
2022-12-29,103.0999984741211,104.1500015258789,101.8499984741211,104.1500015258789,169053
2022-12-30,103.5999984741211,104.8499984741211,103.30000305175781,103.5,157517
2023-01-02,106.3499984741211,107.0,103.5,103.94999694824219,312724
2023-01-03,105.19999694824219,106.80000305175781,104.5999984741211,106.80000305175781,197597
2023-01-04,104.0999984741211,105.69999694824219,103.5999984741211,105.25,140233
2023-01-05,104.0,104.94999694824219,103.19999694824219,104.9000015258789,120737
2023-01-06,102.6500015258789,104.6500015258789,101.5999984741211,104.30000305175781,168560
2023-01-09,103.19999694824219,104.4000015258789,102.80000305175781,103.4000015258789,127798
2023-01-10,103.1500015258789,103.9000015258789,102.0,103.30000305175781,91503
2023-01-11,104.0999984741211,105.30000305175781,103.1500015258789,103.80000305175781,300221
2023-01-12,103.6500015258789,104.9000015258789,102.9000015258789,104.75,89379
2023-01-13,109.3499984741211,111.44999694824219,105.80000305175781,107.0,8375379
2023-01-16,106.3499984741211,108.30000305175781,106.0,107.3499984741211,587816
2023-01-17,105.1500015258789,106.30000305175781,104.55000305175781,106.30000305175781,234750
2023-01-18,105.19999694824219,107.0,104.1500015258789,105.6500015258789,361194
2023-01-19,105.30000305175781,106.6500015258789,104.55000305175781,104.55000305175781,462926
2023-01-20,104.30000305175781,105.94999694824219,103.69999694824219,105.80000305175781,147505
2023-01-23,103.5999984741211,105.5,103.19999694824219,104.9000015258789,266288
2023-01-24,103.5999984741211,104.3499984741211,103.19999694824219,103.25,179522
2023-01-25,102.0,103.8499984741211,101.5999984741211,103.3499984741211,179384
2023-01-27,100.5,103.55000305175781,99.55000305175781,102.69999694824219,186123
2023-01-30,100.5999984741211,101.44999694824219,99.44999694824219,100.5,180648
2023-01-31,102.9000015258789,103.0999984741211,100.6500015258789,100.6500015258789,182511
2023-02-01,100.44999694824219,104.55000305175781,99.5,102.94999694824219,268752
2023-02-02,100.75,101.75,99.80000305175781,100.0,126835
2023-02-03,100.05000305175781,102.0,98.4000015258789,101.4000015258789,187149
2023-02-06,100.30000305175781,102.9000015258789,99.3499984741211,99.3499984741211,100704
2023-02-07,100.0,101.1500015258789,99.25,100.9000015258789,94762
2023-02-08,100.75,101.9000015258789,99.5,99.94999694824219,121223
2023-02-09,100.19999694824219,101.9000015258789,99.55000305175781,100.9000015258789,142631
2023-02-10,100.30000305175781,101.3499984741211,100.05000305175781,100.75,87097
2023-02-13,99.44999694824219,101.05000305175781,99.0,100.69999694824219,71637
2023-02-14,98.8499984741211,99.9000015258789,98.4000015258789,99.05000305175781,87787
2023-02-15,98.80000305175781,99.75,98.1500015258789,98.80000305175781,76808
2023-02-16,99.4000015258789,99.9000015258789,99.0,99.69999694824219,74317
2023-02-17,98.4000015258789,99.80000305175781,98.05000305175781,99.5999984741211,94646
2023-02-20,97.69999694824219,98.9000015258789,97.0999984741211,98.44999694824219,108002
2023-02-21,97.1500015258789,98.5,96.55000305175781,97.8499984741211,161234
2023-02-22,99.25,105.80000305175781,98.0,98.0,5281584
2023-02-23,97.80000305175781,100.5,97.25,99.25,317574
2023-02-24,97.30000305175781,98.69999694824219,96.80000305175781,98.30000305175781,157984
2023-02-27,94.5999984741211,99.0,94.0,97.69999694824219,197565
2023-02-28,94.25,95.55000305175781,93.30000305175781,95.55000305175781,120148
2023-03-01,95.3499984741211,96.55000305175781,94.4000015258789,94.5,188383
2023-03-02,94.6500015258789,96.44999694824219,94.4000015258789,95.5,109132
2023-03-03,95.0,95.75,94.5999984741211,94.94999694824219,148785
2023-03-06,95.4000015258789,96.5,95.0999984741211,95.69999694824219,174717
2023-03-08,95.3499984741211,96.4000015258789,94.6500015258789,96.4000015258789,105611
2023-03-09,95.30000305175781,96.19999694824219,95.05000305175781,95.05000305175781,81495
2023-03-10,94.19999694824219,94.80000305175781,93.80000305175781,94.80000305175781,82442
2023-03-13,91.94999694824219,94.75,91.4000015258789,94.44999694824219,121367
2023-03-14,90.94999694824219,94.19999694824219,89.69999694824219,92.0,112143
2023-03-15,90.75,92.19999694824219,90.30000305175781,91.75,89659
2023-03-16,89.4000015258789,91.9000015258789,88.19999694824219,91.9000015258789,125706
2023-03-17,90.25,90.94999694824219,89.0,90.75,115663
2023-03-20,89.25,94.3499984741211,88.5999984741211,90.19999694824219,95362
2023-03-21,88.69999694824219,90.5,88.55000305175781,90.44999694824219,77477
2023-03-22,88.94999694824219,89.75,88.6500015258789,89.44999694824219,58278
2023-03-23,87.6500015258789,89.25,87.1500015258789,88.94999694824219,100136
2023-03-24,98.19999694824219,99.94999694824219,88.30000305175781,88.80000305175781,16645375
2023-03-27,90.8499984741211,96.4000015258789,88.1500015258789,94.44999694824219,2884242
2023-03-28,87.0999984741211,91.19999694824219,86.55000305175781,90.4000015258789,856394
2023-03-29,90.3499984741211,94.80000305175781,88.5999984741211,88.5999984741211,7582782
2023-03-31,90.1500015258789,92.55000305175781,89.0,91.9000015258789,683284
2023-04-03,91.0,91.80000305175781,90.25,91.30000305175781,300017
2023-04-05,91.5999984741211,92.8499984741211,91.0,91.0999984741211,285979
2023-04-06,91.5,92.0,90.9000015258789,92.0,142637
2023-04-10,91.5999984741211,92.5,90.69999694824219,91.5,164153
2023-04-11,91.8499984741211,92.30000305175781,91.44999694824219,91.9000015258789,103549
2023-04-12,91.8499984741211,93.0,91.6500015258789,92.25,162607
2023-04-13,91.3499984741211,92.3499984741211,91.0,91.69999694824219,117259
2023-04-17,91.25,92.19999694824219,90.0,91.69999694824219,128018
2023-04-18,94.69999694824219,99.5999984741211,91.05000305175781,91.05000305175781,9252284
2023-04-19,93.69999694824219,95.80000305175781,93.30000305175781,95.0,638302
2023-04-20,93.5999984741211,94.94999694824219,93.0,94.44999694824219,167604
2023-04-21,94.5999984741211,97.9000015258789,92.9000015258789,93.69999694824219,1715861
2023-04-24,93.8499984741211,95.55000305175781,93.5,95.5,232605
2023-04-25,94.3499984741211,95.5,93.8499984741211,93.8499984741211,251310
2023-04-26,94.5,96.80000305175781,93.5,94.0,340796
2023-04-27,94.55000305175781,95.55000305175781,94.0999984741211,94.94999694824219,173036
2023-04-28,95.1500015258789,96.0999984741211,94.69999694824219,94.69999694824219,271290
2023-05-02,95.75,96.94999694824219,95.0999984741211,95.4000015258789,214259
2023-05-03,96.5,97.0999984741211,94.94999694824219,95.5,273167
2023-05-04,97.19999694824219,99.0,96.55000305175781,96.8499984741211,469887
2023-05-05,105.5999984741211,111.5,97.1500015258789,97.6500015258789,26036411
2023-05-08,102.9000015258789,105.5999984741211,102.4000015258789,105.5999984741211,1249731
2023-05-09,106.6500015258789,112.44999694824219,103.25,103.25,11749874
2023-05-10,104.44999694824219,107.0999984741211,103.4000015258789,106.1500015258789,820010
2023-05-11,107.5,111.3499984741211,105.30000305175781,105.4000015258789,5053845
2023-05-12,105.44999694824219,107.44999694824219,105.0,105.5999984741211,636492
2023-05-15,105.44999694824219,107.9000015258789,103.5,105.1500015258789,850180
2023-05-16,105.44999694824219,107.25,104.80000305175781,105.9000015258789,486657
2023-05-17,106.6500015258789,109.5999984741211,105.19999694824219,106.0,1245438
2023-05-18,104.80000305175781,107.9000015258789,104.19999694824219,107.5999984741211,463196
2023-05-19,104.5999984741211,105.9000015258789,102.8499984741211,105.55000305175781,385678
2023-05-22,106.05000305175781,109.94999694824219,105.25,107.25,1415487
2023-05-23,109.44999694824219,113.69999694824219,108.69999694824219,111.0999984741211,6155969
2023-05-24,107.9000015258789,110.0,107.5,109.44999694824219,598950
2023-05-25,107.0,108.05000305175781,106.30000305175781,108.05000305175781,361676
2023-05-26,106.44999694824219,107.55000305175781,106.0999984741211,106.25,263199
2023-05-29,106.6500015258789,107.25,106.1500015258789,107.25,287229
2023-05-30,104.94999694824219,105.6500015258789,104.5999984741211,104.80000305175781,411051
2023-05-31,105.30000305175781,106.75,104.5,104.80000305175781,238112
2023-06-01,105.80000305175781,106.8499984741211,105.30000305175781,106.0,242888
2023-06-02,105.5,106.5,105.0,105.80000305175781,169577
2023-06-05,108.69999694824219,109.5,105.5,105.5999984741211,985922
2023-06-06,108.5,109.1500015258789,107.5,108.69999694824219,269570
2023-06-07,113.55000305175781,116.0,108.19999694824219,108.5,5680058
2023-06-08,111.44999694824219,114.6500015258789,110.3499984741211,114.6500015258789,951334
2023-06-09,110.25,113.30000305175781,110.0,111.5,550899
2023-06-12,108.3499984741211,109.0,107.4000015258789,108.80000305175781,478410
2023-06-13,108.5,110.44999694824219,108.0,108.94999694824219,296054
2023-06-14,108.4000015258789,109.1500015258789,107.80000305175781,108.19999694824219,183728
2023-06-15,107.55000305175781,108.69999694824219,107.1500015258789,108.5,209117
2023-06-16,108.30000305175781,109.3499984741211,107.5,107.5,220585
2023-06-19,108.75,109.9000015258789,107.80000305175781,108.9000015258789,291968
2023-06-20,110.8499984741211,115.0,110.25,110.5999984741211,2513225
2023-06-21,110.19999694824219,112.0999984741211,109.8499984741211,111.0999984741211,507534
2023-06-22,108.75,110.5,108.5,109.94999694824219,252977
2023-06-23,108.05000305175781,108.80000305175781,107.19999694824219,108.80000305175781,199015
2023-06-26,108.6500015258789,109.0,107.55000305175781,108.44999694824219,179049
2023-06-27,108.5999984741211,109.5999984741211,108.25,108.9000015258789,164264
2023-06-28,107.9000015258789,108.94999694824219,107.5999984741211,108.94999694824219,144612
2023-06-30,107.5,108.5,107.0,108.0,184681
2023-07-03,108.4000015258789,109.6500015258789,107.3499984741211,108.0,231972
2023-07-04,107.25,108.80000305175781,106.6500015258789,108.6500015258789,206355
2023-07-05,109.5999984741211,112.0,107.30000305175781,107.9000015258789,1084219
2023-07-06,109.1500015258789,110.0,108.6500015258789,109.3499984741211,221700
2023-07-07,108.6500015258789,109.5,108.0999984741211,108.69999694824219,188944
2023-07-10,108.4000015258789,109.0,107.4000015258789,108.80000305175781,165275
2023-07-11,108.0,108.94999694824219,107.80000305175781,108.0999984741211,205712
2023-07-12,108.0,109.5999984741211,107.8499984741211,108.44999694824219,190142
2023-07-13,106.80000305175781,110.6500015258789,106.4000015258789,108.1500015258789,468583
2023-07-14,107.8499984741211,108.6500015258789,106.80000305175781,107.30000305175781,176897
2023-07-17,108.44999694824219,109.6500015258789,108.1500015258789,108.9000015258789,275128
2023-07-18,110.75,113.0,109.55000305175781,110.69999694824219,2048719
2023-07-19,109.5,111.3499984741211,109.0999984741211,111.0999984741211,423827
2023-07-20,108.9000015258789,110.30000305175781,108.5999984741211,109.5,206268
2023-07-21,109.80000305175781,111.4000015258789,108.1500015258789,108.1500015258789,432761
2023-07-24,109.6500015258789,111.25,109.19999694824219,110.5,336583
2023-07-25,108.69999694824219,109.94999694824219,108.4000015258789,109.6500015258789,190022
2023-07-26,108.6500015258789,109.5,108.55000305175781,109.19999694824219,166912
2023-07-27,112.8499984741211,114.0,108.8499984741211,108.94999694824219,2158252
2023-07-28,112.94999694824219,114.3499984741211,111.4000015258789,113.4000015258789,768781
2023-07-31,112.5,113.5,112.0,113.0,354024
2023-08-01,113.0999984741211,114.4000015258789,112.0,112.5,514812
2023-08-02,110.3499984741211,113.75,108.8499984741211,113.0999984741211,593265
2023-08-03,110.55000305175781,111.30000305175781,109.5999984741211,109.9000015258789,175998
2023-08-04,110.19999694824219,111.9000015258789,110.05000305175781,111.0,219766
2023-08-07,119.9000015258789,120.9000015258789,110.94999694824219,111.4000015258789,9395794
2023-08-08,121.44999694824219,125.5,119.25,121.9000015258789,5627646
2023-08-09,119.5,121.75,117.44999694824219,121.6500015258789,1179463
2023-08-10,118.69999694824219,123.0,116.75,120.0,872405
2023-08-11,117.9000015258789,119.94999694824219,117.19999694824219,117.30000305175781,519918
2023-08-14,113.30000305175781,118.8499984741211,112.25,118.8499984741211,736063
2023-08-16,114.5999984741211,118.0,113.44999694824219,113.5,1006811
2023-08-17,114.0999984741211,117.3499984741211,113.4000015258789,115.5,503177
2023-08-18,113.0,115.3499984741211,112.55000305175781,115.0,296535
2023-08-21,113.0,114.6500015258789,112.5999984741211,113.3499984741211,323177
2023-08-22,115.80000305175781,117.0,113.05000305175781,113.05000305175781,818545
2023-08-23,118.19999694824219,121.69999694824219,116.0,116.1500015258789,2107914
2023-08-24,118.4000015258789,122.9000015258789,117.5999984741211,122.0,1352328
2023-08-25,115.8499984741211,118.25,115.30000305175781,117.94999694824219,386520
2023-08-28,117.80000305175781,121.9000015258789,115.80000305175781,116.0,1174382
2023-08-29,118.5999984741211,119.69999694824219,118.0999984741211,118.69999694824219,430311
2023-08-30,118.05000305175781,120.05000305175781,117.3499984741211,119.5999984741211,362829
2023-08-31,119.8499984741211,123.4000015258789,119.0,120.19999694824219,2012147
2023-09-01,120.4000015258789,123.19999694824219,118.75,119.94999694824219,1159391
2023-09-04,127.9000015258789,129.64999389648438,121.0,121.3499984741211,6623100
2023-09-05,126.5999984741211,131.60000610351562,125.4000015258789,128.8000030517578,3138678
2023-09-06,127.69999694824219,128.85000610351562,122.44999694824219,127.0,1336620
2023-09-07,127.4000015258789,129.85000610351562,127.0999984741211,128.39999389648438,936329
2023-09-08,124.44999694824219,128.39999389648438,124.0999984741211,128.3000030517578,858094
2023-09-11,149.3000030517578,149.3000030517578,124.5,125.44999694824219,18189219
2023-09-12,167.25,176.8000030517578,155.0,156.0,75253074
2023-09-13,199.64999389648438,200.6999969482422,156.0,158.9499969482422,45652487
2023-09-14,197.14999389648438,213.3000030517578,188.35000610351562,204.0,42234570
2023-09-15,196.5500030517578,203.4499969482422,192.0,193.5,9970210
2023-09-18,188.60000610351562,199.60000610351562,186.1999969482422,196.85000610351562,3378751
2023-09-20,181.89999389648438,188.5500030517578,179.3000030517578,188.5500030517578,2706193
2023-09-21,173.5,183.64999389648438,172.5500030517578,180.0,2138204
2023-09-22,190.85000610351562,190.85000610351562,174.14999389648438,175.0,6382500
2023-09-25,198.3000030517578,205.35000610351562,194.10000610351562,195.5,9495218
2023-09-26,192.89999389648438,197.8000030517578,192.0,196.9499969482422,1941897
2023-09-27,206.64999389648438,209.8000030517578,191.0500030517578,192.10000610351562,12682788
2023-09-28,203.1999969482422,209.0,202.0500030517578,204.4499969482422,6607144
2023-09-29,201.10000610351562,208.0,200.10000610351562,204.25,4020979
2023-10-03,201.0,205.6999969482422,200.1999969482422,201.89999389648438,2423273
2023-10-04,193.85000610351562,202.8000030517578,190.0500030517578,200.6999969482422,2354034
2023-10-05,194.0,199.8000030517578,191.1999969482422,195.0,1730029
2023-10-06,192.0,196.4499969482422,191.10000610351562,195.35000610351562,982100
2023-10-09,215.0,225.89999389648438,184.1999969482422,190.1999969482422,44089403
2023-10-10,221.6999969482422,234.6999969482422,214.14999389648438,215.9499969482422,35550221
2023-10-11,229.5,233.25,223.0500030517578,225.39999389648438,13683868
2023-10-12,225.9499969482422,233.75,224.0,230.5500030517578,6522744
2023-10-13,271.1000061035156,271.1000061035156,224.85000610351562,225.9499969482422,58660431
2023-10-16,291.1499938964844,296.3999938964844,261.1499938964844,270.45001220703125,32483638
2023-10-17,316.75,320.25,292.25,292.70001220703125,19669653
2023-10-18,290.29998779296875,337.5,285.1000061035156,327.0,34347039
2023-10-19,288.1000061035156,298.70001220703125,279.0,282.95001220703125,13618763
2023-10-20,293.54998779296875,307.5,290.70001220703125,290.70001220703125,11914774
2023-10-23,264.8999938964844,300.95001220703125,264.20001220703125,296.5,6348862
2023-10-25,264.3500061035156,277.95001220703125,250.5,269.04998779296875,6881705
2023-10-26,269.25,278.6499938964844,251.5,262.75,7124413
2023-10-27,272.6499938964844,281.8999938964844,270.54998779296875,272.8999938964844,3795236
2023-10-30,271.0,278.95001220703125,268.0,273.5,2673089
2023-10-31,269.8999938964844,278.29998779296875,268.1499938964844,272.0,2274352
2023-11-01,265.8500061035156,274.75,264.1000061035156,271.45001220703125,1628301
2023-11-02,271.1499938964844,276.3999938964844,262.5,269.79998779296875,2602206
2023-11-03,271.29998779296875,276.3500061035156,269.0,273.70001220703125,1939446
2023-11-06,278.0,287.6499938964844,271.1000061035156,273.79998779296875,4982001
2023-11-07,276.04998779296875,281.8500061035156,275.0,279.8500061035156,1501576
2023-11-08,271.75,278.29998779296875,270.25,277.3999938964844,1425853
2023-11-09,261.70001220703125,273.1000061035156,245.0,272.6000061035156,1303643
2023-11-10,258.8999938964844,266.5,257.04998779296875,261.95001220703125,1050549
2023-11-13,265.54998779296875,273.0,260.95001220703125,264.5,1730308
2023-11-15,266.04998779296875,272.6000061035156,265.0,268.3999938964844,925206
2023-11-16,266.70001220703125,270.95001220703125,264.25,266.45001220703125,962093
2023-11-17,260.3500061035156,267.8500061035156,259.5,265.0,703345
2023-11-20,278.75,286.3500061035156,265.79998779296875,266.3999938964844,10365807
2023-11-21,275.70001220703125,283.75,274.1000061035156,281.79998779296875,2276400
2023-11-22,273.54998779296875,282.79998779296875,272.20001220703125,275.5,2192735
2023-11-23,278.1000061035156,281.79998779296875,272.79998779296875,274.70001220703125,2002298
2023-11-24,282.54998779296875,292.29998779296875,278.25,280.0,5659998
2023-11-28,275.6000061035156,285.20001220703125,275.0,283.79998779296875,1223511
2023-11-29,274.29998779296875,281.95001220703125,273.0,277.79998779296875,1330506
2023-11-30,268.29998779296875,275.79998779296875,266.8999938964844,275.29998779296875,1004079
2023-12-01,267.45001220703125,274.5,265.20001220703125,270.20001220703125,1006557
2023-12-04,274.6499938964844,281.45001220703125,267.79998779296875,274.0,2429886
2023-12-05,272.1000061035156,277.0,270.1000061035156,274.6499938964844,965360
2023-12-06,271.45001220703125,275.79998779296875,269.1000061035156,273.95001220703125,795262
2023-12-07,300.1000061035156,315.75,275.04998779296875,280.0,26792337
2023-12-08,294.29998779296875,317.95001220703125,289.5,303.0,9322569
2023-12-11,298.79998779296875,307.0,292.25,295.3999938964844,3955868
2023-12-12,300.54998779296875,311.95001220703125,296.5,299.54998779296875,4387883
2023-12-13,302.8500061035156,311.0,297.3999938964844,302.8999938964844,3521923
2023-12-14,304.45001220703125,315.0,301.54998779296875,306.5,5562932
2023-12-15,302.54998779296875,309.8999938964844,298.20001220703125,307.5,1507564
2023-12-18,299.1000061035156,304.0,295.5,301.8999938964844,1756030
2023-12-19,296.8999938964844,302.75,295.5,300.8999938964844,1139669
2023-12-20,282.6499938964844,325.0,277.04998779296875,297.6000061035156,18254638
2023-12-21,290.8500061035156,292.3999938964844,277.75,282.6499938964844,4122080
2023-12-22,304.5,311.75,292.8999938964844,293.79998779296875,6913205
2023-12-26,303.0,311.6000061035156,301.1000061035156,306.0,2015374
2023-12-27,300.79998779296875,308.75,298.29998779296875,306.0,1239540
2023-12-28,301.3500061035156,307.95001220703125,298.6000061035156,303.04998779296875,1756695
2023-12-29,304.54998779296875,316.6000061035156,300.0,303.1499938964844,5645283
2024-01-01,307.25,313.95001220703125,303.70001220703125,305.45001220703125,2622245
2024-01-02,311.20001220703125,322.6000061035156,305.6000061035156,311.0,5960845
2024-01-03,311.79998779296875,315.45001220703125,307.54998779296875,312.0,1897284
2024-01-04,313.8500061035156,321.0,310.54998779296875,313.3999938964844,2617339
2024-01-05,311.6000061035156,319.8999938964844,308.0,315.1000061035156,2143338
2024-01-08,302.6499938964844,315.0,301.54998779296875,313.25,1602645
2024-01-09,307.3999938964844,311.3500061035156,303.54998779296875,303.54998779296875,2853451
2024-01-10,306.3500061035156,311.8999938964844,302.20001220703125,308.20001220703125,1426217
2024-01-11,306.54998779296875,312.70001220703125,304.1499938964844,308.70001220703125,2071205
2024-01-12,305.95001220703125,309.54998779296875,305.0,308.5,770547
2024-01-15,315.29998779296875,324.29998779296875,303.0,308.5,6894924
2024-01-16,373.8500061035156,378.3500061035156,313.3999938964844,317.70001220703125,45108044
2024-01-17,366.6499938964844,384.29998779296875,353.79998779296875,362.0,16361263
2024-01-18,347.04998779296875,374.95001220703125,337.0,366.6000061035156,9359912
2024-01-19,342.79998779296875,363.70001220703125,340.8999938964844,352.04998779296875,6125770
2024-01-23,330.8999938964844,358.29998779296875,327.1000061035156,357.0,3572618
2024-01-24,343.5,348.5,322.5,330.5,3992944
2024-01-25,341.6499938964844,351.8999938964844,337.8500061035156,345.8999938964844,1755999
2024-01-29,333.1000061035156,344.8999938964844,332.0,344.8999938964844,1442072
2024-01-30,338.6499938964844,364.0,335.3999938964844,335.45001220703125,8297105
2024-01-31,341.04998779296875,348.6499938964844,338.6000061035156,340.79998779296875,2225502
2024-02-01,342.0,352.8500061035156,339.3500061035156,345.20001220703125,2431058
2024-02-02,341.8999938964844,351.29998779296875,340.1499938964844,345.3999938964844,1458117
2024-02-05,344.04998779296875,366.0,340.04998779296875,344.1000061035156,6340451
2024-02-06,353.6499938964844,358.5,342.5,345.6000061035156,2938304
2024-02-07,348.70001220703125,361.0,344.3999938964844,356.95001220703125,1538047
2024-02-08,343.3500061035156,353.5,340.6000061035156,351.3999938964844,1412150
2024-02-09,327.54998779296875,346.25,321.20001220703125,345.6000061035156,1895565
2024-02-12,281.25,329.3999938964844,265.45001220703125,327.54998779296875,3242511
2024-02-13,292.6499938964844,315.04998779296875,284.1499938964844,285.0,8913923
2024-02-14,296.54998779296875,303.25,285.1000061035156,290.0,2196709
2024-02-15,315.8999938964844,324.5,303.1000061035156,304.0,6446645
2024-02-16,312.5,320.6000061035156,308.54998779296875,315.8999938964844,1621272
2024-02-19,327.25,334.8500061035156,317.79998779296875,318.0,4253822
2024-02-20,325.3999938964844,334.45001220703125,322.0,329.54998779296875,2036970
2024-02-21,314.6499938964844,327.75,311.0,326.0,1538225
2024-02-22,312.3999938964844,318.95001220703125,305.5,316.95001220703125,1517324
2024-02-23,314.6499938964844,322.5,312.75,315.0,1261974
2024-02-26,318.5,323.0,309.29998779296875,316.0,1591004
2024-02-27,315.1000061035156,324.79998779296875,312.79998779296875,318.5,1767172
2024-02-28,301.6499938964844,315.6000061035156,300.0,315.5,1013122
2024-02-29,298.45001220703125,304.5,292.6000061035156,302.5,912471
2024-03-01,292.29998779296875,302.3999938964844,288.5,298.45001220703125,2111485
2024-03-04,293.04998779296875,299.0,290.79998779296875,296.5,1047439
2024-03-05,289.54998779296875,296.8999938964844,287.20001220703125,293.0,1032046
2024-03-06,283.70001220703125,291.54998779296875,282.0,289.0,779745
2024-03-07,280.25,287.95001220703125,279.0,283.0,849717
2024-03-11,264.95001220703125,281.1000061035156,263.04998779296875,280.95001220703125,1165019
2024-03-12,261.45001220703125,269.29998779296875,255.85000610351562,265.0,1371428
2024-03-13,233.75,262.45001220703125,230.0,259.0,2135085
2024-03-14,276.54998779296875,280.0,226.5500030517578,233.5500030517578,9532753
2024-03-15,259.95001220703125,274.3999938964844,249.0500030517578,269.79998779296875,5647031
2024-03-18,255.85000610351562,271.0,252.3000030517578,259.95001220703125,4416096
2024-03-19,251.75,258.29998779296875,249.14999389648438,257.5,1337633
2024-03-20,248.5500030517578,256.5,245.39999389648438,253.89999389648438,1884617
2024-03-21,256.1000061035156,260.8999938964844,251.89999389648438,251.89999389648438,1540350
2024-03-22,261.0,264.8500061035156,252.3000030517578,252.3000030517578,1939846
2024-03-26,252.64999389648438,259.8999938964844,251.10000610351562,258.0,1536697
2024-03-27,253.85000610351562,260.0,251.60000610351562,254.0,1808337
2024-03-28,252.6999969482422,262.0,249.5,256.1499938964844,1770095
2024-04-01,270.6000061035156,272.95001220703125,253.64999389648438,255.0,2661555
2024-04-02,272.6000061035156,277.1000061035156,267.54998779296875,271.04998779296875,1810680
2024-04-03,273.20001220703125,281.0,272.0,275.0,1607346
2024-04-04,270.75,277.75,267.1499938964844,275.04998779296875,978441
2024-04-05,275.6499938964844,277.8999938964844,268.79998779296875,272.04998779296875,1192199
2024-04-08,270.29998779296875,278.29998779296875,268.79998779296875,277.20001220703125,702370
2024-04-09,266.54998779296875,274.0,263.54998779296875,271.1000061035156,649979
2024-04-10,268.25,277.20001220703125,265.5,268.0,1160702
2024-04-12,262.79998779296875,269.8999938964844,261.3999938964844,268.20001220703125,548868
2024-04-15,252.0500030517578,258.0,246.75,258.0,861469
2024-04-16,253.89999389648438,258.1499938964844,245.10000610351562,247.0,667206
2024-04-18,251.85000610351562,261.5,250.0,255.89999389648438,767159
2024-04-19,248.1999969482422,253.89999389648438,243.14999389648438,250.0,781923
2024-04-22,279.45001220703125,285.5,251.4499969482422,253.0,22381623
2024-04-23,293.29998779296875,312.70001220703125,276.6000061035156,280.79998779296875,29556348
2024-04-24,296.0,302.95001220703125,290.5,295.0,7126050
2024-04-25,293.5,297.70001220703125,290.75,294.8999938964844,2001554
2024-04-26,292.95001220703125,298.95001220703125,289.5,293.70001220703125,1901268
2024-04-29,305.54998779296875,318.79998779296875,291.25,294.45001220703125,18996938
2024-04-30,307.0,312.75,303.04998779296875,307.95001220703125,4987971
2024-05-02,304.79998779296875,309.04998779296875,303.45001220703125,308.54998779296875,1569143
2024-05-03,300.1000061035156,307.3999938964844,297.0,306.6499938964844,1474001
2024-05-06,292.3500061035156,302.6499938964844,286.75,302.0,1289095
2024-05-07,292.6000061035156,303.0,285.1499938964844,292.29998779296875,2321373
2024-05-08,288.54998779296875,291.70001220703125,281.04998779296875,281.04998779296875,1283137
2024-05-09,277.29998779296875,290.8500061035156,272.95001220703125,289.29998779296875,822420
2024-05-10,277.8999938964844,282.8999938964844,268.54998779296875,280.5,1248738
2024-05-13,279.8999938964844,284.0,270.1499938964844,277.5,1059623
2024-05-14,285.6000061035156,288.79998779296875,280.3500061035156,282.0,844807
2024-05-15,313.54998779296875,322.79998779296875,285.79998779296875,285.79998779296875,37204637
2024-05-16,304.75,315.8999938964844,302.6000061035156,314.54998779296875,4780439
2024-05-17,307.70001220703125,311.29998779296875,304.3999938964844,308.0,2386160
2024-05-21,305.75,314.79998779296875,304.25,314.79998779296875,1738120
2024-05-22,318.3500061035156,333.0,306.3500061035156,308.0,17136645
2024-05-23,319.0,327.3999938964844,311.29998779296875,319.95001220703125,2397792
2024-05-24,307.5,320.3999938964844,305.6000061035156,320.0,1561787
2024-05-27,305.3500061035156,312.54998779296875,301.20001220703125,310.0,1611170
2024-05-28,300.79998779296875,308.79998779296875,297.20001220703125,307.29998779296875,1103861
2024-05-29,291.3999938964844,295.0,281.25,288.8999938964844,1542188
2024-05-30,303.45001220703125,311.95001220703125,291.0,292.1000061035156,7469083
2024-05-31,297.1000061035156,305.0,293.3999938964844,303.45001220703125,1498126
2024-06-03,305.45001220703125,312.95001220703125,302.1499938964844,312.0,1968021
2024-06-04,274.70001220703125,305.95001220703125,248.0,305.95001220703125,2063640
2024-06-05,275.54998779296875,286.45001220703125,257.54998779296875,280.0,1448728
2024-06-06,293.45001220703125,299.95001220703125,278.3500061035156,278.3500061035156,2302968
2024-06-07,297.45001220703125,302.0,290.0,290.0,1643655
2024-06-10,295.3999938964844,301.70001220703125,293.70001220703125,300.3999938964844,1583587
2024-06-11,301.8500061035156,309.3999938964844,295.54998779296875,297.0,2749961
2024-06-12,305.8999938964844,308.8999938964844,300.04998779296875,303.0,1311855
2024-06-13,305.95001220703125,311.8500061035156,303.29998779296875,306.0,1473898
2024-06-14,304.8500061035156,312.8999938964844,303.1000061035156,306.54998779296875,1334756
2024-06-18,307.45001220703125,322.8999938964844,305.25,307.0,5948101
2024-06-19,304.20001220703125,310.70001220703125,297.3999938964844,309.20001220703125,1452328
2024-06-20,306.54998779296875,313.8999938964844,301.0,304.95001220703125,2055923
2024-06-21,304.04998779296875,309.6000061035156,302.25,307.70001220703125,986226
2024-06-24,312.3500061035156,321.1000061035156,299.6499938964844,303.79998779296875,4674877
2024-06-25,306.29998779296875,315.95001220703125,305.0,313.5,1199484
2024-06-26,308.1000061035156,315.29998779296875,304.25,308.3500061035156,1460973
2024-06-27,306.79998779296875,328.95001220703125,304.25,308.70001220703125,8670569
2024-06-28,308.8999938964844,313.79998779296875,306.29998779296875,310.6000061035156,1418712
2024-07-01,309.6000061035156,316.0,306.6499938964844,310.20001220703125,1329569
2024-07-02,310.0,313.95001220703125,305.0,311.0,1126008
2024-07-03,308.8500061035156,317.95001220703125,308.1000061035156,311.5,1711378
2024-07-04,309.54998779296875,314.20001220703125,308.8999938964844,310.3999938964844,852498
2024-07-05,310.29998779296875,317.8999938964844,308.1499938964844,310.04998779296875,1776509
2024-07-08,312.70001220703125,320.5,310.6000061035156,311.20001220703125,1967944
2024-07-09,309.8500061035156,321.8500061035156,309.1000061035156,314.20001220703125,1508621
2024-07-10,306.0,313.95001220703125,300.04998779296875,311.70001220703125,1270522
2024-07-11,308.54998779296875,313.79998779296875,305.8500061035156,308.0,1225032
2024-07-12,319.1000061035156,341.5,306.6000061035156,310.3500061035156,18686221
2024-07-15,318.95001220703125,328.95001220703125,314.0,321.6000061035156,2935271
2024-07-16,313.25,322.95001220703125,311.8999938964844,320.29998779296875,1439027
2024-07-18,303.3500061035156,313.20001220703125,301.6499938964844,313.1000061035156,2194245
2024-07-19,292.1000061035156,306.5,290.1499938964844,304.29998779296875,1278024
2024-07-22,302.8500061035156,316.3999938964844,288.1000061035156,292.0,6830224
2024-07-23,295.0,312.0,282.70001220703125,302.8999938964844,2232358
2024-07-24,305.3999938964844,309.6000061035156,294.0,295.45001220703125,1338085
2024-07-25,303.8500061035156,308.1000061035156,300.1499938964844,302.8999938964844,837721
2024-07-26,308.04998779296875,314.8999938964844,302.70001220703125,305.0,2129296
2024-07-29,308.1000061035156,313.79998779296875,305.54998779296875,310.0,1099503
2024-07-30,310.5,321.5,306.79998779296875,308.0,2481259
2024-07-31,309.1499938964844,315.3999938964844,307.3500061035156,311.79998779296875,1153750
2024-08-01,304.29998779296875,310.8999938964844,302.04998779296875,309.79998779296875,817713
2024-08-02,300.8500061035156,304.95001220703125,295.29998779296875,300.95001220703125,643764
2024-08-05,284.5,297.0,282.1000061035156,295.0,982302
2024-08-06,279.8500061035156,293.3999938964844,279.0,286.29998779296875,574695
2024-08-07,294.25,296.45001220703125,281.5,284.75,939187
2024-08-08,290.1499938964844,296.5,287.5,294.25,663053
2024-08-09,290.20001220703125,294.1499938964844,288.3999938964844,292.0,480671
2024-08-12,288.5,293.95001220703125,284.3500061035156,290.0,586209
2024-08-13,286.70001220703125,297.20001220703125,283.1499938964844,288.6499938964844,685977
2024-08-14,280.1499938964844,288.0,279.0,287.70001220703125,391482
2024-08-16,281.79998779296875,286.6000061035156,280.54998779296875,283.0,381517
2024-08-19,286.3999938964844,289.1499938964844,282.20001220703125,283.70001220703125,418662
2024-08-20,291.79998779296875,294.3500061035156,285.1000061035156,286.3999938964844,614975
2024-08-21,297.6000061035156,301.5,291.8500061035156,292.0,706902
2024-08-22,302.8500061035156,314.95001220703125,296.3999938964844,298.20001220703125,3114234
2024-08-23,299.95001220703125,303.3999938964844,298.3500061035156,302.6000061035156,496294
2024-08-26,297.1000061035156,300.45001220703125,296.04998779296875,298.0,277576
2024-08-27,302.0,306.70001220703125,294.29998779296875,295.8500061035156,812221
2024-08-28,304.3500061035156,308.0,300.5,302.5,833063
2024-08-29,299.70001220703125,304.3500061035156,297.8999938964844,302.45001220703125,305799
2024-08-30,304.75,315.5,302.6000061035156,313.0,3063051
2024-09-02,302.6000061035156,306.5,301.1499938964844,306.1499938964844,432139
2024-09-03,299.6499938964844,305.8500061035156,298.6000061035156,301.0,465154
2024-09-04,297.5,299.8999938964844,295.1000061035156,295.79998779296875,346457
2024-09-05,297.3999938964844,301.79998779296875,296.20001220703125,298.5,258517
2024-09-06,289.1499938964844,297.3500061035156,288.20001220703125,297.3500061035156,350662
2024-09-09,283.04998779296875,288.8999938964844,278.0,287.29998779296875,404527
2024-09-10,300.3999938964844,308.0,283.5,283.5,5407496
2024-09-11,293.1499938964844,298.0,291.54998779296875,298.0,641990
2024-09-12,291.45001220703125,295.8999938964844,288.75,294.0,350902
2024-09-13,293.20001220703125,295.95001220703125,291.0,292.6499938964844,366042
2024-09-16,289.6499938964844,294.0,289.0,294.0,238690
2024-09-17,287.45001220703125,289.79998779296875,286.0,289.3999938964844,198711
2024-09-18,284.45001220703125,289.6000061035156,282.0,288.3999938964844,230113
2024-09-19,280.3999938964844,288.8500061035156,279.0,286.1000061035156,398303
2024-09-20,279.95001220703125,282.8500061035156,276.0,282.70001220703125,509551
2024-09-23,282.3999938964844,286.45001220703125,280.79998779296875,280.95001220703125,398520
2024-09-24,281.3999938964844,284.0,280.3500061035156,283.8999938964844,193572
2024-09-25,279.29998779296875,284.3500061035156,278.0,282.0,252286
2024-09-26,275.1499938964844,279.95001220703125,273.3500061035156,279.8500061035156,272504
2024-09-27,264.25,277.79998779296875,262.79998779296875,275.79998779296875,985016
2024-09-30,256.3500061035156,268.0,255.10000610351562,264.95001220703125,715629
2024-10-01,265.25,269.0,256.3500061035156,256.3500061035156,2060265
2024-10-03,258.29998779296875,261.6000061035156,257.1499938964844,259.3500061035156,415814
2024-10-04,249.39999389648438,260.0,247.0,257.45001220703125,573785
2024-10-07,234.5,253.0,233.3000030517578,252.4499969482422,643014
2024-10-08,243.39999389648438,244.89999389648438,227.10000610351562,231.60000610351562,576758
2024-10-09,245.9499969482422,249.89999389648438,244.6999969482422,245.35000610351562,316680
2024-10-10,246.14999389648438,249.25,245.0,247.60000610351562,242136
2024-10-11,248.25,249.39999389648438,243.60000610351562,248.14999389648438,220160
2024-10-14,246.85000610351562,251.5,245.3000030517578,250.0,197580
2024-10-15,244.89999389648438,248.14999389648438,244.0,248.10000610351562,163002
2024-10-16,245.1999969482422,247.5,242.39999389648438,244.0,237482
2024-10-17,239.35000610351562,245.39999389648438,238.3000030517578,245.1999969482422,196516
2024-10-18,240.0500030517578,242.0,233.5500030517578,239.3000030517578,201771
2024-10-21,233.9499969482422,252.39999389648438,232.9499969482422,242.0,876976
2024-10-22,220.60000610351562,235.60000610351562,219.0,234.60000610351562,463696
2024-10-23,224.5500030517578,229.5,214.14999389648438,220.60000610351562,744413
2024-10-24,220.85000610351562,226.5,220.14999389648438,223.5500030517578,275516
2024-10-25,211.5500030517578,222.8000030517578,210.0,222.8000030517578,336261
2024-10-28,218.3000030517578,220.0,210.35000610351562,212.4499969482422,549991
2024-10-29,217.39999389648438,220.5,214.8000030517578,216.5,223773
2024-10-30,228.64999389648438,237.39999389648438,216.1999969482422,216.64999389648438,3929671
2024-10-31,226.39999389648438,228.89999389648438,223.8000030517578,226.5500030517578,341167
2024-11-01,227.8800048828125,228.8000030517578,226.0,226.0,66754
2024-11-04,221.19000244140625,227.0,220.14999389648438,227.0,232799
2024-11-05,223.91000366210938,226.9499969482422,220.25,221.85000610351562,325772
2024-11-06,232.00999450683594,233.75,224.39999389648438,224.8000030517578,465845
2024-11-07,266.489990234375,276.70001220703125,235.5,235.5,34923768
2024-11-08,304.239990234375,317.0,273.0,273.95001220703125,90386249
2024-11-11,327.3500061035156,344.5,293.3800048828125,299.6400146484375,114616442
2024-11-12,295.0299987792969,344.6400146484375,294.6099853515625,327.3500061035156,42823153
2024-11-13,292.3900146484375,324.5299987792969,285.0,298.010009765625,9936068
2024-11-14,291.5199890136719,311.75,276.3699951171875,299.8399963378906,16618080
2024-11-18,291.3999938964844,309.79998779296875,280.010009765625,298.79998779296875,12222144
2024-11-19,292.17999267578125,301.79998779296875,287.6499938964844,298.0,13041427
2024-11-21,279.44000244140625,289.8900146484375,270.0,289.0,4759938
2024-11-22,275.07000732421875,283.0,272.70001220703125,279.44000244140625,3728246
2024-11-25,278.8399963378906,283.5,273.8800048828125,280.6000061035156,4598578
2024-11-26,278.42999267578125,285.0,277.0,279.8999938964844,2579754
2024-11-27,275.6099853515625,279.45001220703125,274.29998779296875,277.20001220703125,2031102
2024-11-28,295.6700134277344,302.79998779296875,273.55999755859375,275.739990234375,17212498
2024-11-29,286.6300048828125,297.0899963378906,285.1000061035156,296.0,3515011
2024-12-02,286.54998779296875,292.6000061035156,279.6000061035156,284.0,3508455
2024-12-03,287.45001220703125,291.5,283.79998779296875,286.79998779296875,2308062
2024-12-04,289.29998779296875,294.79998779296875,286.1499938964844,287.25,2112481
2024-12-05,283.5,291.0,282.1000061035156,289.29998779296875,1358082
2024-12-06,321.20001220703125,340.1000061035156,285.04998779296875,286.0,76144468
2024-12-09,368.1000061035156,376.6499938964844,323.0,324.0,99601550
2024-12-10,389.8999938964844,404.0,379.25,385.0,82140681
2024-12-11,361.25,379.70001220703125,357.3500061035156,379.45001220703125,16732038
2024-12-12,365.45001220703125,379.20001220703125,346.0,356.25,19389313
2024-12-13,358.70001220703125,369.1000061035156,352.5,365.0,5960515
2024-12-16,373.0,387.3500061035156,359.5,360.0,22600241
2024-12-17,365.8500061035156,377.8999938964844,363.0,374.29998779296875,4391883
2024-12-18,362.20001220703125,382.8999938964844,355.5,367.54998779296875,11798342
2024-12-19,357.45001220703125,365.3999938964844,353.54998779296875,360.0,5089882
2024-12-20,341.6499938964844,363.8500061035156,334.20001220703125,360.70001220703125,4975747
2024-12-23,341.1000061035156,347.95001220703125,333.1000061035156,345.04998779296875,4386210
2024-12-24,343.75,349.70001220703125,332.8999938964844,340.8999938964844,4676244
2024-12-26,333.95001220703125,342.95001220703125,330.70001220703125,342.95001220703125,2147728
2024-12-27,328.20001220703125,337.29998779296875,325.79998779296875,331.0,2879083
2024-12-30,379.20001220703125,389.0,325.70001220703125,327.70001220703125,58754985
2024-12-31,387.1499938964844,413.8500061035156,371.20001220703125,378.54998779296875,82837891
2025-01-01,381.75,402.5,377.5,390.0,27842475
2025-01-02,380.95001220703125,394.20001220703125,375.04998779296875,384.75,12054836
2025-01-03,457.1000061035156,457.1000061035156,379.04998779296875,385.5,89246558
2025-01-06,544.3499755859375,548.5,473.3999938964844,473.3999938964844,83978332
2025-01-07,489.95001220703125,592.7000122070312,489.95001220703125,575.1500244140625,21365884
2025-01-08,479.5,522.0,452.20001220703125,470.0,61472738
2025-01-09,440.3999938964844,489.3999938964844,431.54998779296875,480.8999938964844,16277374
2025-01-10,442.70001220703125,468.0,424.54998779296875,447.70001220703125,39381394
2025-01-13,420.6000061035156,441.79998779296875,420.6000061035156,439.70001220703125,573863
2025-01-14,405.8500061035156,427.0,399.6000061035156,427.0,990073
2025-01-15,385.54998779296875,405.8500061035156,385.54998779296875,405.8500061035156,739962
2025-01-16,388.5,401.20001220703125,367.3500061035156,379.79998779296875,927614
2025-01-17,376.1000061035156,387.79998779296875,372.0,385.5,473604
2025-01-20,383.29998779296875,388.8999938964844,365.0,376.1000061035156,653232
2025-01-21,366.45001220703125,390.0,364.1499938964844,389.0,418657
2025-01-22,352.8500061035156,365.8500061035156,348.3999938964844,365.8500061035156,441463
2025-01-23,362.1000061035156,370.0,341.29998779296875,350.0,582353
2025-01-24,344.3500061035156,368.70001220703125,344.0,361.79998779296875,343145
2025-01-27,327.1499938964844,337.5,327.1499938964844,332.5,129843
2025-01-28,327.25,342.0,310.79998779296875,319.0,426296
2025-01-29,325.75,330.0,315.04998779296875,320.54998779296875,380398
2025-01-30,324.79998779296875,339.70001220703125,320.0,327.45001220703125,389470
2025-01-31,325.04998779296875,328.70001220703125,320.0,320.0,242021
2025-02-01,323.3500061035156,334.0,317.0,325.0,287314
2025-02-03,307.20001220703125,319.0,307.20001220703125,312.0,401804
2025-02-04,303.6000061035156,313.70001220703125,295.45001220703125,307.20001220703125,373446
2025-02-05,318.75,318.75,301.25,307.8999938964844,410877
2025-02-06,311.75,325.0,310.0,323.70001220703125,314782
2025-02-07,305.25,316.8999938964844,303.0,312.95001220703125,168196
2025-02-10,293.25,310.1000061035156,290.0,305.0,248062
2025-02-11,282.1000061035156,296.3999938964844,279.0,295.5,217517
2025-02-12,288.20001220703125,295.0,268.0,279.79998779296875,277395
2025-02-13,284.3500061035156,294.95001220703125,280.54998779296875,289.95001220703125,153174
2025-02-14,270.54998779296875,288.95001220703125,270.1499938964844,282.20001220703125,226585
2025-02-17,257.04998779296875,268.95001220703125,257.04998779296875,265.0,174784
2025-02-18,244.1999969482422,255.0,244.1999969482422,254.0,186689
2025-02-19,256.3999938964844,256.3999938964844,234.14999389648438,235.5500030517578,170184
2025-02-20,269.20001220703125,269.20001220703125,261.20001220703125,261.20001220703125,76461
2025-02-21,282.6499938964844,282.6499938964844,276.0,277.0,142660
2025-02-24,274.20001220703125,286.6499938964844,269.20001220703125,284.70001220703125,215003
2025-02-25,272.6000061035156,279.70001220703125,270.1000061035156,275.0,119963
2025-02-27,259.0,275.8999938964844,259.0,273.8999938964844,124521
2025-02-28,246.0500030517578,250.10000610351562,246.0500030517578,248.0,138455
2025-03-03,250.94000244140625,258.3500061035156,245.0,246.0500030517578,219969
2025-03-04,246.3300018310547,255.89999389648438,239.5500030517578,245.5,171090
2025-03-05,250.9600067138672,252.0,242.0,243.38999938964844,189734
2025-03-06,254.4600067138672,256.0,250.0,253.97999572753906,167975
2025-03-07,267.17999267578125,267.17999267578125,252.0,256.8999938964844,263651
2025-03-10,255.67999267578125,269.0,253.82000732421875,268.0,179459
2025-03-11,248.22000122070312,250.85000610351562,244.1999969482422,249.4499969482422,117370
2025-03-12,241.3000030517578,254.0,238.0,248.14999389648438,194581
2025-03-13,253.36000061035156,253.36000061035156,245.5500030517578,246.92999267578125,205479
2025-03-17,248.0800018310547,255.97999572753906,247.0,254.0,126116
2025-03-18,248.0800018310547,248.0800018310547,248.0800018310547,248.0800018310547,0
2025-03-19,262.3699951171875,263.54998779296875,250.0,250.3000030517578,241708
2025-03-20,258.19000244140625,264.8500061035156,253.99000549316406,260.0,220328
2025-03-21,261.82000732421875,264.0,253.0,257.0,220716
2025-03-24,266.3999938964844,270.0,258.010009765625,258.010009765625,244096
2025-03-25,261.1300048828125,270.0,258.0,268.70001220703125,175276
2025-03-26,252.0,262.3999938964844,250.5,261.1300048828125,155020
2025-03-27,249.55999755859375,256.0,247.0,251.99000549316406,151836
2025-03-28,249.22000122070312,254.5,248.00999450683594,253.88999938964844,154471
2025-04-01,251.67999267578125,255.0,248.0,251.6999969482422,112123
2025-04-02,252.7100067138672,253.8000030517578,248.0,250.00999450683594,86029
2025-04-03,253.32000732421875,255.25,245.0,248.89999389648438,109019
2025-04-04,246.36000061035156,254.4499969482422,242.0,253.7899932861328,102691
2025-04-07,234.0399932861328,234.0399932861328,234.0399932861328,234.0399932861328,53112
2025-04-08,242.30999755859375,244.0,234.5,234.5,91399
2025-04-09,252.44000244140625,254.39999389648438,237.5,241.0,208651
2025-04-11,252.07000732421875,258.25,251.0,253.99000549316406,105154
2025-04-15,255.42999267578125,258.0,252.0,255.99000549316406,265034
2025-04-16,268.20001220703125,268.20001220703125,252.8000030517578,257.30999755859375,813243
2025-04-17,264.4700012207031,271.8999938964844,262.5,268.489990234375,606684
2025-04-21,269.8299865722656,275.9800109863281,262.5,266.989990234375,547643
2025-04-22,283.32000732421875,283.32000732421875,268.1099853515625,270.1000061035156,785426
2025-04-23,281.2900085449219,292.3900146484375,277.0199890136719,287.0,867973
2025-04-24,277.9700012207031,284.4800109863281,276.1000061035156,281.0,296847
2025-04-25,264.07000732421875,281.0,264.07000732421875,280.75,620855
2025-04-28,260.9100036621094,264.07000732421875,256.010009765625,264.07000732421875,241459
2025-04-29,263.1600036621094,268.4800109863281,261.0899963378906,261.0899963378906,218450
2025-04-30,255.33999633789062,263.489990234375,253.1199951171875,263.489990234375,158902
2025-05-02,256.45001220703125,262.79998779296875,254.0,257.0,178653
2025-05-05,258.0,260.3999938964844,255.64999389648438,258.29998779296875,135856
2025-05-06,248.5500030517578,260.54998779296875,247.0,258.0,220408
2025-05-07,249.14999389648438,255.25,240.10000610351562,245.0,219128
2025-05-08,245.75,252.9499969482422,245.0,252.0,146240
2025-05-09,241.25,242.35000610351562,236.5,236.5500030517578,213516
2025-05-12,256.04998779296875,265.3500061035156,249.64999389648438,256.70001220703125,620169
2025-05-13,262.3500061035156,266.79998779296875,255.5500030517578,257.29998779296875,565384
2025-05-14,270.1000061035156,273.70001220703125,263.0,263.0,751332
2025-05-15,272.79998779296875,275.45001220703125,269.5,271.5,438148
2025-05-16,279.5,284.20001220703125,273.1499938964844,274.1499938964844,829904
2025-05-19,281.3999938964844,289.3999938964844,280.1000061035156,283.0,630828
2025-05-20,272.8999938964844,283.25,270.8999938964844,283.04998779296875,414036
2025-05-21,276.75,280.29998779296875,270.1000061035156,273.45001220703125,398850
2025-05-22,280.1499938964844,291.75,272.54998779296875,275.04998779296875,988101
2025-05-23,278.75,282.8999938964844,277.6000061035156,281.5,417556
2025-05-26,281.1499938964844,284.5,279.0,280.0,321679
2025-05-27,309.25,309.25,281.20001220703125,282.8999938964844,11599169
2025-05-28,340.1499938964844,340.1499938964844,312.29998779296875,312.5,10410279
2025-05-29,364.8500061035156,368.70001220703125,350.1499938964844,350.1499938964844,9675077
2025-05-30,346.6000061035156,362.0,346.6000061035156,362.0,1886334
2025-06-02,329.29998779296875,337.70001220703125,329.29998779296875,335.0,3313450
2025-06-03,333.0,345.75,330.0,330.0,2281176
2025-06-04,330.25,336.79998779296875,325.25,334.70001220703125,840723
2025-06-05,327.3999938964844,338.70001220703125,326.5,331.6499938964844,724233
2025-06-06,325.29998779296875,333.0,324.5,330.79998779296875,563458
2025-06-09,330.6000061035156,341.54998779296875,325.5,328.8500061035156,2280212
2025-06-10,329.54998779296875,334.8500061035156,327.5,332.95001220703125,888561
2025-06-11,327.6499938964844,333.0,325.54998779296875,330.75,512948
2025-06-12,329.25,340.75,326.54998779296875,328.79998779296875,1327590
2025-06-13,321.54998779296875,324.5,318.75,322.0,607956
2025-06-16,318.8500061035156,324.1499938964844,309.0,322.0,765015
2025-06-17,322.3500061035156,333.70001220703125,319.25,323.3999938964844,1140893
2025-06-18,315.29998779296875,321.45001220703125,314.3999938964844,321.3999938964844,412912
2025-06-19,307.04998779296875,318.5,305.1000061035156,315.0,527981
2025-06-20,309.6499938964844,314.45001220703125,303.0,307.0,486932
2025-06-23,315.3500061035156,322.70001220703125,305.25,306.20001220703125,1472591
2025-06-24,319.8500061035156,325.3500061035156,318.5,318.70001220703125,610502
2025-06-25,323.29998779296875,328.6000061035156,316.29998779296875,319.8999938964844,705098
2025-06-26,320.54998779296875,327.75,319.04998779296875,325.0,281108
2025-06-27,320.6499938964844,325.95001220703125,319.5,323.45001220703125,386218
2025-06-30,336.6499938964844,336.6499938964844,321.8500061035156,321.95001220703125,1519684
2025-07-01,329.8999938964844,342.75,326.0,339.95001220703125,1961867
2025-07-02,326.6499938964844,336.0,323.25,331.0,744341
2025-07-03,327.20001220703125,331.45001220703125,324.5,329.0,415861
2025-07-04,326.8999938964844,331.54998779296875,325.0,329.0,283790
2025-07-07,323.1499938964844,327.70001220703125,322.8999938964844,326.95001220703125,187340
2025-07-08,318.79998779296875,325.45001220703125,318.0,323.45001220703125,195468
2025-07-09,318.45001220703125,322.3999938964844,317.1000061035156,318.95001220703125,202451
2025-07-10,318.70001220703125,322.3999938964844,318.0,318.95001220703125,187433
2025-07-11,315.5,320.45001220703125,315.0,319.8999938964844,164314
2025-07-14,319.29998779296875,326.8999938964844,311.95001220703125,316.8500061035156,605716
2025-07-15,318.20001220703125,322.3999938964844,317.1499938964844,320.0,188684
2025-07-16,318.1000061035156,321.3999938964844,317.0,318.29998779296875,174998
2025-07-17,316.3500061035156,320.20001220703125,315.20001220703125,318.54998779296875,146460
2025-07-18,316.0,322.0,315.04998779296875,317.95001220703125,213863
2025-07-21,314.6000061035156,320.70001220703125,313.95001220703125,320.0,165815
2025-07-22,313.1499938964844,319.75,312.0,315.0,169649
2025-07-23,313.79998779296875,317.95001220703125,312.25,314.45001220703125,177936
2025-07-24,306.6499938964844,316.8500061035156,304.29998779296875,315.8500061035156,272008
2025-07-25,303.3999938964844,307.70001220703125,301.1000061035156,306.0,195690
2025-07-28,293.54998779296875,305.6499938964844,292.20001220703125,303.3999938964844,274114
2025-07-29,300.25,302.0,291.54998779296875,297.0,175641
2025-07-30,293.95001220703125,302.3999938964844,292.20001220703125,301.95001220703125,164346
2025-07-31,290.54998779296875,293.8500061035156,286.45001220703125,292.5,138897
2025-08-01,285.8500061035156,293.0,285.0,291.8999938964844,111402
2025-08-04,292.54998779296875,294.0,285.25,286.0,157798
2025-08-05,289.6000061035156,295.20001220703125,288.1000061035156,293.75,135685
2025-08-06,299.54998779296875,304.04998779296875,293.0,293.0,1905933
2025-08-07,320.29998779296875,325.75,305.0,305.0,12671623
2025-08-08,303.6499938964844,320.0,300.5,320.0,1086308
2025-08-11,300.8500061035156,303.0,292.29998779296875,300.5,628048
2025-08-12,302.6000061035156,309.0,301.25,303.29998779296875,502609
2025-08-13,302.6000061035156,310.8500061035156,300.1499938964844,303.6000061035156,480010
2025-08-14,291.29998779296875,300.20001220703125,289.54998779296875,300.0,505036
2025-08-18,294.1499938964844,304.0,292.75,299.8999938964844,571528
2025-08-19,295.20001220703125,296.3999938964844,292.75,296.0,170409
2025-08-20,295.1499938964844,297.8999938964844,294.1499938964844,296.3500061035156,155580
2025-08-21,297.6000061035156,304.3999938964844,295.04998779296875,296.5,350435
2025-08-22,295.8999938964844,302.25,293.20001220703125,297.6000061035156,372083
2025-08-25,294.0,298.79998779296875,293.1499938964844,298.79998779296875,154589
2025-08-26,288.04998779296875,294.1000061035156,287.0,293.70001220703125,151915
2025-08-28,283.04998779296875,287.8500061035156,282.1000061035156,287.8500061035156,183347
2025-08-29,284.1499938964844,286.1000061035156,280.04998779296875,282.8500061035156,156844
2025-09-01,284.3999938964844,286.5,282.0,285.75,153975
2025-09-02,301.8999938964844,311.8999938964844,284.0,285.54998779296875,5079876
2025-09-03,315.25,322.0,303.0,303.3999938964844,4472628
2025-09-04,310.6499938964844,319.8500061035156,307.1000061035156,317.8999938964844,1417471
2025-09-05,308.04998779296875,316.0,306.04998779296875,311.8999938964844,509760
2025-09-08,314.1000061035156,317.1499938964844,304.5,309.25,596915
2025-09-09,309.0,315.1000061035156,307.0,315.1000061035156,258510
2025-09-10,308.79998779296875,314.0,307.20001220703125,309.8999938964844,370568
2025-09-11,307.29998779296875,310.1000061035156,305.54998779296875,309.0,241535
2025-09-12,309.5,312.29998779296875,306.0,308.20001220703125,287372
2025-09-15,322.54998779296875,331.5,310.8500061035156,310.8500061035156,3904949
2025-09-16,323.04998779296875,326.3999938964844,318.5,323.5,654902
2025-09-17,319.95001220703125,326.0,318.1000061035156,324.45001220703125,394371
2025-09-18,316.6499938964844,321.8999938964844,315.20001220703125,321.20001220703125,354496
2025-09-19,320.3500061035156,323.0,314.6499938964844,316.79998779296875,605954
2025-09-22,323.25,329.8999938964844,319.04998779296875,320.3500061035156,914854
2025-09-23,322.54998779296875,333.25,318.0,324.79998779296875,937274
2025-09-24,316.6000061035156,323.45001220703125,315.1499938964844,321.04998779296875,315968
2025-09-25,310.54998779296875,317.0,309.1000061035156,315.3999938964844,403393
2025-09-26,303.3500061035156,310.75,301.5,309.8999938964844,333812
2025-09-29,301.1499938964844,307.75,299.04998779296875,304.54998779296875,320399
2025-09-30,301.6000061035156,304.6499938964844,299.29998779296875,301.25,193860
2025-10-01,307.04998779296875,308.5,301.1000061035156,302.0,229386
2025-10-03,315.8500061035156,317.70001220703125,305.79998779296875,307.0,580011
2025-10-06,317.45001220703125,329.79998779296875,313.1499938964844,319.0,1031847
2025-10-07,324.1499938964844,331.70001220703125,318.5,320.3999938964844,1750161
2025-10-08,356.6499938964844,372.8500061035156,333.0,340.0,70864481
2025-10-09,337.70001220703125,358.5,336.0,356.3500061035156,8966017
2025-10-10,340.5,358.45001220703125,331.20001220703125,337.70001220703125,15760713
2025-10-13,340.45001220703125,345.6000061035156,332.3500061035156,339.0,2603750
2025-10-14,327.6000061035156,339.75,324.1000061035156,338.0,1544814
2025-10-15,325.1000061035156,330.3999938964844,322.25,326.95001220703125,1055084
2025-10-16,336.54998779296875,351.3999938964844,325.5,325.5,15343202
2025-10-17,336.3500061035156,340.5,331.1499938964844,332.0,2035585
2025-10-20,333.95001220703125,337.79998779296875,328.6499938964844,337.0,862608
2025-10-21,335.3500061035156,342.0,333.45001220703125,336.6000061035156,418348
2025-10-23,328.70001220703125,337.75,327.1000061035156,336.04998779296875,779795
2025-10-24,329.75,333.79998779296875,327.3500061035156,328.70001220703125,947372
2025-10-27,332.6000061035156,340.3999938964844,329.20001220703125,331.04998779296875,1305006
2025-10-28,329.95001220703125,333.5,328.25,333.5,491563
2025-10-29,332.6000061035156,336.95001220703125,328.29998779296875,332.0,862202
2025-10-30,329.20001220703125,335.0,328.04998779296875,332.6000061035156,428317
2025-10-31,324.70001220703125,330.8999938964844,323.0,330.5,445498
2025-11-03,327.0,330.3999938964844,323.54998779296875,324.79998779296875,514697
2025-11-04,323.3999938964844,328.0,321.1000061035156,327.0,345430
2025-11-06,315.8500061035156,325.0,314.5,324.79998779296875,437667
2025-11-07,314.54998779296875,318.3500061035156,310.8500061035156,315.0,413254
2025-11-10,317.54998779296875,320.79998779296875,314.70001220703125,315.79998779296875,435176
2025-11-11,316.25,319.5,312.70001220703125,319.5,248279
2025-11-12,321.8500061035156,328.95001220703125,317.29998779296875,317.79998779296875,1400939
2025-11-13,323.0,327.6000061035156,321.04998779296875,323.6499938964844,559373
2025-11-14,316.54998779296875,321.0,314.04998779296875,318.0,416302
2025-11-17,316.20001220703125,319.8999938964844,314.5,316.54998779296875,297463
2025-11-18,311.95001220703125,318.5,310.25,317.1000061035156,221284
2025-11-19,308.1499938964844,313.95001220703125,305.0,313.95001220703125,262131
2025-11-20,305.6499938964844,311.45001220703125,305.0,307.5,361242
2025-11-21,297.25,307.5,295.04998779296875,305.5,445987
2025-11-24,325.1499938964844,332.95001220703125,297.0,297.70001220703125,33742009
2025-11-25,311.04998779296875,323.0,308.29998779296875,322.95001220703125,3863075
2025-11-26,309.6000061035156,313.1499938964844,306.6000061035156,308.0,1040434
2025-11-27,314.1000061035156,324.54998779296875,308.8999938964844,308.8999938964844,2600915
2025-11-28,309.3999938964844,314.0,307.8500061035156,314.0,544313
2025-12-01,308.3999938964844,314.3999938964844,307.1000061035156,311.0,411764
2025-12-02,305.95001220703125,309.6000061035156,304.6499938964844,309.0,409365
2025-12-03,305.04998779296875,308.79998779296875,303.0,307.79998779296875,363876
2025-12-04,303.0,307.25,302.20001220703125,305.20001220703125,289139
2025-12-05,301.6000061035156,305.20001220703125,298.20001220703125,303.95001220703125,328884
2025-12-08,306.0,317.54998779296875,301.75,304.5,3210923
2025-12-09,304.79998779296875,306.0,296.0,304.5,800474
2025-12-10,301.3500061035156,311.20001220703125,300.29998779296875,307.8999938964844,501778
2025-12-11,302.54998779296875,303.75,299.5,303.0,290040
2025-12-12,305.1000061035156,306.70001220703125,302.5,303.95001220703125,359037
2025-12-15,303.6000061035156,306.95001220703125,302.3999938964844,306.95001220703125,216061
2025-12-16,301.8500061035156,304.3999938964844,300.5,304.20001220703125,256384
2025-12-17,299.5,303.95001220703125,298.1499938964844,301.95001220703125,260950
2025-12-18,294.25,299.70001220703125,293.3999938964844,299.3999938964844,242009
2025-12-19,313.79998779296875,331.75,308.20001220703125,312.95001220703125,32273744
2025-12-22,312.6000061035156,317.5,308.3500061035156,313.8999938964844,1593951
2025-12-23,310.3500061035156,313.8999938964844,308.3999938964844,313.0,520665
2025-12-24,313.1000061035156,317.54998779296875,310.1000061035156,311.70001220703125,1354456
2025-12-26,313.95001220703125,328.0,310.25,314.20001220703125,2700046
2025-12-29,312.54998779296875,314.3500061035156,306.04998779296875,314.3500061035156,796799
2025-12-30,310.25,315.0,307.20001220703125,313.3500061035156,509591
2025-12-31,309.8500061035156,316.95001220703125,308.1499938964844,311.75,582173
2026-01-01,310.8500061035156,314.8500061035156,310.1000061035156,312.3999938964844,419012
2026-01-02,312.04998779296875,314.3999938964844,310.3500061035156,311.95001220703125,422132
2026-01-05,312.25,321.45001220703125,311.29998779296875,313.0,530592
2026-01-06,309.45001220703125,314.25,308.1499938964844,313.45001220703125,305608
2026-01-07,310.1000061035156,310.95001220703125,307.20001220703125,310.0,278370
2026-01-08,303.6000061035156,311.3500061035156,301.1000061035156,310.1000061035156,338433
2026-01-09,298.54998779296875,304.3500061035156,296.5,303.0,419831
2026-01-12,296.1000061035156,300.5,289.29998779296875,300.5,531006
2026-01-13,305.0,317.8500061035156,298.3500061035156,298.79998779296875,15723808
2026-01-14,301.04998779296875,305.0,300.1000061035156,305.0,640265
2026-01-15,301.04998779296875,301.04998779296875,301.04998779296875,301.04998779296875,0
2026-01-16,301.95001220703125,304.8999938964844,300.5,302.3500061035156,507557
2026-01-19,297.6000061035156,300.0,296.20001220703125,299.1000061035156,286699
2026-01-20,290.54998779296875,300.70001220703125,289.0,297.0,617105
2026-01-21,286.6000061035156,291.75,281.25,290.54998779296875,605205
2026-01-22,290.70001220703125,293.79998779296875,288.0,291.8999938964844,340402
2026-01-23,279.6499938964844,292.0,277.0,292.0,302733
2026-01-27,279.04998779296875,283.5,271.0,280.0,470325
2026-01-28,292.8999938964844,302.0,281.79998779296875,282.0,2246016
2026-01-29,291.3500061035156,296.0,286.04998779296875,295.0,541792
2026-01-30,288.95001220703125,295.79998779296875,285.70001220703125,288.5,567610
2026-02-02,283.45001220703125,287.8999938964844,276.5,284.5,406319
2026-02-03,289.29998779296875,295.95001220703125,285.8999938964844,295.0,317971
2026-02-04,290.75,292.0,287.0,289.5,288425
2026-02-05,293.3500061035156,300.79998779296875,288.79998779296875,290.79998779296875,940925
2026-02-06,289.8999938964844,291.8999938964844,287.6000061035156,291.8999938964844,281882
2026-02-09,294.0,295.3500061035156,290.25,290.25,447703
2026-02-10,296.0,305.6000061035156,294.5,296.0,737642
2026-02-11,293.5,298.0,291.3999938964844,297.79998779296875,231689
2026-02-12,293.6000061035156,296.54998779296875,288.75,293.0,360751
2026-02-13,289.1000061035156,291.95001220703125,285.79998779296875,291.95001220703125,243309
2026-02-16,282.75,289.79998779296875,281.54998779296875,289.79998779296875,352116
2026-02-17,283.8500061035156,287.0,282.8500061035156,283.5,188239
2026-02-18,285.79998779296875,289.8999938964844,284.8999938964844,286.8999938964844,223911
2026-02-19,281.75,288.0,280.0,288.0,180101
2026-02-20,280.6000061035156,283.3500061035156,278.5,283.0,185673
2026-02-23,278.45001220703125,282.75,276.5,280.8999938964844,155455
2026-02-24,273.5,278.3500061035156,272.1499938964844,276.0,191152
2026-02-25,270.79998779296875,278.20001220703125,270.0,274.8999938964844,203931
2026-02-26,273.6000061035156,277.6000061035156,272.0,272.0,245016
2026-02-27,270.29998779296875,274.6499938964844,268.0,273.0,114609
2026-03-02,260.5,267.0,251.10000610351562,251.10000610351562,379240
2026-03-04,253.3000030517578,257.04998779296875,250.5500030517578,255.3000030517578,278853
2026-03-05,256.70001220703125,262.54998779296875,252.5,255.0,377816
2026-03-06,259.1499938964844,268.20001220703125,256.1000061035156,258.04998779296875,441526
2026-03-09,250.8000030517578,253.89999389648438,246.10000610351562,253.0,245110
2026-03-10,256.79998779296875,257.70001220703125,251.25,254.0,198775
2026-03-11,253.39999389648438,263.8999938964844,252.10000610351562,256.79998779296875,249594
2026-03-12,258.95001220703125,262.6000061035156,246.35000610351562,253.35000610351562,428538
2026-03-13,242.3000030517578,261.0,240.4499969482422,261.0,488634
2026-03-16,277.1499938964844,289.79998779296875,240.0,243.0500030517578,87087971
2026-03-17,275.25,297.70001220703125,270.0,293.1499938964844,40480691
2026-03-18,264.3999938964844,276.54998779296875,261.3500061035156,275.0,7475145
2026-03-19,274.54998779296875,285.70001220703125,257.5,261.6000061035156,30474771
2026-03-20,270.6000061035156,274.3999938964844,267.1000061035156,272.54998779296875,2147397
2026-03-23,253.4499969482422,269.0,250.0500030517578,266.0,1289598
2026-03-24,256.04998779296875,262.29998779296875,251.0500030517578,262.0,941119
2026-03-25,260.6000061035156,263.20001220703125,257.0,257.0,703395
2026-03-27,252.0,260.6000061035156,250.0,260.1499938964844,725989
2026-03-30,239.0500030517578,251.10000610351562,237.0,251.10000610351562,764353
2026-04-01,255.33999633789062,256.79998779296875,245.02999877929688,248.7899932861328,931855
2026-04-02,254.8300018310547,256.8699951171875,245.8699951171875,250.00999450683594,571761
2026-04-06,258.2200012207031,259.5400085449219,250.61000061035156,254.99000549316406,581799
2026-04-07,256.8399963378906,261.95001220703125,255.2100067138672,257.0,500345
2026-04-08,266.75,268.3900146484375,261.6300048828125,268.3900146484375,982278
2026-04-09,297.3900146484375,303.8999938964844,265.2200012207031,268.29998779296875,96009610
2026-04-10,292.4599914550781,298.0799865722656,290.1499938964844,296.0,7160762
2026-04-13,289.07000732421875,291.0,278.489990234375,287.1400146484375,1863100
2026-04-15,291.6000061035156,296.989990234375,290.8800048828125,294.75,1331304
2026-04-16,291.0400085449219,296.75,289.25,294.0,808172
2026-04-17,297.3299865722656,307.92999267578125,291.2799987792969,292.1000061035156,3123698
