,Unnamed: 0,Date,Ticker,Returns,Equity,Total_Return
1,1,2016-04-20,AMBUJACEM.NS,-0.0102800439333022,0.9897199560666976,1.3214564420692874
2,2,2016-04-21,AMBUJACEM.NS,-0.0225413359322934,0.9674103460581036,1.3214564420692874
3,3,2016-04-22,AMBUJACEM.NS,-0.0011304664907347,0.9663167210790948,1.3214564420692874
4,4,2016-04-25,AMBUJACEM.NS,0.0110911257098069,0.9770342613080716,1.3214564420692874
5,5,2016-04-26,AMBUJACEM.NS,0.004924867921124,0.9818460259994268,1.3214564420692874
6,6,2016-04-27,AMBUJACEM.NS,0.0037870439567802,0.9855643200586768,1.3214564420692874
7,7,2016-04-28,AMBUJACEM.NS,-0.0241900076651611,0.961723511601948,1.3214564420692874
8,8,2016-04-29,AMBUJACEM.NS,0.0052307668110753,0.9667540630278664,1.3214564420692874
9,9,2016-05-02,AMBUJACEM.NS,0.0126698038297827,0.9790026473580749,1.3214564420692874
10,10,2016-05-03,AMBUJACEM.NS,-0.0232349793595074,0.9562555410538068,1.3214564420692874
11,11,2016-05-04,AMBUJACEM.NS,-0.0169260069674817,0.9400699531032372,1.3214564420692874
12,12,2016-05-05,AMBUJACEM.NS,0.0044208066800308,0.9442258206316122,1.3214564420692874
13,13,2016-05-06,AMBUJACEM.NS,0.0189945952272443,0.9621610078976224,1.3214564420692874
14,14,2016-05-09,AMBUJACEM.NS,0.0015912556096793,0.963692051998854,1.3214564420692874
15,15,2016-05-10,AMBUJACEM.NS,0.00045397935447,0.9641295482945283,1.3214564420692874
16,16,2016-05-11,AMBUJACEM.NS,0.0006804599143794,0.9647855998044116,1.3214564420692874
17,17,2016-05-12,AMBUJACEM.NS,0.0020403115716629,0.9667540630278664,1.3214564420692874
18,18,2016-05-13,AMBUJACEM.NS,-0.0169683489995915,0.9503498426896364,1.3214564420692874
19,19,2016-05-16,AMBUJACEM.NS,0.0,0.9503498426896364,1.3214564420692874
20,20,2016-05-17,AMBUJACEM.NS,-0.0016109508930388,0.9488188757618562,1.3214564420692874
21,21,2016-05-18,AMBUJACEM.NS,-0.0011526172243681,0.9477252507828476,1.3214564420692874
22,22,2016-05-19,AMBUJACEM.NS,-0.0138472045462153,0.9346019053816442,1.3214564420692874
23,23,2016-05-20,AMBUJACEM.NS,-0.022466544683428,0.9136046299131706,1.3214564420692874
24,24,2016-05-23,AMBUJACEM.NS,0.0179554072162895,0.930008773077949,1.3214564420692874
25,25,2016-05-24,AMBUJACEM.NS,0.0134055658959626,0.9424760669692688,1.3214564420692874
26,26,2016-05-25,AMBUJACEM.NS,0.0322578479204687,0.972878316606245,1.3214564420692874
27,27,2016-05-26,AMBUJACEM.NS,0.0098921292747977,0.9825021546827616,1.3214564420692874
28,28,2016-05-27,AMBUJACEM.NS,0.0251559764324971,1.0072179557308387,1.3214564420692874
29,29,2016-05-30,AMBUJACEM.NS,-0.0047775123391421,1.002405959519129,1.3214564420692874
30,30,2016-05-31,AMBUJACEM.NS,-0.0032729232427438,0.999125161755554,1.3214564420692874
31,31,2016-06-01,AMBUJACEM.NS,0.0129158579531376,1.0120297204221942,1.3214564420692874
32,32,2016-06-02,AMBUJACEM.NS,-0.0069159717892041,1.005030551425918,1.3214564420692874
33,33,2016-06-03,AMBUJACEM.NS,-0.0047876800207999,1.0002187867345629,1.3214564420692874
34,34,2016-06-06,AMBUJACEM.NS,0.001093308604138,1.00131233454012,1.3214564420692874
35,35,2016-06-07,AMBUJACEM.NS,0.0233726394390245,1.0247156467011742,1.3214564420692874
36,36,2016-06-08,AMBUJACEM.NS,0.016862220719328,1.0419946281103984,1.3214564420692874
37,37,2016-06-09,AMBUJACEM.NS,-0.0264483372553496,1.014435602767872,1.3214564420692874
38,38,2016-06-10,AMBUJACEM.NS,0.0146616803898826,1.0293089333517726,1.3214564420692874
39,39,2016-06-13,AMBUJACEM.NS,0.0087122844552889,1.0382765655715034,1.3214564420692874
40,40,2016-06-14,AMBUJACEM.NS,-0.0145356648174995,1.0231845254264913,1.3214564420692874
41,41,2016-06-15,AMBUJACEM.NS,0.0200942884974595,1.0437446904665475,1.3214564420692874
42,42,2016-06-16,AMBUJACEM.NS,-0.0171837221785982,1.0258092716801834,1.3214564420692874
43,43,2016-06-17,AMBUJACEM.NS,0.0059700926614711,1.0319334480851103,1.3214564420692874
44,44,2016-06-20,AMBUJACEM.NS,0.0258583632250175,1.05861755800974,1.3214564420692874
45,45,2016-06-21,AMBUJACEM.NS,-0.0074378634987147,1.0507437051159207,1.3214564420692874
46,46,2016-06-22,AMBUJACEM.NS,0.011032472755754,1.0623360064158922,1.3214564420692874
47,47,2016-06-23,AMBUJACEM.NS,0.0290302692305428,1.0931759066954452,1.3214564420692874
48,48,2016-06-24,AMBUJACEM.NS,-0.0072030142078665,1.0853017451078206,1.3214564420692874
49,49,2016-06-27,AMBUJACEM.NS,0.0253928903121198,1.112860693276896,1.3214564420692874
50,50,2016-06-28,AMBUJACEM.NS,-0.0098269427034324,1.1019246750071616,1.3214564420692874
51,51,2016-06-29,AMBUJACEM.NS,0.0158793479392089,1.1194225203244,1.3214564420692874
52,52,2016-06-30,AMBUJACEM.NS,-0.0042985037172669,1.1146106784595935,1.3214564420692874
53,53,2016-07-01,AMBUJACEM.NS,-0.0072605078928243,1.1065180388312112,1.3214564420692874
54,54,2016-07-04,AMBUJACEM.NS,0.0007905529239438,1.1073927999022055,1.3214564420692874
55,55,2016-07-05,AMBUJACEM.NS,0.0015801356446865,1.1091426307380003,1.3214564420692874
56,56,2016-07-07,AMBUJACEM.NS,0.0134096155217668,1.124015806974998,1.3214564420692874
57,57,2016-07-08,AMBUJACEM.NS,0.0044756539379635,1.1290465127478189,1.3214564420692874
58,58,2016-07-11,AMBUJACEM.NS,0.0098796403496219,1.1402010862317622,1.3214564420692874
59,59,2016-07-12,AMBUJACEM.NS,0.0005755853403071,1.1408573692619994,1.3214564420692874
60,60,2016-07-13,AMBUJACEM.NS,-0.0007666899659058,1.1399826853644563,1.3214564420692874
61,61,2016-07-14,AMBUJACEM.NS,0.0078664635304206,1.1489503175841869,1.3214564420692874
62,62,2016-07-15,AMBUJACEM.NS,-0.0068532853802846,1.1410762331700135,1.3214564420692874
63,63,2016-07-18,AMBUJACEM.NS,-0.0034504575822925,1.1371389980292983,1.3214564420692874
64,64,2016-07-19,AMBUJACEM.NS,0.0105791393694147,1.149168949971847,1.3214564420692874
65,65,2016-07-20,AMBUJACEM.NS,-0.0026646781363088,1.1461067845959318,1.3214564420692874
66,66,2016-07-21,AMBUJACEM.NS,0.0148855468131881,1.163167210790947,1.3214564420692874
67,67,2016-07-22,AMBUJACEM.NS,-0.0031967641438004,1.159448839558246,1.3214564420692874
68,68,2016-07-25,AMBUJACEM.NS,0.0149027544982558,1.1767278209674703,1.3214564420692874
69,69,2016-07-26,AMBUJACEM.NS,0.0029739965655444,1.180227405465608,1.3214564420692874
70,70,2016-07-27,AMBUJACEM.NS,-0.0066714709871633,1.1723535525717892,1.3214564420692874
71,71,2016-07-28,AMBUJACEM.NS,0.0132461325675714,1.1878827031452184,1.3214564420692874
72,72,2016-07-29,AMBUJACEM.NS,-0.0011047028155174,1.1865704457785493,1.3214564420692874
73,73,2016-08-01,AMBUJACEM.NS,-0.000921473699724,1.1854770523198943,1.3214564420692874
74,74,2016-08-02,AMBUJACEM.NS,-0.0206015114831826,1.161054433213477,1.3214564420692874
75,75,2016-08-03,AMBUJACEM.NS,-0.0051166058779749,1.1551137752758478,1.3214564420692874
76,76,2016-08-04,AMBUJACEM.NS,0.0072381567289856,1.1634746698211047,1.3214564420692874
77,77,2016-08-05,AMBUJACEM.NS,0.0434948030326145,1.21407977141841,1.3214564420692874
78,78,2016-08-08,AMBUJACEM.NS,0.0021746990433153,1.216720029535822,1.3214564420692874
79,79,2016-08-09,AMBUJACEM.NS,-0.0216999267539781,1.1903172940147966,1.3214564420692874
80,80,2016-08-10,AMBUJACEM.NS,-0.0371533906875306,1.1460929705481406,1.3214564420692874
81,81,2016-08-11,AMBUJACEM.NS,-0.0028795617442236,1.1427927250748269,1.3214564420692874
82,82,2016-08-12,AMBUJACEM.NS,0.0184829161485664,1.1639148671875763,1.3214564420692874
83,83,2016-08-16,AMBUJACEM.NS,0.0194706150537429,1.1865770055219145,1.3214564420692874
84,84,2016-08-17,AMBUJACEM.NS,0.000370980867169,1.1870172028883856,1.3214564420692874
85,85,2016-08-18,AMBUJACEM.NS,0.0087115666178623,1.1973579823278964,1.3214564420692874
86,86,2016-08-19,AMBUJACEM.NS,0.015987079470819,1.216500239546392,1.3214564420692874
87,87,2016-08-22,AMBUJACEM.NS,-0.0186294073866745,1.193837560997895,1.3214564420692874
88,88,2016-08-23,AMBUJACEM.NS,-0.0011055275927132,1.1925177406329943,1.3214564420692874
89,89,2016-08-24,AMBUJACEM.NS,-0.0143913240858154,1.1753558313494608,1.3214564420692874
90,90,2016-08-25,AMBUJACEM.NS,-0.0078622176914147,1.1661149279385177,1.3214564420692874
91,91,2016-08-26,AMBUJACEM.NS,0.0043396191951563,1.171175422663558,1.3214564420692874
92,92,2016-08-29,AMBUJACEM.NS,-0.0073266896790533,1.162594583781968,1.3214564420692874
93,93,2016-08-30,AMBUJACEM.NS,0.0410674068696772,1.2103393285786253,1.3214564420692874
94,94,2016-08-31,AMBUJACEM.NS,0.010543720084543,1.223100807666472,1.3214564420692874
95,95,2016-09-01,AMBUJACEM.NS,-0.0034180036564456,1.2189202446336664,1.3214564420692874
96,96,2016-09-02,AMBUJACEM.NS,-0.0023466316301175,1.2160598878330184,1.3214564420692874
97,97,2016-09-06,AMBUJACEM.NS,0.0037996533711903,1.2206804938853926,1.3214564420692874
98,98,2016-09-07,AMBUJACEM.NS,-0.0122568471116203,1.205718799699702,1.3214564420692874
99,99,2016-09-08,AMBUJACEM.NS,0.0071170388796564,1.2142999472750975,1.3214564420692874
100,100,2016-09-09,AMBUJACEM.NS,-0.0119589937771236,1.199778141762073,1.3214564420692874
101,101,2016-09-12,AMBUJACEM.NS,-0.0469466016625977,1.1434526352572771,1.3214564420692874
102,102,2016-09-14,AMBUJACEM.NS,0.0161630915689623,1.161934364905712,1.3214564420692874
103,103,2016-09-15,AMBUJACEM.NS,-0.012876274205987,1.1469729794138266,1.3214564420692874
104,104,2016-09-16,AMBUJACEM.NS,0.0067139120164252,1.154673655082828,1.3214564420692874
105,105,2016-09-19,AMBUJACEM.NS,0.0179117070659664,1.1753558313494603,1.3214564420692874
106,106,2016-09-20,AMBUJACEM.NS,0.0003743913186387,1.175795874369029,1.3214564420692874
107,107,2016-09-21,AMBUJACEM.NS,-0.0104790336626551,1.163474669821105,1.3214564420692874
108,108,2016-09-22,AMBUJACEM.NS,0.0043493343769276,1.1685350101992424,1.3214564420692874
109,109,2016-09-23,AMBUJACEM.NS,-0.0246655735684655,1.139712423937845,1.3214564420692874
110,110,2016-09-26,AMBUJACEM.NS,-0.0160230842053592,1.121450715799195,1.3214564420692874
111,111,2016-09-27,AMBUJACEM.NS,0.0129485744855626,1.1359719039246086,1.3214564420692874
112,112,2016-09-28,AMBUJACEM.NS,0.0102653419316829,1.1476330439431794,1.3214564420692874
113,113,2016-09-29,AMBUJACEM.NS,-0.0241564238491913,1.1199103337103504,1.3214564420692874
114,114,2016-09-30,AMBUJACEM.NS,-0.0108055617019791,1.1078090734987591,1.3214564420692874
115,115,2016-10-03,AMBUJACEM.NS,0.0284012415363645,1.1392722265713735,1.3214564420692874
116,116,2016-10-04,AMBUJACEM.NS,-0.0106217860687313,1.1271711207066857,1.3214564420692874
117,117,2016-10-05,AMBUJACEM.NS,0.0,1.1271711207066857,1.3214564420692874
118,118,2016-10-06,AMBUJACEM.NS,-0.0136638576006534,1.1117696150217804,1.3214564420692874
119,119,2016-10-07,AMBUJACEM.NS,0.000593636799373,1.112429602377682,1.3214564420692874
120,120,2016-10-10,AMBUJACEM.NS,0.0166139807461387,1.1309114863730196,1.3214564420692874
121,121,2016-10-13,AMBUJACEM.NS,-0.0173151609182161,1.1113295720022118,1.3214564420692874
122,122,2016-10-14,AMBUJACEM.NS,0.0015838434633783,1.1130897440804866,1.3214564420692874
123,123,2016-10-17,AMBUJACEM.NS,-0.0258945626639152,1.084266771951833,1.3214564420692874
124,124,2016-10-18,AMBUJACEM.NS,0.019074875275254,1.1049490253919168,1.3214564420692874
125,125,2016-10-19,AMBUJACEM.NS,0.0001990538307909,1.10516896972825,1.3214564420692874
126,126,2016-10-20,AMBUJACEM.NS,0.0075651937403393,1.1135297871000551,1.3214564420692874
127,127,2016-10-21,AMBUJACEM.NS,-0.023908298630466,1.086907184416148,1.3214564420692874
128,128,2016-10-24,AMBUJACEM.NS,0.0016194318185691,1.088667356494423,1.3214564420692874
129,129,2016-10-25,AMBUJACEM.NS,0.0038398611729411,1.0928476880068745,1.3214564420692874
130,130,2016-10-26,AMBUJACEM.NS,0.0012079716809518,1.0941678170655802,1.3214564420692874
131,131,2016-10-27,AMBUJACEM.NS,-0.0213150144794405,1.0708456142018896,1.3214564420692874
132,132,2016-10-28,AMBUJACEM.NS,-0.00801321492215,1.0622646981468482,1.3214564420692874
133,133,2016-11-01,AMBUJACEM.NS,0.0128418188083248,1.07590610892693,1.3214564420692874
134,134,2016-11-02,AMBUJACEM.NS,-0.0159510499733095,1.0587442768168476,1.3214564420692874
135,135,2016-11-03,AMBUJACEM.NS,0.0103907552593762,1.0697454294795168,1.3214564420692874
136,136,2016-11-04,AMBUJACEM.NS,-0.0092553709452745,1.0598445387126718,1.3214564420692874
137,137,2016-11-07,AMBUJACEM.NS,0.003529164447908,1.0635849043790062,1.3214564420692874
138,138,2016-11-08,AMBUJACEM.NS,0.0122052024467727,1.0765661734562837,1.3214564420692874
139,139,2016-11-09,AMBUJACEM.NS,-0.0566115087826448,1.015620138072565,1.3214564420692874
140,140,2016-11-10,AMBUJACEM.NS,0.0006498368151248,1.0162801254284664,1.3214564420692874
141,141,2016-11-11,AMBUJACEM.NS,-0.0493612202012047,0.966115298371084,1.3214564420692874
142,142,2016-11-15,AMBUJACEM.NS,-0.0501025182062876,0.9177104890450736,1.3214564420692874
143,143,2016-11-16,AMBUJACEM.NS,-0.0302084735766992,0.8899878559856959,1.3214564420692874
144,144,2016-11-17,AMBUJACEM.NS,-0.0405440160883694,0.8539041740341584,1.3214564420692874
145,145,2016-11-18,AMBUJACEM.NS,0.0244782073505567,0.8748062174636724,1.3214564420692874
146,146,2016-11-21,AMBUJACEM.NS,-0.0261570091001037,0.8519239032726478,1.3214564420692874
147,147,2016-11-22,AMBUJACEM.NS,0.0095557781989079,0.8600646991346691,1.3214564420692874
148,148,2016-11-23,AMBUJACEM.NS,0.0133026253958543,0.8715058176434558,1.3214564420692874
149,149,2016-11-24,AMBUJACEM.NS,0.0161575245295262,0.8855871942696547,1.3214564420692874
150,150,2016-11-25,AMBUJACEM.NS,0.0086956461117342,0.8932879471121072,1.3214564420692874
151,151,2016-11-28,AMBUJACEM.NS,0.0059114123562815,0.8985685405203832,1.3214564420692874
152,152,2016-11-29,AMBUJACEM.NS,0.0041625824827653,0.9023089061867172,1.3214564420692874
153,153,2016-11-30,AMBUJACEM.NS,0.0280420049333045,0.9276114569853698,1.3214564420692874
154,154,2016-12-01,AMBUJACEM.NS,-0.0185009333745762,0.91044977922219,1.3214564420692874
155,155,2016-12-02,AMBUJACEM.NS,-0.0089415948262708,0.9023089061867172,1.3214564420692874
156,156,2016-12-05,AMBUJACEM.NS,0.024871963297856,0.924751100184722,1.3214564420692874
157,157,2016-12-06,AMBUJACEM.NS,0.002141409468034,0.9267313709462324,1.3214564420692874
158,158,2016-12-07,AMBUJACEM.NS,-0.0064102510721226,0.9207907901820548,1.3214564420692874
159,159,2016-12-08,AMBUJACEM.NS,0.0222221197851559,0.9412527134185488,1.3214564420692874
160,160,2016-12-09,AMBUJACEM.NS,0.0100515004730421,0.9507137155127277,1.3214564420692874
161,161,2016-12-12,AMBUJACEM.NS,-0.0356398692413076,0.916830403005936,1.3214564420692874
162,162,2016-12-13,AMBUJACEM.NS,-0.0093594117301942,0.9082494097774436,1.3214564420692874
163,163,2016-12-14,AMBUJACEM.NS,-0.0055715317000619,0.903189069399306,1.3214564420692874
164,164,2016-12-15,AMBUJACEM.NS,-0.0165650648339173,0.888227683907421,1.3214564420692874
165,165,2016-12-16,AMBUJACEM.NS,0.0029724146092209,0.8908678648513819,1.3214564420692874
166,166,2016-12-19,AMBUJACEM.NS,-0.0064214196667639,0.8851472284235373,1.3214564420692874
167,167,2016-12-20,AMBUJACEM.NS,0.0208800111460034,0.9036291124188748,1.3214564420692874
168,168,2016-12-21,AMBUJACEM.NS,-0.0155832228135682,0.8895476586192246,1.3214564420692874
169,169,2016-12-22,AMBUJACEM.NS,-0.0108829124142569,0.8798667893621642,1.3214564420692874
170,170,2016-12-23,AMBUJACEM.NS,0.0004999491718342,0.8803066780348303,1.3214564420692874
171,171,2016-12-26,AMBUJACEM.NS,-0.0084977819047293,0.8728260238756135,1.3214564420692874
172,172,2016-12-27,AMBUJACEM.NS,0.0229391421305498,0.8928479040925389,1.3214564420692874
173,173,2016-12-28,AMBUJACEM.NS,-0.0081320791476386,0.885587194269655,1.3214564420692874
174,174,2016-12-29,AMBUJACEM.NS,0.0131677798273035,0.8972484114616773,1.3214564420692874
175,175,2016-12-30,AMBUJACEM.NS,0.0117705526230977,0.907809521104778,1.3214564420692874
176,176,2017-01-02,AMBUJACEM.NS,0.0402326366656247,0.9443330917289812,1.3214564420692874
177,177,2017-01-03,AMBUJACEM.NS,0.002795897062739,0.9469733498463936,1.3214564420692874
178,178,2017-01-04,AMBUJACEM.NS,-0.014172932398229,0.933551960576096,1.3214564420692874
179,179,2017-01-05,AMBUJACEM.NS,0.0103701788290826,0.9432330613535108,1.3214564420692874
180,180,2017-01-06,AMBUJACEM.NS,-0.0081642918716753,0.935532231337607,1.3214564420692874
181,181,2017-01-09,AMBUJACEM.NS,-0.0089371284479998,0.9271712596188988,1.3214564420692874
182,182,2017-01-10,AMBUJACEM.NS,-0.0061696560098194,0.9214509318848592,1.3214564420692874
183,183,2017-01-11,AMBUJACEM.NS,0.0308022638862865,0.9498337066470414,1.3214564420692874
184,184,2017-01-12,AMBUJACEM.NS,-0.0074125483901318,0.942793018333942,1.3214564420692874
185,185,2017-01-13,AMBUJACEM.NS,-0.0046675222276407,0.9383925109648036,1.3214564420692874
186,186,2017-01-16,AMBUJACEM.NS,-0.0035169959352853,0.9350921883180384,1.3214564420692874
187,187,2017-01-17,AMBUJACEM.NS,0.0018823513876646,0.9368523603963133,1.3214564420692874
188,188,2017-01-18,AMBUJACEM.NS,0.0218412220270112,0.9573143608062584,1.3214564420692874
189,189,2017-01-19,AMBUJACEM.NS,0.0128706746977016,0.969635642527634,1.3214564420692874
190,190,2017-01-20,AMBUJACEM.NS,-0.0120263112318899,0.9579745025090632,1.3214564420692874
191,191,2017-01-23,AMBUJACEM.NS,0.0110242551012966,0.968535457805261,1.3214564420692874
192,192,2017-01-24,AMBUJACEM.NS,0.0149931729692931,0.9830568774510288,1.3214564420692874
193,193,2017-01-25,AMBUJACEM.NS,0.0257386437947104,1.008359428249681,1.3214564420692874
194,194,2017-01-27,AMBUJACEM.NS,0.0159284177489549,1.0244209984639394,1.3214564420692874
195,195,2017-01-30,AMBUJACEM.NS,-0.0143900224396571,1.0096795573083874,1.3214564420692874
196,196,2017-01-31,AMBUJACEM.NS,-0.0017432977280111,1.0079193852301125,1.3214564420692874
197,197,2017-02-01,AMBUJACEM.NS,0.0233574024523823,1.0314617639504902,1.3214564420692874
198,198,2017-02-02,AMBUJACEM.NS,-0.011945456585986,1.019140482229115,1.3214564420692874
199,199,2017-02-03,AMBUJACEM.NS,-0.0101468721080509,1.0087993940957989,1.3214564420692874
200,200,2017-02-06,AMBUJACEM.NS,0.0451472611555598,1.0543439237946124,1.3214564420692874
201,201,2017-02-07,AMBUJACEM.NS,-0.0198246918844918,1.033441880365098,1.3214564420692874
202,202,2017-02-08,AMBUJACEM.NS,0.0161804528032605,1.0501634379352582,1.3214564420692874
203,203,2017-02-09,AMBUJACEM.NS,-0.0010475584172732,1.0490633303863366,1.3214564420692874
204,204,2017-02-10,AMBUJACEM.NS,-0.0035653600545788,1.0453230418934536,1.3214564420692874
205,205,2017-02-13,AMBUJACEM.NS,0.0069459004842484,1.0525837517163374,1.3214564420692874
206,206,2017-02-14,AMBUJACEM.NS,-0.0058526914528311,1.0464233037892785,1.3214564420692874
207,207,2017-02-15,AMBUJACEM.NS,-0.0115644761935459,1.0343219664042356,1.3214564420692874
208,208,2017-02-16,AMBUJACEM.NS,0.0025526462776299,1.0369622245216483,1.3214564420692874
209,209,2017-02-17,AMBUJACEM.NS,0.0108210497549485,1.0481832443471992,1.3214564420692874
210,210,2017-02-20,AMBUJACEM.NS,0.0050380005439483,1.0534639921023778,1.3214564420692874
211,211,2017-02-21,AMBUJACEM.NS,-0.0018797707148573,1.051483721340867,1.3214564420692874
212,212,2017-02-22,AMBUJACEM.NS,-0.0242730592374674,1.0259609946855277,1.3214564420692874
213,213,2017-02-23,AMBUJACEM.NS,-0.0049322179214398,1.0209007314808414,1.3214564420692874
214,214,2017-02-27,AMBUJACEM.NS,-0.0090517915204058,1.011659750896447,1.3214564420692874
215,215,2017-02-28,AMBUJACEM.NS,-0.0023923424901339,1.009239514288819,1.3214564420692874
216,216,2017-03-01,AMBUJACEM.NS,-0.0021800722887806,1.0070392991909756,1.3214564420692874
217,217,2017-03-02,AMBUJACEM.NS,-0.0010924176939328,1.0059391916420537,1.3214564420692874
218,218,2017-03-03,AMBUJACEM.NS,-0.013998315123466,0.9918577378424036,1.3214564420692874
219,219,2017-03-06,AMBUJACEM.NS,-0.0019964492008367,0.9898775442543444,1.3214564420692874
220,220,2017-03-07,AMBUJACEM.NS,-0.0006668143278777,0.9892174797249912,1.3214564420692874
221,221,2017-03-08,AMBUJACEM.NS,0.0020018558123953,0.9911977504865016,1.3214564420692874
222,222,2017-03-09,AMBUJACEM.NS,0.0084349870590918,0.9995584906848562,1.3214564420692874
223,223,2017-03-10,AMBUJACEM.NS,0.0083645875885944,1.007919385230113,1.3214564420692874
224,224,2017-03-14,AMBUJACEM.NS,0.0203011506042445,1.028381308466607,1.3214564420692874
225,225,2017-03-15,AMBUJACEM.NS,-0.0029952908630495,1.025301007329626,1.3214564420692874
226,226,2017-03-16,AMBUJACEM.NS,0.0155306431666599,1.0412245914128797,1.3214564420692874
227,227,2017-03-17,AMBUJACEM.NS,-0.0055224557061756,1.0354744747266211,1.3214564420692874
228,228,2017-03-20,AMBUJACEM.NS,0.0004270543475473,1.035916678602827,1.3214564420692874
229,229,2017-03-21,AMBUJACEM.NS,0.0125960778727856,1.048965165756226,1.3214564420692874
230,230,2017-03-22,AMBUJACEM.NS,-0.0174992381719482,1.0306090744865806,1.3214564420692874
231,231,2017-03-23,AMBUJACEM.NS,-0.0015022706661621,1.0290608207056988,1.3214564420692874
232,232,2017-03-24,AMBUJACEM.NS,-0.0118204891127747,1.016896818478164,1.3214564420692874
233,233,2017-03-27,AMBUJACEM.NS,-0.0100041967796353,1.0067235826015233,1.3214564420692874
234,234,2017-03-28,AMBUJACEM.NS,0.0032951456222853,1.0100408834075842,1.3214564420692874
235,235,2017-03-29,AMBUJACEM.NS,0.0100723322829003,1.0202143508045798,1.3214564420692874
236,236,2017-03-30,AMBUJACEM.NS,0.0145242446949482,1.0350321936769633,1.3214564420692874
237,237,2017-03-31,AMBUJACEM.NS,0.0113246839621778,1.0467536061610343,1.3214564420692874
238,238,2017-04-03,AMBUJACEM.NS,0.0038031063764625,1.0507345214752106,1.3214564420692874
239,239,2017-04-05,AMBUJACEM.NS,0.0050516212245506,1.0560424342852628,1.3214564420692874
240,240,2017-04-06,AMBUJACEM.NS,0.0192671564450541,1.0763893690792528,1.3214564420692874
241,241,2017-04-07,AMBUJACEM.NS,-0.0036984687901856,1.0724083765916257,1.3214564420692874
242,242,2017-04-10,AMBUJACEM.NS,0.0101050087582257,1.0832450726294784,1.3214564420692874
243,243,2017-04-11,AMBUJACEM.NS,0.0163331326422635,1.100937858084814,1.3214564420692874
244,244,2017-04-12,AMBUJACEM.NS,0.0008037427240992,1.1018227288779352,1.3214564420692874
245,245,2017-04-13,AMBUJACEM.NS,-0.0156564738595912,1.0845720701253545,1.3214564420692874
246,246,2017-04-17,AMBUJACEM.NS,0.0067292627831516,1.0918704405924946,1.3214564420692874
247,247,2017-04-18,AMBUJACEM.NS,-0.0247114398832648,1.0648887498394792,1.3214564420692874
248,248,2017-04-19,AMBUJACEM.NS,-0.002492129478548,1.0622349091946302,1.3214564420692874
249,249,2017-04-20,AMBUJACEM.NS,0.0039558267346582,1.0664369264469096,1.3214564420692874
250,250,2017-04-21,AMBUJACEM.NS,-0.0070509516740429,1.0589175312151176,1.3214564420692874
251,251,2017-04-24,AMBUJACEM.NS,0.0304928837839828,1.091206980431282,1.3214564420692874
252,252,2017-04-25,AMBUJACEM.NS,-0.0012161530242436,1.0898799057619548,1.3214564420692874
253,253,2017-04-26,AMBUJACEM.NS,-0.0016233701861828,1.0881106272164212,1.3214564420692874
254,254,2017-04-27,AMBUJACEM.NS,0.01422762122979,1.1035918530765656,1.3214564420692874
255,255,2017-04-28,AMBUJACEM.NS,-0.0144288007069017,1.0876683461667631,1.3214564420692874
256,256,2017-05-02,AMBUJACEM.NS,-0.0166733421717256,1.06953327966177,1.3214564420692874
257,257,2017-05-03,AMBUJACEM.NS,0.0031017783327069,1.072850734814734,1.3214564420692874
258,258,2017-05-04,AMBUJACEM.NS,0.005565677737958,1.0788218762656443,1.3214564420692874
259,259,2017-05-05,AMBUJACEM.NS,0.0108652264681541,1.0905435202700695,1.3214564420692874
260,260,2017-05-08,AMBUJACEM.NS,0.0575947852784832,1.1533531401568655,1.3214564420692874
261,261,2017-05-09,AMBUJACEM.NS,-0.0122723754055469,1.139198757445694,1.3214564420692874
262,262,2017-05-10,AMBUJACEM.NS,0.0083479789401335,1.148708764681477,1.3214564420692874
263,263,2017-05-11,AMBUJACEM.NS,0.0023104158977036,1.1513627596732288,1.3214564420692874
264,264,2017-05-12,AMBUJACEM.NS,-0.0072995416094583,1.142958339301413,1.3214564420692874
265,265,2017-05-15,AMBUJACEM.NS,-0.0009673703751045,1.1418526752639944,1.3214564420692874
266,266,2017-05-16,AMBUJACEM.NS,0.0096842874180367,1.152910704760305,1.3214564420692874
267,267,2017-05-17,AMBUJACEM.NS,-0.0101667330021512,1.141189369449685,1.3214564420692874
268,268,2017-05-18,AMBUJACEM.NS,-0.0224807302954129,1.1155345990190944,1.3214564420692874
269,269,2017-05-19,AMBUJACEM.NS,-0.0037667501147188,1.1113326589402663,1.3214564420692874
270,270,2017-05-22,AMBUJACEM.NS,-0.0314426914208879,1.0763893690792523,1.3214564420692874
271,271,2017-05-23,AMBUJACEM.NS,-0.0145881776331865,1.0606868097606508,1.3214564420692874
272,272,2017-05-24,AMBUJACEM.NS,-0.018765670709077,1.040782310363221,1.3214564420692874
273,273,2017-05-25,AMBUJACEM.NS,0.0201869693586236,1.061792550971521,1.3214564420692874
274,274,2017-05-26,AMBUJACEM.NS,0.0014580055516142,1.0633406504055,1.3214564420692874
275,275,2017-05-29,AMBUJACEM.NS,-0.000623939431789,1.0626771902442878,1.3214564420692874
276,276,2017-05-30,AMBUJACEM.NS,0.0091572364935212,1.0724083765916257,1.3214564420692874
277,277,2017-05-31,AMBUJACEM.NS,-0.0049495976526906,1.0671003866081217,1.3214564420692874
278,278,2017-06-01,AMBUJACEM.NS,-0.0037305912022297,1.0631194712939456,1.3214564420692874
279,279,2017-06-02,AMBUJACEM.NS,0.0004161671463149,1.0635619066905058,1.3214564420692874
280,280,2017-06-05,AMBUJACEM.NS,-0.0004159940232695,1.0631194712939454,1.3214564420692874
281,281,2017-06-06,AMBUJACEM.NS,-0.0220510514336278,1.0396765691523513,1.3214564420692874
282,282,2017-06-07,AMBUJACEM.NS,0.0065943702565316,1.0465325813963824,1.3214564420692874
283,283,2017-06-08,AMBUJACEM.NS,-0.0067625141169925,1.0394553900407966,1.3214564420692874
284,284,2017-06-09,AMBUJACEM.NS,0.0002127836496628,1.039676569152351,1.3214564420692874
285,285,2017-06-12,AMBUJACEM.NS,-0.0187194930858543,1.020214350804579,1.3214564420692874
286,286,2017-06-13,AMBUJACEM.NS,0.0026012579050234,1.0228681914494275,1.3214564420692874
287,287,2017-06-14,AMBUJACEM.NS,0.0121082112721562,1.0352532956150655,1.3214564420692874
288,288,2017-06-15,AMBUJACEM.NS,0.0087587208890589,1.0443207902808362,1.3214564420692874
289,289,2017-06-16,AMBUJACEM.NS,0.0048709275150797,1.049407601152785,1.3214564420692874
290,290,2017-06-19,AMBUJACEM.NS,0.002318128371304,1.0518402626860794,1.3214564420692874
291,291,2017-06-20,AMBUJACEM.NS,0.0142977459068565,1.0668792074965665,1.3214564420692874
292,292,2017-06-21,AMBUJACEM.NS,-0.003524050498129,1.0631194712939445,1.3214564420692874
293,293,2017-06-22,AMBUJACEM.NS,0.0191388250990967,1.0834663289144837,1.3214564420692874
294,294,2017-06-23,AMBUJACEM.NS,-0.0067360591639256,1.0761680356207943,1.3214564420692874
295,295,2017-06-27,AMBUJACEM.NS,-0.0104809708223766,1.0648887498394783,1.3214564420692874
296,296,2017-06-28,AMBUJACEM.NS,0.0203530912935554,1.0865625277824411,1.3214564420692874
297,297,2017-06-29,AMBUJACEM.NS,0.0050886090585977,1.092091619704048,1.3214564420692874
298,298,2017-06-30,AMBUJACEM.NS,-0.0014175545403404,1.0905435202700688,1.3214564420692874
299,299,2017-07-03,AMBUJACEM.NS,0.0036501833442064,1.094524204063891,1.3214564420692874
300,300,2017-07-04,AMBUJACEM.NS,0.0066682169174006,1.1018227288779343,1.3214564420692874
301,301,2017-07-05,AMBUJACEM.NS,0.0166598901397154,1.120178974494482,1.3214564420692874
302,302,2017-07-06,AMBUJACEM.NS,0.0132280341234034,1.1349967401934142,1.3214564420692874
303,303,2017-07-07,AMBUJACEM.NS,-0.0122760535600247,1.1210634594203464,1.3214564420692874
304,304,2017-07-10,AMBUJACEM.NS,0.0037484486157508,1.125265708192979,1.3214564420692874
305,305,2017-07-11,AMBUJACEM.NS,0.0029480155503791,1.1285830089990407,1.3214564420692874
306,306,2017-07-12,AMBUJACEM.NS,0.0229277529099465,1.1544588813677348,1.3214564420692874
307,307,2017-07-13,AMBUJACEM.NS,0.008237564988945,1.1639688114300664,1.3214564420692874
308,308,2017-07-14,AMBUJACEM.NS,-0.0047501399469305,1.158439796681911,1.3214564420692874
309,309,2017-07-17,AMBUJACEM.NS,0.0162274524062882,1.177238323348117,1.3214564420692874
310,310,2017-07-18,AMBUJACEM.NS,0.0003757592785891,1.1776806815712255,1.3214564420692874
311,311,2017-07-19,AMBUJACEM.NS,-0.0061970439534162,1.1703825426244396,1.3214564420692874
312,312,2017-07-20,AMBUJACEM.NS,-0.0113378880679454,1.1571128763594865,1.3214564420692874
313,313,2017-07-21,AMBUJACEM.NS,0.0172017315312835,1.1770172214100136,1.3214564420692874
314,314,2017-07-24,AMBUJACEM.NS,0.0075160727588785,1.1858637684845843,1.3214564420692874
315,315,2017-07-25,AMBUJACEM.NS,-0.0011190785186255,1.1845366938152568,1.3214564420692874
316,316,2017-07-26,AMBUJACEM.NS,-0.0108289663872958,1.1717093857734129,1.3214564420692874
317,317,2017-07-27,AMBUJACEM.NS,-0.0011323995225124,1.1703825426244396,1.3214564420692874
318,318,2017-07-28,AMBUJACEM.NS,-0.0075587459021601,1.1615359183764171,1.3214564420692874
319,319,2017-07-31,AMBUJACEM.NS,0.0020945482745375,1.163968811430066,1.3214564420692874
320,320,2017-08-01,AMBUJACEM.NS,-0.0089302816647873,1.153574242094968,1.3214564420692874
321,321,2017-08-02,AMBUJACEM.NS,0.028549328824847,1.186508012456411,1.3214564420692874
322,322,2017-08-03,AMBUJACEM.NS,0.0206303112895185,1.2109860421008949,1.3214564420692874
323,323,2017-08-04,AMBUJACEM.NS,0.0196617405942898,1.2347961355239885,1.3214564420692874
324,324,2017-08-07,AMBUJACEM.NS,0.0073889373498734,1.2439199668092409,1.3214564420692874
325,325,2017-08-08,AMBUJACEM.NS,-0.0191413020172599,1.2201097190392451,1.3214564420692874
326,326,2017-08-09,AMBUJACEM.NS,-0.0034652823753524,1.2158816943338622,1.3214564420692874
327,327,2017-08-10,AMBUJACEM.NS,-0.0210468543649229,1.1902912093882416,1.3214564420692874
328,328,2017-08-11,AMBUJACEM.NS,-0.0153300296481025,1.172044009858444,1.3214564420692874
329,329,2017-08-14,AMBUJACEM.NS,0.0066452274753507,1.1798325089150756,1.3214564420692874
330,330,2017-08-16,AMBUJACEM.NS,0.0186719546270808,1.2018622879890928,1.3214564420692874
331,331,2017-08-17,AMBUJACEM.NS,0.0031475864159162,1.2056452534005693,1.3214564420692874
332,332,2017-08-18,AMBUJACEM.NS,0.0149502587255503,1.2236699618701394,1.3214564420692874
333,333,2017-08-21,AMBUJACEM.NS,-0.0020003027226116,1.2212222515138325,1.3214564420692874
334,334,2017-08-22,AMBUJACEM.NS,-0.0045554382752236,1.2156590489267316,1.3214564420692874
335,335,2017-08-23,AMBUJACEM.NS,0.0128133067077966,1.2312356611727382,1.3214564420692874
336,336,2017-08-24,AMBUJACEM.NS,-0.0045182643872578,1.2256726129325397,1.3214564420692874
337,337,2017-08-28,AMBUJACEM.NS,0.0143428587619358,1.2432522621082038,1.3214564420692874
338,338,2017-08-29,AMBUJACEM.NS,-0.0155719695361419,1.2238923757569151,1.3214564420692874
339,339,2017-08-30,AMBUJACEM.NS,0.0187272423917248,1.246812504939099,1.3214564420692874
340,340,2017-08-31,AMBUJACEM.NS,0.0007140391447697,1.247702777873814,1.3214564420692874
341,341,2017-09-01,AMBUJACEM.NS,0.008025662326667,1.2577164190530736,1.3214564420692874
342,342,2017-09-04,AMBUJACEM.NS,-0.0205236239595495,1.2319035202206772,1.3214564420692874
343,343,2017-09-05,AMBUJACEM.NS,0.0204118465764346,1.2570489458723917,1.3214564420692874
344,344,2017-09-06,AMBUJACEM.NS,0.0005309842412055,1.257716419053074,1.3214564420692874
345,345,2017-09-07,AMBUJACEM.NS,-0.0054849684008385,1.250817884237352,1.3214564420692874
346,346,2017-09-08,AMBUJACEM.NS,0.0053373427415976,1.2574939279928468,1.3214564420692874
347,347,2017-09-11,AMBUJACEM.NS,0.0090250107629097,1.2688428242272758,1.3214564420692874
348,348,2017-09-12,AMBUJACEM.NS,0.0129776938056895,1.2853094778876435,1.3214564420692874
349,349,2017-09-13,AMBUJACEM.NS,-0.0105608504544091,1.2717355167040376,1.3214564420692874
350,350,2017-09-14,AMBUJACEM.NS,-0.0036745115351881,1.2670625098782002,1.3214564420692874
351,351,2017-09-15,AMBUJACEM.NS,-0.0012293544555237,1.2655048409362544,1.3214564420692874
352,352,2017-09-18,AMBUJACEM.NS,-0.0072096985831788,1.2563809324775503,1.3214564420692874
353,353,2017-09-19,AMBUJACEM.NS,0.0099188800367664,1.268842824227276,1.3214564420692874
354,354,2017-09-20,AMBUJACEM.NS,-0.0182393369146085,1.2456999724645113,1.3214564420692874
355,355,2017-09-21,AMBUJACEM.NS,-0.0112539921015074,1.2316808748135477,1.3214564420692874
356,356,2017-09-22,AMBUJACEM.NS,-0.0247515899845011,1.2011948148084108,1.3214564420692874
357,357,2017-09-25,AMBUJACEM.NS,-0.0283436978051407,1.1671485119723792,1.3214564420692874
358,358,2017-09-26,AMBUJACEM.NS,-0.0036227234001192,1.1629202557466425,1.3214564420692874
359,359,2017-09-27,AMBUJACEM.NS,0.004209725503812,1.1678158308061588,1.3214564420692874
360,360,2017-09-28,AMBUJACEM.NS,0.02153214516818,1.1929614108047757,1.3214564420692874
361,361,2017-09-29,AMBUJACEM.NS,-0.0059690064499168,1.1858406164491802,1.3214564420692874
362,362,2017-10-03,AMBUJACEM.NS,0.0071307831086391,1.1942965886864942,1.3214564420692874
363,363,2017-10-04,AMBUJACEM.NS,0.0044717176876849,1.1996371458664654,1.3214564420692874
364,364,2017-10-05,AMBUJACEM.NS,0.0163235837427924,1.2192195232779812,1.3214564420692874
365,365,2017-10-06,AMBUJACEM.NS,0.0175213590817115,1.240581906344768,1.3214564420692874
366,366,2017-10-09,AMBUJACEM.NS,0.0053809454314901,1.2472574098861031,1.3214564420692874
367,367,2017-10-10,AMBUJACEM.NS,-0.0092770940162266,1.2356864856321546,1.3214564420692874
368,368,2017-10-11,AMBUJACEM.NS,-0.0131462355781434,1.2194418599913062,1.3214564420692874
369,369,2017-10-12,AMBUJACEM.NS,0.0124088422272252,1.2345737216372124,1.3214564420692874
370,370,2017-10-13,AMBUJACEM.NS,0.0005405882172397,1.235241117644443,1.3214564420692874
371,371,2017-10-16,AMBUJACEM.NS,0.0081067537204868,1.2452549131706057,1.3214564420692874
372,372,2017-10-17,AMBUJACEM.NS,0.0037527747317545,1.2499280743433454,1.3214564420692874
373,373,2017-10-18,AMBUJACEM.NS,-0.010503911128607,1.236798940933292,1.3214564420692874
374,374,2017-10-19,AMBUJACEM.NS,-0.0138541064853526,1.2196641967046309,1.3214564420692874
375,375,2017-10-23,AMBUJACEM.NS,0.0282796452637827,1.2541558675283742,1.3214564420692874
376,376,2017-10-24,AMBUJACEM.NS,0.0014195935039844,1.2559362590509011,1.3214564420692874
377,377,2017-10-25,AMBUJACEM.NS,-0.0015946712222615,1.253933453641598,1.3214564420692874
378,378,2017-10-26,AMBUJACEM.NS,-0.0188109500291385,1.2303457741052808,1.3214564420692874
379,379,2017-10-27,AMBUJACEM.NS,0.0088621658042813,1.2412493023519986,1.3214564420692874
380,380,2017-10-30,AMBUJACEM.NS,0.0166728322563756,1.2619444437584568,1.3214564420692874
381,381,2017-10-31,AMBUJACEM.NS,-0.0072297339526884,1.2528209211670098,1.3214564420692874
382,382,2017-11-01,AMBUJACEM.NS,0.0055060933545392,1.2597190701154752,1.3214564420692874
383,383,2017-11-02,AMBUJACEM.NS,-0.0123653313948266,1.2441422263491144,1.3214564420692874
384,384,2017-11-03,AMBUJACEM.NS,0.0109104830753901,1.2577164190530743,1.3214564420692874
385,385,2017-11-06,AMBUJACEM.NS,-0.0090234142311459,1.246367522818645,1.3214564420692874
386,386,2017-11-07,AMBUJACEM.NS,-0.0121407701732194,1.231235661172739,1.3214564420692874
387,387,2017-11-08,AMBUJACEM.NS,-0.0113860763996292,1.217216717868678,1.3214564420692874
388,388,2017-11-09,AMBUJACEM.NS,-0.0091407311976302,1.2060904670413788,1.3214564420692874
389,389,2017-11-10,AMBUJACEM.NS,-0.0033212168585364,1.2020847790493208,1.3214564420692874
390,390,2017-11-13,AMBUJACEM.NS,0.0040726989408272,1.2069805084557397,1.3214564420692874
391,391,2017-11-14,AMBUJACEM.NS,0.0005530107371298,1.207647981636422,1.3214564420692874
392,392,2017-11-15,AMBUJACEM.NS,0.0176893105980191,1.2290104418766596,1.3214564420692874
393,393,2017-11-16,AMBUJACEM.NS,-0.0036213444254522,1.224559771764147,1.3214564420692874
394,394,2017-11-17,AMBUJACEM.NS,-0.0023622305284406,1.2216670792873854,1.3214564420692874
395,395,2017-11-20,AMBUJACEM.NS,-0.035701247752153,1.1780520402190973,1.3214564420692874
396,396,2017-11-21,AMBUJACEM.NS,-0.0115223782313398,1.1644780790354912,1.3214564420692874
397,397,2017-11-22,AMBUJACEM.NS,0.0150964583578268,1.1820575738642527,1.3214564420692874
398,398,2017-11-23,AMBUJACEM.NS,-0.0024472977354285,1.1791647270405885,1.3214564420692874
399,399,2017-11-24,AMBUJACEM.NS,0.0,1.1791647270405885,1.3214564420692874
400,400,2017-11-27,AMBUJACEM.NS,-0.0096245214720021,1.1678158308061588,1.3214564420692874
401,401,2017-11-28,AMBUJACEM.NS,0.002477275178373,1.170708831976726,1.3214564420692874
402,402,2017-11-29,AMBUJACEM.NS,0.0,1.170708831976726,1.3214564420692874
403,403,2017-11-30,AMBUJACEM.NS,-0.0020908593690415,1.168261044446968,1.3214564420692874
404,404,2017-12-01,AMBUJACEM.NS,0.0039998359109429,1.1729338969259029,1.3214564420692874
405,405,2017-12-04,AMBUJACEM.NS,-0.0092958785672775,1.1620304458526358,1.3214564420692874
406,406,2017-12-05,AMBUJACEM.NS,-0.0024896087541358,1.1591374446820688,1.3214564420692874
407,407,2017-12-06,AMBUJACEM.NS,0.0047993664937429,1.1647005700957187,1.3214564420692874
408,408,2017-12-07,AMBUJACEM.NS,0.015857887481335,1.1831702606857435,1.3214564420692874
409,409,2017-12-08,AMBUJACEM.NS,0.0084634635313662,1.1931839790384544,1.3214564420692874
410,410,2017-12-11,AMBUJACEM.NS,0.0037300139938587,1.197634571977516,1.3214564420692874
411,411,2017-12-12,AMBUJACEM.NS,-0.0141212513543304,1.1807224731559856,1.3214564420692874
412,412,2017-12-13,AMBUJACEM.NS,-0.004523257283821,1.1753817616291116,1.3214564420692874
413,413,2017-12-14,AMBUJACEM.NS,0.0024611976449719,1.1782746084527762,1.3214564420692874
414,414,2017-12-15,AMBUJACEM.NS,-0.0013219914362673,1.1767169395108303,1.3214564420692874
415,415,2017-12-18,AMBUJACEM.NS,-0.0015128848033447,1.174936702335206,1.3214564420692874
416,416,2017-12-19,AMBUJACEM.NS,0.0251894578933085,1.2045327209259813,1.3214564420692874
417,417,2017-12-20,AMBUJACEM.NS,-0.0118232666413508,1.1902912093882416,1.3214564420692874
418,418,2017-12-21,AMBUJACEM.NS,0.0042997788322092,1.195409198334534,1.3214564420692874
419,419,2017-12-22,AMBUJACEM.NS,-0.00372307068179,1.1909586053954724,1.3214564420692874
420,420,2017-12-26,AMBUJACEM.NS,0.0213002889018258,1.2163263677605116,1.3214564420692874
421,421,2017-12-27,AMBUJACEM.NS,-0.0073178362487577,1.207425490576194,1.3214564420692874
422,422,2017-12-28,AMBUJACEM.NS,0.001105805610482,1.208760668457912,1.3214564420692874
423,423,2017-12-29,AMBUJACEM.NS,0.001657035845451,1.210763628214118,1.3214564420692874
424,424,2018-01-01,AMBUJACEM.NS,-0.0147032971543761,1.1929614108047752,1.3214564420692874
425,425,2018-01-02,AMBUJACEM.NS,0.0003730709894516,1.1934064700986815,1.3214564420692874
426,426,2018-01-03,AMBUJACEM.NS,0.0165952414101671,1.2132113385704246,1.3214564420692874
427,427,2018-01-04,AMBUJACEM.NS,0.0031180785389648,1.21699422680845,1.3214564420692874
428,428,2018-01-05,AMBUJACEM.NS,0.0016456349518632,1.2189969550443016,1.3214564420692874
429,429,2018-01-08,AMBUJACEM.NS,0.0025556568217832,1.2221122929281936,1.3214564420692874
430,430,2018-01-09,AMBUJACEM.NS,0.0092861694896588,1.2334610348157204,1.3214564420692874
431,431,2018-01-10,AMBUJACEM.NS,-0.0037885321821581,1.228788027989883,1.3214564420692874
432,432,2018-01-11,AMBUJACEM.NS,-0.0157550809333681,1.2094283731589486,1.3214564420692874
433,433,2018-01-12,AMBUJACEM.NS,-0.008647703228013,1.1989695955123314,1.3214564420692874
434,434,2018-01-15,AMBUJACEM.NS,0.0280252937090716,1.2325710705748114,1.3214564420692874
435,435,2018-01-16,AMBUJACEM.NS,0.0032496758745406,1.236576527046515,1.3214564420692874
436,436,2018-01-17,AMBUJACEM.NS,-0.002519449595437,1.233461034815721,1.3214564420692874
437,437,2018-01-18,AMBUJACEM.NS,-0.0054121977697387,1.2267852997540314,1.3214564420692874
438,438,2018-01-19,AMBUJACEM.NS,-0.0255758700611985,1.195409198334534,1.3214564420692874
439,439,2018-01-22,AMBUJACEM.NS,-0.0005585574395502,1.1947414936334972,1.3214564420692874
440,440,2018-01-23,AMBUJACEM.NS,-0.0214191360516752,1.1691511630347795,1.3214564420692874
441,441,2018-01-24,AMBUJACEM.NS,-0.0097068877146047,1.1578023439738017,1.3214564420692874
442,442,2018-01-25,AMBUJACEM.NS,0.0109551685011377,1.1704862637430469,1.3214564420692874
443,443,2018-01-29,AMBUJACEM.NS,0.002471491476041,1.173379110566711,1.3214564420692874
444,444,2018-01-30,AMBUJACEM.NS,-0.008154723225584,1.1638105286813576,1.3214564420692874
445,445,2018-01-31,AMBUJACEM.NS,0.0011471141581167,1.165145552216173,1.3214564420692874
446,446,2018-02-01,AMBUJACEM.NS,0.0177617845200916,1.1858406164491802,1.3214564420692874
447,447,2018-02-02,AMBUJACEM.NS,-0.0258961490998844,1.1551319110369134,1.3214564420692874
448,448,2018-02-05,AMBUJACEM.NS,-0.0017336990202293,1.153129259974513,1.3214564420692874
449,449,2018-02-06,AMBUJACEM.NS,-0.0146661976545916,1.136217238326434,1.3214564420692874
450,450,2018-02-07,AMBUJACEM.NS,-0.0274185736332028,1.105063782314066,1.3214564420692874
451,451,2018-02-08,AMBUJACEM.NS,0.0547723193341092,1.1655906886835306,1.3214564420692874
452,452,2018-02-09,AMBUJACEM.NS,-0.011454813941042,1.1522390642132496,1.3214564420692874
453,453,2018-02-12,AMBUJACEM.NS,-0.0077249867737282,1.1433380326820293,1.3214564420692874
454,454,2018-02-14,AMBUJACEM.NS,-0.0107044986919828,1.1310991722066903,1.3214564420692874
455,455,2018-02-15,AMBUJACEM.NS,-0.0029510286980922,1.12776126608912,1.3214564420692874
456,456,2018-02-16,AMBUJACEM.NS,0.0144040387229964,1.144005583036163,1.3214564420692874
457,457,2018-02-19,AMBUJACEM.NS,0.0019451797286027,1.1462308795056937,1.3214564420692874
458,458,2018-02-20,AMBUJACEM.NS,0.0238790255589269,1.1736017559738412,1.3214564420692874
459,459,2018-02-21,AMBUJACEM.NS,-0.0075845028629294,1.1647005700957185,1.3214564420692874
460,460,2018-02-22,AMBUJACEM.NS,-0.0183416561837294,1.1433380326820293,1.3214564420692874
461,461,2018-02-23,AMBUJACEM.NS,0.0128456819235251,1.1580249893809316,1.3214564420692874
462,462,2018-02-26,AMBUJACEM.NS,0.0105686027854883,1.170263695509368,1.3214564420692874
463,463,2018-02-27,AMBUJACEM.NS,-0.0439247481761327,1.1188601573844483,1.3214564420692874
464,464,2018-02-28,AMBUJACEM.NS,0.0037789368500866,1.1230882592632825,1.3214564420692874
465,465,2018-03-01,AMBUJACEM.NS,0.0031701846657476,1.12664865644108,1.3214564420692874
466,466,2018-03-05,AMBUJACEM.NS,-0.0278491244041083,1.0952724778481309,1.3214564420692874
467,467,2018-03-06,AMBUJACEM.NS,-0.0221454547196838,1.071017170784229,1.3214564420692874
468,468,2018-03-07,AMBUJACEM.NS,-0.0226469824439338,1.046761863720327,1.3214564420692874
469,469,2018-03-08,AMBUJACEM.NS,0.0044643238937651,1.051434947719616,1.3214564420692874
470,470,2018-03-09,AMBUJACEM.NS,-0.0035980540370891,1.0476518279612368,1.3214564420692874
471,471,2018-03-12,AMBUJACEM.NS,0.0231522159971855,1.0719072893720416,1.3214564420692874
472,472,2018-03-13,AMBUJACEM.NS,-0.0085114847915553,1.0627837667805942,1.3214564420692874
473,473,2018-03-14,AMBUJACEM.NS,0.0213567790847166,1.0854814049025503,1.3214564420692874
474,474,2018-03-15,AMBUJACEM.NS,-0.0065600334777128,1.0783606105469548,1.3214564420692874
475,475,2018-03-16,AMBUJACEM.NS,-0.0311597044257627,1.0447592126579266,1.3214564420692874
476,476,2018-03-19,AMBUJACEM.NS,-0.0153354982336133,1.0287373095976595,1.3214564420692874
477,477,2018-03-20,AMBUJACEM.NS,-0.0032446632259074,1.0253994034800893,1.3214564420692874
478,478,2018-03-21,AMBUJACEM.NS,-0.0023871552113746,1.0229516159503311,1.3214564420692874
479,479,2018-03-22,AMBUJACEM.NS,-0.006961102967154,1.0158307444212844,1.3214564420692874
480,480,2018-03-23,AMBUJACEM.NS,-0.0046002584829729,1.0111576604219956,1.3214564420692874
481,481,2018-03-26,AMBUJACEM.NS,0.0171655535248,1.028514741363981,1.3214564420692874
482,482,2018-03-27,AMBUJACEM.NS,0.0025962472705485,1.0311850199539665,1.3214564420692874
483,483,2018-03-28,AMBUJACEM.NS,0.0053948857925594,1.036748145367616,1.3214564420692874
484,484,2018-04-02,AMBUJACEM.NS,0.0311225993747208,1.0690144425483772,1.3214564420692874
485,485,2018-04-03,AMBUJACEM.NS,0.0018734342176685,1.071017170784229,1.3214564420692874
486,486,2018-04-04,AMBUJACEM.NS,-0.0168294512803381,1.0529925394881103,1.3214564420692874
487,487,2018-04-05,AMBUJACEM.NS,0.0144926612145033,1.068253203624311,1.3214564420692874
488,488,2018-04-06,AMBUJACEM.NS,0.0027311337033171,1.071170745952406,1.3214564420692874
489,489,2018-04-09,AMBUJACEM.NS,-0.0085898875522135,1.0619695096954542,1.3214564420692874
490,490,2018-04-10,AMBUJACEM.NS,-0.006762535995327,1.054787902660199,1.3214564420692874
491,491,2018-04-11,AMBUJACEM.NS,0.0106383227795405,1.066009076832653,1.3214564420692874
492,492,2018-04-12,AMBUJACEM.NS,-0.0063157896260943,1.059276387763871,1.3214564420692874
493,493,2018-04-13,AMBUJACEM.NS,0.0027542057845753,1.062193852918514,1.3214564420692874
494,494,2018-04-16,AMBUJACEM.NS,0.0211282254268301,1.0846361240899696,1.3214564420692874
495,495,2018-04-17,AMBUJACEM.NS,0.0132423552729357,1.098999260987029,1.3214564420692874
496,496,2018-04-18,AMBUJACEM.NS,0.0002041340981959,1.0992236042100885,1.3214564420692874
497,497,2018-04-19,AMBUJACEM.NS,0.0085749714291654,1.1086494152104542,1.3214564420692874
498,498,2018-04-20,AMBUJACEM.NS,-0.0016193451004491,1.1068541292118177,1.3214564420692874
499,499,2018-04-23,AMBUJACEM.NS,0.0040551731119873,1.1113426143154894,1.3214564420692874
500,500,2018-04-24,AMBUJACEM.NS,0.0008076062481361,1.1122401415546306,1.3214564420692874
501,501,2018-04-25,AMBUJACEM.NS,-0.008474549222562,1.1028144077277164,1.3214564420692874
502,502,2018-04-26,AMBUJACEM.NS,-0.013023934444011,1.0884514251775597,1.3214564420692874
503,503,2018-04-27,AMBUJACEM.NS,0.0098967935392906,1.0992236042100887,1.3214564420692874
504,504,2018-04-30,AMBUJACEM.NS,0.0234789145905103,1.1250321813292103,1.3214564420692874
505,505,2018-05-02,AMBUJACEM.NS,-0.0207459626234627,1.1016923057451615,1.3214564420692874
506,506,2018-05-03,AMBUJACEM.NS,-0.0224078467111743,1.077005753435144,1.3214564420692874
507,507,2018-05-04,AMBUJACEM.NS,-0.0135444057751228,1.0624183504884763,1.3214564420692874
508,508,2018-05-07,AMBUJACEM.NS,-0.0061259000931964,1.0559100818162055,1.3214564420692874
509,509,2018-05-08,AMBUJACEM.NS,-0.024654705273537,1.0298769299536703,1.3214564420692874
510,510,2018-05-09,AMBUJACEM.NS,-0.0209195019184768,1.0083324175417097,1.3214564420692874
511,511,2018-05-10,AMBUJACEM.NS,-0.020476367528831,0.9876854323688908,1.3214564420692874
512,512,2018-05-11,AMBUJACEM.NS,-0.0131788289246329,0.9746688950243492,1.3214564420692874
513,513,2018-05-14,AMBUJACEM.NS,0.0013815177502223,0.9760154174034148,1.3214564420692874
514,514,2018-05-15,AMBUJACEM.NS,-0.0154057440810634,0.9609791736637256,1.3214564420692874
515,515,2018-05-16,AMBUJACEM.NS,-0.0107427611781665,0.9506556039038644,1.3214564420692874
516,516,2018-05-17,AMBUJACEM.NS,0.0276205697675062,0.9769132533363618,1.3214564420692874
517,517,2018-05-18,AMBUJACEM.NS,-0.0330807264902236,0.9445962531980672,1.3214564420692874
518,518,2018-05-21,AMBUJACEM.NS,-0.0114041669580629,0.9338239198186356,1.3214564420692874
519,519,2018-05-22,AMBUJACEM.NS,-0.0002404067460661,0.9335994222486732,1.3214564420692874
520,520,2018-05-23,AMBUJACEM.NS,-0.0024036536063857,0.9313553726304656,1.3214564420692874
521,521,2018-05-24,AMBUJACEM.NS,0.0255421230709544,0.9551441661809876,1.3214564420692874
522,522,2018-05-25,AMBUJACEM.NS,-0.0056390330454511,0.9497580766647232,1.3214564420692874
523,523,2018-05-28,AMBUJACEM.NS,0.0023629216957978,0.9520022806298336,1.3214564420692874
524,524,2018-05-29,AMBUJACEM.NS,-0.0179160332162819,0.9349461761480932,1.3214564420692874
525,525,2018-05-30,AMBUJACEM.NS,-0.0100817441840884,0.9255202879742764,1.3214564420692874
526,526,2018-05-31,AMBUJACEM.NS,-0.0038797674824471,0.9219294844566488,1.3214564420692874
527,527,2018-06-01,AMBUJACEM.NS,-0.0090067134318863,0.9136259297857412,1.3214564420692874
528,528,2018-06-04,AMBUJACEM.NS,-0.0103169258807879,0.9042001187853757,1.3214564420692874
529,529,2018-06-05,AMBUJACEM.NS,0.0029784578387372,0.9068932407169592,1.3214564420692874
530,530,2018-06-06,AMBUJACEM.NS,0.0103934326596835,0.9163189745438728,1.3214564420692874
531,531,2018-06-07,AMBUJACEM.NS,0.0090618604455303,0.9246225292147808,1.3214564420692874
532,532,2018-06-08,AMBUJACEM.NS,0.0,0.9246225292147808,1.3214564420692874
533,533,2018-06-11,AMBUJACEM.NS,0.0002428826210891,0.9248471039581948,1.3214564420692874
534,534,2018-06-12,AMBUJACEM.NS,0.0041251648238489,0.9286622506988816,1.3214564420692874
535,535,2018-06-13,AMBUJACEM.NS,0.0149831610938917,0.942576546802919,1.3214564420692874
536,536,2018-06-14,AMBUJACEM.NS,-0.0188095522903259,0.9248471039581946,1.3214564420692874
537,537,2018-06-15,AMBUJACEM.NS,-0.0053386154846722,0.919909700888049,1.3214564420692874
538,538,2018-06-18,AMBUJACEM.NS,-0.0100024093903131,0.9107083874576464,1.3214564420692874
539,539,2018-06-19,AMBUJACEM.NS,-0.0130605563233472,0.8988140292691109,1.3214564420692874
540,540,2018-06-20,AMBUJACEM.NS,-0.0124844225913767,0.8875928550966573,1.3214564420692874
541,541,2018-06-21,AMBUJACEM.NS,-0.0037927109279738,0.8842264719755407,1.3214564420692874
542,542,2018-06-22,AMBUJACEM.NS,0.0403553049399039,0.919909700888049,1.3214564420692874
543,543,2018-06-25,AMBUJACEM.NS,0.0090266566487935,0.9282134099058598,1.3214564420692874
544,544,2018-06-26,AMBUJACEM.NS,0.0249032518969245,0.9513289422668488,1.3214564420692874
545,545,2018-06-27,AMBUJACEM.NS,-0.031375289979771,0.9214807208370775,1.3214564420692874
546,546,2018-06-28,AMBUJACEM.NS,-0.0214321397509374,0.9017314172503028,1.3214564420692874
547,547,2018-06-29,AMBUJACEM.NS,0.0326033420237805,0.9311308750605028,1.3214564420692874
548,548,2018-07-02,AMBUJACEM.NS,-0.0363942271431682,0.8972430864935338,1.3214564420692874
549,549,2018-07-03,AMBUJACEM.NS,0.0050023575821682,0.9017314172503028,1.3214564420692874
550,550,2018-07-04,AMBUJACEM.NS,0.0004978399974597,0.902180335216776,1.3214564420692874
551,551,2018-07-05,AMBUJACEM.NS,0.0320895265764913,0.9311308750605028,1.3214564420692874
552,552,2018-07-06,AMBUJACEM.NS,0.0004819554711272,0.9315796386800737,1.3214564420692874
553,553,2018-07-09,AMBUJACEM.NS,-0.0067452860081954,0.9252958675777652,1.3214564420692874
554,554,2018-07-10,AMBUJACEM.NS,-0.0087314898195728,0.9172166561299172,1.3214564420692874
555,555,2018-07-11,AMBUJACEM.NS,-0.00880831613818,0.9091375218555204,1.3214564420692874
556,556,2018-07-12,AMBUJACEM.NS,-0.0041965311324428,0.9053222979413816,1.3214564420692874
557,557,2018-07-13,AMBUJACEM.NS,-0.0237978717428094,0.8837775540090672,1.3214564420692874
558,558,2018-07-16,AMBUJACEM.NS,-0.0322496815793872,0.855276009305265,1.3214564420692874
559,559,2018-07-17,AMBUJACEM.NS,0.0265021949889356,0.8779427008732319,1.3214564420692874
560,560,2018-07-18,AMBUJACEM.NS,0.0002556207783124,0.8781671212697428,1.3214564420692874
561,561,2018-07-19,AMBUJACEM.NS,-0.0117557265996053,0.8678436286833333,1.3214564420692874
562,562,2018-07-20,AMBUJACEM.NS,0.0049134020994427,0.8721076933904941,1.3214564420692874
563,563,2018-07-23,AMBUJACEM.NS,0.0190427638559236,0.8887150342526635,1.3214564420692874
564,564,2018-07-24,AMBUJACEM.NS,0.0739898259897062,0.954470904991454,1.3214564420692874
565,565,2018-07-25,AMBUJACEM.NS,-0.0197507799647892,0.9356193601641744,1.3214564420692874
566,566,2018-07-26,AMBUJACEM.NS,0.0721995652938143,1.0031706712485045,1.3214564420692874
567,567,2018-07-27,AMBUJACEM.NS,0.0071588315604025,1.0103522011103083,1.3214564420692874
568,568,2018-07-30,AMBUJACEM.NS,0.0084407490822997,1.01888033052463,1.3214564420692874
569,569,2018-07-31,AMBUJACEM.NS,0.0162992960712204,1.035487362692994,1.3214564420692874
570,570,2018-08-01,AMBUJACEM.NS,0.0143045029525632,1.0502994947299775,1.3214564420692874
571,571,2018-08-02,AMBUJACEM.NS,-0.0222222614102576,1.0269594647990268,1.3214564420692874
572,572,2018-08-03,AMBUJACEM.NS,-0.0118005645081294,1.0148407633874317,1.3214564420692874
573,573,2018-08-06,AMBUJACEM.NS,0.0106147255752948,1.025613019593412,1.3214564420692874
574,574,2018-08-07,AMBUJACEM.NS,0.0070021828161375,1.032794549455216,1.3214564420692874
575,575,2018-08-08,AMBUJACEM.NS,0.0036939288353607,1.036609619022452,1.3214564420692874
576,576,2018-08-09,AMBUJACEM.NS,0.0062784926227674,1.0431179648681743,1.3214564420692874
577,577,2018-08-10,AMBUJACEM.NS,-0.0202237421872566,1.0220222160757846,1.3214564420692874
578,578,2018-08-13,AMBUJACEM.NS,-0.0298638907380581,0.9915006562830292,1.3214564420692874
579,579,2018-08-14,AMBUJACEM.NS,0.024671826244887,1.0159627881965356,1.3214564420692874
580,580,2018-08-16,AMBUJACEM.NS,-0.0081731653371862,1.0076591563521766,1.3214564420692874
581,581,2018-08-17,AMBUJACEM.NS,0.0184853876099309,1.0262861264360426,1.3214564420692874
582,582,2018-08-20,AMBUJACEM.NS,0.0048110172362387,1.0312236066796392,1.3214564420692874
583,583,2018-08-21,AMBUJACEM.NS,0.0417845158816363,1.0743127858504629,1.3214564420692874
584,584,2018-08-23,AMBUJACEM.NS,-0.008773805100815,1.064886974850097,1.3214564420692874
585,585,2018-08-24,AMBUJACEM.NS,-0.002318203170781,1.0624183504884763,1.3214564420692874
586,586,2018-08-27,AMBUJACEM.NS,0.0211238335017354,1.084860698833383,1.3214564420692874
587,587,2018-08-28,AMBUJACEM.NS,-0.0219281840483833,1.061071673762507,1.3214564420692874
588,588,2018-08-29,AMBUJACEM.NS,-0.0137478016870823,1.0464842708158395,1.3214564420692874
589,589,2018-08-30,AMBUJACEM.NS,0.020373138692548,1.0678044400047406,1.3214564420692874
590,590,2018-08-31,AMBUJACEM.NS,0.0145020150440622,1.083289756057806,1.3214564420692874
591,591,2018-09-03,AMBUJACEM.NS,-0.0055936142835422,1.077230251005106,1.3214564420692874
592,592,2018-09-04,AMBUJACEM.NS,-0.0502083309453126,1.0231443180583395,1.3214564420692874
593,593,2018-09-05,AMBUJACEM.NS,-0.020837890425234,1.001824148869439,1.3214564420692874
594,594,2018-09-06,AMBUJACEM.NS,0.0152330311665227,1.0170849673525424,1.3214564420692874
595,595,2018-09-07,AMBUJACEM.NS,0.0039716347143166,1.0211244573162894,1.3214564420692874
596,596,2018-09-10,AMBUJACEM.NS,-0.0342856253208712,0.9861145667667652,1.3214564420692874
597,597,2018-09-11,AMBUJACEM.NS,0.0022758827566253,0.9883588479053268,1.3214564420692874
598,598,2018-09-12,AMBUJACEM.NS,0.0290644632848648,1.0170849673525426,1.3214564420692874
599,599,2018-09-14,AMBUJACEM.NS,0.0141217135354416,1.0314479499026992,1.3214564420692874
600,600,2018-09-17,AMBUJACEM.NS,-0.0169713843760281,1.013942850281034,1.3214564420692874
601,601,2018-09-18,AMBUJACEM.NS,-0.0066400309380991,1.0072102383857036,1.3214564420692874
602,602,2018-09-19,AMBUJACEM.NS,0.0026738428869628,1.0099033603172871,1.3214564420692874
603,603,2018-09-21,AMBUJACEM.NS,0.0019999770749987,1.0119231438858862,1.3214564420692874
604,604,2018-09-24,AMBUJACEM.NS,-0.0301619347053859,0.9814015840931312,1.3214564420692874
605,605,2018-09-25,AMBUJACEM.NS,0.0320146634039035,1.0128208254719306,1.3214564420692874
606,606,2018-09-26,AMBUJACEM.NS,0.0019943684654792,1.0148407633874326,1.3214564420692874
607,607,2018-09-27,AMBUJACEM.NS,0.0050861862333202,1.020002432507186,1.3214564420692874
608,608,2018-09-28,AMBUJACEM.NS,-0.0162816678989169,1.0033950916450165,1.3214564420692874
609,609,2018-10-01,AMBUJACEM.NS,-0.0038023916195712,0.9995797905574264,1.3214564420692874
610,610,2018-10-03,AMBUJACEM.NS,-0.0422092343035978,0.9573882929726468,1.3214564420692874
611,611,2018-10-04,AMBUJACEM.NS,0.0018754329169994,0.9591838104916376,1.3214564420692874
612,612,2018-10-05,AMBUJACEM.NS,-0.0245671893850921,0.9356193601641752,1.3214564420692874
613,613,2018-10-08,AMBUJACEM.NS,-0.0016790404757138,0.934048417388598,1.3214564420692874
614,614,2018-10-09,AMBUJACEM.NS,-0.0163383591246472,0.9187875989054948,1.3214564420692874
615,615,2018-10-10,AMBUJACEM.NS,0.025403074615673,0.9421276288364464,1.3214564420692874
616,616,2018-10-11,AMBUJACEM.NS,-0.0097663615861304,0.932926469752946,1.3214564420692874
617,617,2018-10-12,AMBUJACEM.NS,0.0565309892373016,0.9856657259737436,1.3214564420692874
618,618,2018-10-15,AMBUJACEM.NS,-0.0118398071794554,0.9739956338348164,1.3214564420692874
619,619,2018-10-16,AMBUJACEM.NS,0.0207372490504611,0.9941936238677108,1.3214564420692874
620,620,2018-10-17,AMBUJACEM.NS,-0.0099320897217374,0.9843192035946772,1.3214564420692874
621,621,2018-10-19,AMBUJACEM.NS,-0.0460557279765355,0.9389856661118406,1.3214564420692874
622,622,2018-10-22,AMBUJACEM.NS,-0.0152964389291843,0.9246225292147814,1.3214564420692874
623,623,2018-10-23,AMBUJACEM.NS,-0.0262133781416992,0.90038504921814,1.3214564420692874
624,624,2018-10-24,AMBUJACEM.NS,-0.0209372033039082,0.8815335043908604,1.3214564420692874
625,625,2018-10-25,AMBUJACEM.NS,-0.0196028874292684,0.8642529023391579,1.3214564420692874
626,626,2018-10-26,AMBUJACEM.NS,-0.0109062217799937,0.8548271685122437,1.3214564420692874
627,627,2018-10-29,AMBUJACEM.NS,0.0139144329989979,0.8667216038742305,1.3214564420692874
628,628,2018-10-30,AMBUJACEM.NS,-0.0033662706554263,0.8638039843726846,1.3214564420692874
629,629,2018-10-31,AMBUJACEM.NS,0.0244218271744354,0.884899655991623,1.3214564420692874
630,630,2018-11-01,AMBUJACEM.NS,0.0142023973751423,0.8974673525431428,1.3214564420692874
631,631,2018-11-02,AMBUJACEM.NS,0.0205052374947802,0.9158701337508516,1.3214564420692874
632,632,2018-11-05,AMBUJACEM.NS,0.006861069101604,0.9221539820266116,1.3214564420692874
633,633,2018-11-06,AMBUJACEM.NS,-0.0060841356455949,0.916543472113836,1.3214564420692874
634,634,2018-11-07,AMBUJACEM.NS,0.0068559444188898,0.9228272432161448,1.3214564420692874
635,635,2018-11-09,AMBUJACEM.NS,-0.0014591272515683,0.9214807208370784,1.3214564420692874
636,636,2018-11-12,AMBUJACEM.NS,-0.0094982699469072,0.9127282481996972,1.3214564420692874
637,637,2018-11-13,AMBUJACEM.NS,0.012294101989926,0.9239494223721508,1.3214564420692874
638,638,2018-11-14,AMBUJACEM.NS,0.0259896658757907,0.9479625591457328,1.3214564420692874
639,639,2018-11-15,AMBUJACEM.NS,0.031486872016941,0.9778109349224064,1.3214564420692874
640,640,2018-11-16,AMBUJACEM.NS,-0.0027542358501004,0.9751178129908228,1.3214564420692874
641,641,2018-11-19,AMBUJACEM.NS,0.0144994165204834,0.9892564523179196,1.3214564420692874
642,642,2018-11-20,AMBUJACEM.NS,-0.0245009385182217,0.965018740800924,1.3214564420692874
643,643,2018-11-21,AMBUJACEM.NS,0.0120929649328249,0.9766886785929486,1.3214564420692874
644,644,2018-11-22,AMBUJACEM.NS,-0.0135569100551843,0.9634477980253472,1.3214564420692874
645,645,2018-11-26,AMBUJACEM.NS,0.0083857282817054,0.9715270094731951,1.3214564420692874
646,646,2018-11-27,AMBUJACEM.NS,-0.0027719710639777,0.9688339647150628,1.3214564420692874
647,647,2018-11-28,AMBUJACEM.NS,-0.0060227911785744,0.9629988800588736,1.3214564420692874
648,648,2018-11-29,AMBUJACEM.NS,0.0104871068897622,0.9730979522487724,1.3214564420692874
649,649,2018-11-30,AMBUJACEM.NS,0.0029981207420084,0.9760154174034154,1.3214564420692874
650,650,2018-12-03,AMBUJACEM.NS,0.0117268583721912,0.9874610119723805,1.3214564420692874
651,651,2018-12-04,AMBUJACEM.NS,-0.0045455589868378,0.9829724496952572,1.3214564420692874
652,652,2018-12-05,AMBUJACEM.NS,-0.0107304722927771,0.9724246910592392,1.3214564420692874
653,653,2018-12-06,AMBUJACEM.NS,-0.0392338943794962,0.9342726834382068,1.3214564420692874
654,654,2018-12-07,AMBUJACEM.NS,0.0206582758287716,0.95357314623196,1.3214564420692874
655,655,2018-12-10,AMBUJACEM.NS,-0.0355379345792525,0.9196851261446364,1.3214564420692874
656,656,2018-12-11,AMBUJACEM.NS,0.0400198269413796,0.9564907657335056,1.3214564420692874
657,657,2018-12-12,AMBUJACEM.NS,0.0133739291928967,0.9692828055080852,1.3214564420692874
658,658,2018-12-13,AMBUJACEM.NS,0.0127343628829639,0.9816260044896424,1.3214564420692874
659,659,2018-12-14,AMBUJACEM.NS,0.0034293161879055,0.9849923104373078,1.3214564420692874
660,660,2018-12-17,AMBUJACEM.NS,-0.0031896780760738,0.9818505020596048,1.3214564420692874
661,661,2018-12-18,AMBUJACEM.NS,0.0041141599003857,0.985889992023352,1.3214564420692874
662,662,2018-12-19,AMBUJACEM.NS,0.0346006560162204,1.020002432507186,1.3214564420692874
663,663,2018-12-20,AMBUJACEM.NS,-0.0094609886107389,1.0103522011103097,1.3214564420692874
664,664,2018-12-21,AMBUJACEM.NS,-0.0195469496330804,0.9906028975235344,1.3214564420692874
665,665,2018-12-24,AMBUJACEM.NS,-0.0337562357539983,0.9571638725761362,1.3214564420692874
666,666,2018-12-26,AMBUJACEM.NS,0.0368112390458863,0.9923982606956226,1.3214564420692874
667,667,2018-12-27,AMBUJACEM.NS,-0.0192218532205662,0.973322526992186,1.3214564420692874
668,668,2018-12-28,AMBUJACEM.NS,0.0189070183320168,0.9917251538529924,1.3214564420692874
669,669,2018-12-31,AMBUJACEM.NS,0.0187824693010443,1.0103522011103097,1.3214564420692874
670,670,2019-01-01,AMBUJACEM.NS,-0.0097734748165401,1.0004775493169222,1.3214564420692874
671,671,2019-01-02,AMBUJACEM.NS,-0.0177209802027334,0.9827481064721976,1.3214564420692874
672,672,2019-01-03,AMBUJACEM.NS,-0.0232928810956444,0.9598570716811712,1.3214564420692874
673,673,2019-01-04,AMBUJACEM.NS,0.0126256074394708,0.9719758502662176,1.3214564420692874
674,674,2019-01-07,AMBUJACEM.NS,0.0066959954241041,0.97848419611194,1.3214564420692874
675,675,2019-01-08,AMBUJACEM.NS,0.0032108933288723,0.9816260044896428,1.3214564420692874
676,676,2019-01-09,AMBUJACEM.NS,-0.0267489021195955,0.9553685865774996,1.3214564420692874
677,677,2019-01-10,AMBUJACEM.NS,0.0014095078814988,0.956715186130017,1.3214564420692874
678,678,2019-01-11,AMBUJACEM.NS,-0.0014075239653761,0.9553685865774998,1.3214564420692874
679,679,2019-01-14,AMBUJACEM.NS,0.0093962614639138,0.9643454796113916,1.3214564420692874
680,680,2019-01-15,AMBUJACEM.NS,0.0088434379531265,0.9728736090257132,1.3214564420692874
681,681,2019-01-16,AMBUJACEM.NS,0.000461435033604,0.9733225269921864,1.3214564420692874
682,682,2019-01-17,AMBUJACEM.NS,-0.0073784453108758,0.9661409199569312,1.3214564420692874
683,683,2019-01-18,AMBUJACEM.NS,-0.012078998751027,0.9544709049914551,1.3214564420692874
684,684,2019-01-21,AMBUJACEM.NS,-0.0016458781167262,0.952899962215878,1.3214564420692874
685,685,2019-01-22,AMBUJACEM.NS,0.0073009861907382,0.9598570716811712,1.3214564420692874
686,686,2019-01-23,AMBUJACEM.NS,-0.0067805364337453,0.9533487258354488,1.3214564420692874
687,687,2019-01-24,AMBUJACEM.NS,-0.0056497339785037,0.947962559145733,1.3214564420692874
688,688,2019-01-25,AMBUJACEM.NS,-0.0419035013707783,0.9082396087491232,1.3214564420692874
689,689,2019-01-28,AMBUJACEM.NS,-0.0128488787607989,0.8965697481305502,1.3214564420692874
690,690,2019-01-29,AMBUJACEM.NS,0.005506820560851,0.9015069968537928,1.3214564420692874
691,691,2019-01-30,AMBUJACEM.NS,0.0189196331417467,0.9185631785089842,1.3214564420692874
692,692,2019-01-31,AMBUJACEM.NS,0.0256535977914031,0.9421276288364464,1.3214564420692874
693,693,2019-02-01,AMBUJACEM.NS,0.0123867088294455,0.9537974894550196,1.3214564420692874
694,694,2019-02-04,AMBUJACEM.NS,0.0,0.9537974894550196,1.3214564420692874
695,695,2019-02-05,AMBUJACEM.NS,-0.0152939444006622,0.9392101636818032,1.3214564420692874
696,696,2019-02-06,AMBUJACEM.NS,0.0250895636197505,0.9627745368358142,1.3214564420692874
697,697,2019-02-07,AMBUJACEM.NS,0.0020977978933525,0.9647942432309616,1.3214564420692874
698,698,2019-02-08,AMBUJACEM.NS,-0.0079088061608582,0.9571638725761362,1.3214564420692874
699,699,2019-02-11,AMBUJACEM.NS,-0.0264946651797934,0.931804136250037,1.3214564420692874
700,700,2019-02-12,AMBUJACEM.NS,-0.0007225350943846,0.9311308750605036,1.3214564420692874
701,701,2019-02-14,AMBUJACEM.NS,-0.0147024183970232,0.9174409993529776,1.3214564420692874
702,702,2019-02-15,AMBUJACEM.NS,0.0019570931757544,0.9192365168719686,1.3214564420692874
703,703,2019-02-18,AMBUJACEM.NS,-0.033203078923762,0.8887150342526645,1.3214564420692874
704,704,2019-02-19,AMBUJACEM.NS,0.0080807147528358,0.8958964869410171,1.3214564420692874
705,705,2019-02-20,AMBUJACEM.NS,0.0360721617239372,0.9282134099058608,1.3214564420692874
706,706,2019-02-21,AMBUJACEM.NS,0.0135395796310924,0.9407810292839288,1.3214564420692874
707,707,2019-02-22,AMBUJACEM.NS,0.0064408482852391,0.946840457163178,1.3214564420692874
708,708,2019-02-25,AMBUJACEM.NS,-0.0040293448720155,0.9430253104224906,1.3214564420692874
709,709,2019-02-26,AMBUJACEM.NS,0.0107092270782997,0.9531243826123892,1.3214564420692874
710,710,2019-02-27,AMBUJACEM.NS,0.0147023363905578,0.9671375379075992,1.3214564420692874
711,711,2019-02-28,AMBUJACEM.NS,-0.0088805472200043,0.9585488273339722,1.3214564420692874
712,712,2019-03-01,AMBUJACEM.NS,0.025465619630187,0.9829588671678208,1.3214564420692874
713,713,2019-03-05,AMBUJACEM.NS,0.0209243803568308,1.00352667237956,1.3214564420692874
714,714,2019-03-06,AMBUJACEM.NS,-0.0078829412523773,0.9956159305759982,1.3214564420692874
715,715,2019-03-07,AMBUJACEM.NS,0.0043133036963907,0.9999103244495372,1.3214564420692874
716,716,2019-03-08,AMBUJACEM.NS,0.0223779859349579,1.022286303626288,1.3214564420692874
717,717,2019-03-11,AMBUJACEM.NS,0.0316162494755261,1.0546071624371502,1.3214564420692874
718,718,2019-03-12,AMBUJACEM.NS,-0.0006430101568822,1.0539290393201823,1.3214564420692874
719,719,2019-03-13,AMBUJACEM.NS,-0.014368408831844,1.0387857560034772,1.3214564420692874
720,720,2019-03-14,AMBUJACEM.NS,-0.0245867824314024,1.01324535662778,1.3214564420692874
721,721,2019-03-15,AMBUJACEM.NS,0.0053537637320053,1.0186700328697165,1.3214564420692874
722,722,2019-03-18,AMBUJACEM.NS,0.0048812299205431,1.023642395513321,1.3214564420692874
723,723,2019-03-19,AMBUJACEM.NS,0.0150144245651708,1.0390117970424666,1.3214564420692874
724,724,2019-03-20,AMBUJACEM.NS,-0.0104416945225743,1.028162753252398,1.3214564420692874
725,725,2019-03-22,AMBUJACEM.NS,0.0105518739671803,1.0390117970424666,1.3214564420692874
726,726,2019-03-25,AMBUJACEM.NS,-0.0021753901634457,1.0367515409994763,1.3214564420692874
727,727,2019-03-26,AMBUJACEM.NS,0.0089382616284423,1.0460182975166203,1.3214564420692874
728,728,2019-03-27,AMBUJACEM.NS,0.0036733477589583,1.0498606864856324,1.3214564420692874
729,729,2019-03-28,AMBUJACEM.NS,-0.0017222254484191,1.048052589694072,1.3214564420692874
730,730,2019-04-01,AMBUJACEM.NS,0.0116453901743245,1.0602575710242708,1.3214564420692874
731,731,2019-04-02,AMBUJACEM.NS,-0.0196120705185254,1.0394637247735423,1.3214564420692874
732,732,2019-04-03,AMBUJACEM.NS,-0.0139159094074564,1.0249986417472563,1.3214564420692874
733,733,2019-04-04,AMBUJACEM.NS,-0.0183021788089402,1.0062389333270774,1.3214564420692874
734,734,2019-04-05,AMBUJACEM.NS,0.0062893699179524,1.0125675422046172,1.3214564420692874
735,735,2019-04-08,AMBUJACEM.NS,0.0071427743944818,1.0198000837177597,1.3214564420692874
736,736,2019-04-09,AMBUJACEM.NS,0.0068706160481115,1.0268067385388164,1.3214564420692874
737,737,2019-04-10,AMBUJACEM.NS,-0.0143078850261415,1.0121153057797356,1.3214564420692874
738,738,2019-04-11,AMBUJACEM.NS,0.0147388311780607,1.0270327024043544,1.3214564420692874
739,739,2019-04-12,AMBUJACEM.NS,0.0085827370364941,1.0358474540169709,1.3214564420692874
740,740,2019-04-15,AMBUJACEM.NS,-0.0074187572067411,1.028162753252398,1.3214564420692874
741,741,2019-04-16,AMBUJACEM.NS,0.0200044255120863,1.048730558464137,1.3214564420692874
742,742,2019-04-18,AMBUJACEM.NS,0.0060344686754973,1.055059090168226,1.3214564420692874
743,743,2019-04-22,AMBUJACEM.NS,-0.0312766846094036,1.02206033976075,1.3214564420692874
744,744,2019-04-23,AMBUJACEM.NS,0.0030958922438313,1.0252245284393429,1.3214564420692874
745,745,2019-04-24,AMBUJACEM.NS,-0.011904691110715,1.013019547109144,1.3214564420692874
746,746,2019-04-25,AMBUJACEM.NS,-0.015841202194426,0.9969720996364824,1.3214564420692874
747,747,2019-04-26,AMBUJACEM.NS,0.0247109804329246,1.0216082576827712,1.3214564420692874
748,748,2019-04-30,AMBUJACEM.NS,-0.0243363333237645,0.996746058597493,1.3214564420692874
749,749,2019-05-02,AMBUJACEM.NS,0.0024944137581819,0.9992323556794722,1.3214564420692874
750,750,2019-05-03,AMBUJACEM.NS,0.0029405592901445,1.0021706576659786,1.3214564420692874
751,751,2019-05-06,AMBUJACEM.NS,-0.009021210691462,0.9931298650143728,1.3214564420692874
752,752,2019-05-07,AMBUJACEM.NS,-0.0068275974717768,0.9863491740588544,1.3214564420692874
753,753,2019-05-08,AMBUJACEM.NS,-0.0222272401112315,0.9644253541335334,1.3214564420692874
754,754,2019-05-09,AMBUJACEM.NS,0.0028122277814883,0.9671375379075996,1.3214564420692874
755,755,2019-05-10,AMBUJACEM.NS,0.0037392281741508,0.9707538858376225,1.3214564420692874
756,756,2019-05-13,AMBUJACEM.NS,-0.022118701077634,0.9492820708168284,1.3214564420692874
757,757,2019-05-14,AMBUJACEM.NS,0.0147619268281384,0.9632953032854902,1.3214564420692874
758,758,2019-05-15,AMBUJACEM.NS,-0.0157204520897781,0.9481518656218824,1.3214564420692874
759,759,2019-05-16,AMBUJACEM.NS,0.0262217477882322,0.9730140647071612,1.3214564420692874
760,760,2019-05-17,AMBUJACEM.NS,0.0174215160120694,0.9899654448154258,1.3214564420692874
761,761,2019-05-20,AMBUJACEM.NS,0.0237444493591185,1.013471629187123,1.3214564420692874
762,762,2019-05-21,AMBUJACEM.NS,-0.0167262813683453,0.996520017558504,1.3214564420692874
763,763,2019-05-22,AMBUJACEM.NS,0.0004536608096303,0.9969720996364824,1.3214564420692874
764,764,2019-05-23,AMBUJACEM.NS,0.009068173002485,1.0060128151146368,1.3214564420692874
765,765,2019-05-24,AMBUJACEM.NS,0.0408897479290968,1.0471484255381154,1.3214564420692874
766,766,2019-05-27,AMBUJACEM.NS,0.032376491154501,1.081051417275,1.3214564420692874
767,767,2019-05-28,AMBUJACEM.NS,-0.0031361199262652,1.0776611103839664,1.3214564420692874
768,768,2019-05-29,AMBUJACEM.NS,-0.0190855965883479,1.0570933051722269,1.3214564420692874
769,769,2019-05-30,AMBUJACEM.NS,-0.0036347896413314,1.053250993376666,1.3214564420692874
770,770,2019-05-31,AMBUJACEM.NS,-0.0103004570466491,1.0424020267600491,1.3214564420692874
771,771,2019-06-03,AMBUJACEM.NS,0.0284041280905043,1.0720105474499428,1.3214564420692874
772,772,2019-06-04,AMBUJACEM.NS,-0.0430107457214509,1.02590257438286,1.3214564420692874
773,773,2019-06-06,AMBUJACEM.NS,-0.0229124611228145,1.0023966215315174,1.3214564420692874
774,774,2019-06-07,AMBUJACEM.NS,0.0022548520160974,1.004656877574507,1.3214564420692874
775,775,2019-06-10,AMBUJACEM.NS,0.0038244247442824,1.0084991121966165,1.3214564420692874
776,776,2019-06-11,AMBUJACEM.NS,0.0006723317207881,1.009177158140133,1.3214564420692874
777,777,2019-06-12,AMBUJACEM.NS,-0.0120940693169704,0.9969720996364828,1.3214564420692874
778,778,2019-06-13,AMBUJACEM.NS,-0.0004534550948249,0.9965200175585044,1.3214564420692874
779,779,2019-06-14,AMBUJACEM.NS,-0.028351090098601,0.9682675887556438,1.3214564420692874
780,780,2019-06-17,AMBUJACEM.NS,-0.0401493913789356,0.9293922343751552,1.3214564420692874
781,781,2019-06-18,AMBUJACEM.NS,0.0214009066420122,0.9492820708168288,1.3214564420692874
782,782,2019-06-19,AMBUJACEM.NS,-0.0169048252000098,0.9332346233441672,1.3214564420692874
783,783,2019-06-20,AMBUJACEM.NS,0.0351174966033198,0.9660074870595564,1.3214564420692874
784,784,2019-06-21,AMBUJACEM.NS,-0.0039775975036259,0.9621650980905444,1.3214564420692874
785,785,2019-06-24,AMBUJACEM.NS,0.0101009290827092,0.9718838595122148,1.3214564420692874
786,786,2019-06-25,AMBUJACEM.NS,0.0006978203041254,0.9725620598026342,1.3214564420692874
787,787,2019-06-26,AMBUJACEM.NS,0.019521217099625,0.9915476549149,1.3214564420692874
788,788,2019-06-27,AMBUJACEM.NS,-0.0041030330860893,0.9874793020803496,1.3214564420692874
789,789,2019-06-28,AMBUJACEM.NS,-0.0256351742628685,0.9621650980905442,1.3214564420692874
790,790,2019-07-01,AMBUJACEM.NS,0.000469778944824,0.9626171029950716,1.3214564420692874
791,791,2019-07-02,AMBUJACEM.NS,0.0093918084875335,0.9716578184732256,1.3214564420692874
792,792,2019-07-03,AMBUJACEM.NS,0.0,0.9716578184732256,1.3214564420692874
793,793,2019-07-04,AMBUJACEM.NS,0.0053501942048537,0.976856376502722,1.3214564420692874
794,794,2019-07-05,AMBUJACEM.NS,-0.0273021669493747,0.9501860806258834,1.3214564420692874
795,795,2019-07-08,AMBUJACEM.NS,-0.0228354568390877,0.9284881473926492,1.3214564420692874
796,796,2019-07-09,AMBUJACEM.NS,0.0277508800877985,0.9542545106338848,1.3214564420692874
797,797,2019-07-10,AMBUJACEM.NS,-0.0106584989222052,0.944083589960784,1.3214564420692874
798,798,2019-07-11,AMBUJACEM.NS,0.0136460663131008,0.9569666172344992,1.3214564420692874
799,799,2019-07-12,AMBUJACEM.NS,0.0118091596066356,0.9682675887556436,1.3214564420692874
800,800,2019-07-15,AMBUJACEM.NS,0.0252101737827676,0.9926777829363947,1.3214564420692874
801,801,2019-07-16,AMBUJACEM.NS,0.0013660947291693,0.9940338748234276,1.3214564420692874
802,802,2019-07-17,AMBUJACEM.NS,-0.0029559374795231,0.9910955728369214,1.3214564420692874
803,803,2019-07-18,AMBUJACEM.NS,-0.0104902946028488,0.9806986882982828,1.3214564420692874
804,804,2019-07-19,AMBUJACEM.NS,-0.0135977174821513,0.9673634245996864,1.3214564420692874
805,805,2019-07-22,AMBUJACEM.NS,0.0084113786081689,0.9755002846156892,1.3214564420692874
806,806,2019-07-23,AMBUJACEM.NS,0.0085727773122934,0.9838630313237784,1.3214564420692874
807,807,2019-07-24,AMBUJACEM.NS,-0.0089594064472648,0.9750482025377106,1.3214564420692874
808,808,2019-07-25,AMBUJACEM.NS,-0.0076494500812576,0.9675896199855784,1.3214564420692874
809,809,2019-07-26,AMBUJACEM.NS,-0.0028031905933521,0.9648772818646096,1.3214564420692874
810,810,2019-07-29,AMBUJACEM.NS,-0.0388850097298902,0.9273580193711544,1.3214564420692874
811,811,2019-07-30,AMBUJACEM.NS,-0.0148671722696932,0.9135708279414818,1.3214564420692874
812,812,2019-07-31,AMBUJACEM.NS,-0.0009895344525077,0.9126668181324276,1.3214564420692874
813,813,2019-08-01,AMBUJACEM.NS,-0.0252599826013074,0.8896128701856119,1.3214564420692874
814,814,2019-08-02,AMBUJACEM.NS,0.0137195165590437,0.9018179286892618,1.3214564420692874
815,815,2019-08-05,AMBUJACEM.NS,-0.0112782418152669,0.8916470080161611,1.3214564420692874
816,816,2019-08-06,AMBUJACEM.NS,0.0233206290049039,0.9124407770934386,1.3214564420692874
817,817,2019-08-07,AMBUJACEM.NS,0.0151101469841574,0.9262278913496592,1.3214564420692874
818,818,2019-08-08,AMBUJACEM.NS,0.0068328359397817,0.9325566545741016,1.3214564420692874
819,819,2019-08-09,AMBUJACEM.NS,0.0322344473909721,0.9626171029950714,1.3214564420692874
820,820,2019-08-13,AMBUJACEM.NS,-0.0213664685307315,0.9420493749567832,1.3214564420692874
821,821,2019-08-14,AMBUJACEM.NS,0.0268712557068087,0.9673634245996864,1.3214564420692874
822,822,2019-08-16,AMBUJACEM.NS,-0.0004670949367466,0.966911574042062,1.3214564420692874
823,823,2019-08-19,AMBUJACEM.NS,-0.0088827822017115,0.9583227091215322,1.3214564420692874
824,824,2019-08-20,AMBUJACEM.NS,-0.0290093790539159,0.93052236239665,1.3214564420692874
825,825,2019-08-21,AMBUJACEM.NS,-0.0230750123677748,0.9090505473758562,1.3214564420692874
826,826,2019-08-22,AMBUJACEM.NS,-0.017652975974753,0.8930030999031942,1.3214564420692874
827,827,2019-08-23,AMBUJACEM.NS,-0.0012654500842899,0.8918730490551505,1.3214564420692874
828,828,2019-08-26,AMBUJACEM.NS,0.0271160519918516,0.9160571250234611,1.3214564420692874
829,829,2019-08-27,AMBUJACEM.NS,0.0120898657442602,0.927132132679068,1.3214564420692874
830,830,2019-08-28,AMBUJACEM.NS,-0.0004875301897059,0.9266801277745406,1.3214564420692874
831,831,2019-08-29,AMBUJACEM.NS,-0.0241463893592792,0.9043041485977898,1.3214564420692874
832,832,2019-08-30,AMBUJACEM.NS,0.0114969396168944,0.9147008787895258,1.3214564420692874
833,833,2019-09-03,AMBUJACEM.NS,-0.0444771594392523,0.8740175819643798,1.3214564420692874
834,834,2019-09-04,AMBUJACEM.NS,-0.0126714668647353,0.8629424971353221,1.3214564420692874
835,835,2019-09-05,AMBUJACEM.NS,0.0120482671169914,0.8733394588474122,1.3214564420692874
836,836,2019-09-06,AMBUJACEM.NS,0.0077639187602542,0.8801199954560279,1.3214564420692874
837,837,2019-09-09,AMBUJACEM.NS,0.0041089259972431,0.8837363433860507,1.3214564420692874
838,838,2019-09-11,AMBUJACEM.NS,0.0094630303982954,0.8920991672675913,1.3214564420692874
839,839,2019-09-12,AMBUJACEM.NS,-0.0081075020865658,0.8848664714075456,1.3214564420692874
840,840,2019-09-13,AMBUJACEM.NS,0.026819946094277,0.9085985424713292,1.3214564420692874
841,841,2019-09-16,AMBUJACEM.NS,0.0022387641356067,0.9106326803018784,1.3214564420692874
842,842,2019-09-17,AMBUJACEM.NS,-0.0352445266528687,0.8785378625300057,1.3214564420692874
843,843,2019-09-18,AMBUJACEM.NS,0.007460774341816,0.8850924352730835,1.3214564420692874
844,844,2019-09-19,AMBUJACEM.NS,-0.0204290360900356,0.8670108499698721,1.3214564420692874
845,845,2019-09-20,AMBUJACEM.NS,0.1220020447593293,0.9727879464947206,1.3214564420692874
846,846,2019-09-23,AMBUJACEM.NS,0.0248606628288372,0.9969720996364828,1.3214564420692874
847,847,2019-09-24,AMBUJACEM.NS,-0.0217638319479007,0.9752741664032486,1.3214564420692874
848,848,2019-09-25,AMBUJACEM.NS,-0.0261876009451604,0.9497340757213564,1.3214564420692874
849,849,2019-09-26,AMBUJACEM.NS,0.0019038739487555,0.9515422496863676,1.3214564420692874
850,850,2019-09-27,AMBUJACEM.NS,-0.0163895669370686,0.935946884291684,1.3214564420692874
851,851,2019-09-30,AMBUJACEM.NS,-0.0149722518487429,0.9219336518230228,1.3214564420692874
852,852,2019-10-01,AMBUJACEM.NS,-0.0201028707409033,0.9034001387887356,1.3214564420692874
853,853,2019-10-03,AMBUJACEM.NS,-0.0175132623162282,0.8875786551816113,1.3214564420692874
854,854,2019-10-04,AMBUJACEM.NS,-0.0341226847407828,0.8572920885482012,1.3214564420692874
855,855,2019-10-07,AMBUJACEM.NS,-0.01950985899264,0.8405664407851199,1.3214564420692874
856,856,2019-10-09,AMBUJACEM.NS,0.0344181076747589,0.869497147051851,1.3214564420692874
857,857,2019-10-10,AMBUJACEM.NS,-0.0226151350459948,0.8498333516491661,1.3214564420692874
858,858,2019-10-11,AMBUJACEM.NS,0.0063829510939483,0.855257796370749,1.3214564420692874
859,859,2019-10-14,AMBUJACEM.NS,0.025634436235143,0.8771818478164238,1.3214564420692874
860,860,2019-10-15,AMBUJACEM.NS,0.0149447035323859,0.8902910704760308,1.3214564420692874
861,861,2019-10-16,AMBUJACEM.NS,0.0291950536721903,0.9162831660624504,1.3214564420692874
862,862,2019-10-17,AMBUJACEM.NS,0.0207202269074229,0.935268761174716,1.3214564420692874
863,863,2019-10-18,AMBUJACEM.NS,0.003624954699412,0.9386590680657496,1.3214564420692874
864,864,2019-10-22,AMBUJACEM.NS,-0.0565855618101454,0.8855445173510618,1.3214564420692874
865,865,2019-10-23,AMBUJACEM.NS,0.0045941821724782,0.8896128701856119,1.3214564420692874
866,866,2019-10-24,AMBUJACEM.NS,0.00431899621833,0.8934551048077213,1.3214564420692874
867,867,2019-10-25,AMBUJACEM.NS,-0.0010118997335633,0.8925510178252156,1.3214564420692874
868,868,2019-10-27,AMBUJACEM.NS,0.0005065055878599,0.8930030999031942,1.3214564420692874
869,869,2019-10-29,AMBUJACEM.NS,0.008352419941032,0.900461836802229,1.3214564420692874
870,870,2019-10-30,AMBUJACEM.NS,0.0070280954121975,0.9067903685063176,1.3214564420692874
871,871,2019-10-31,AMBUJACEM.NS,0.0084745315543877,0.9144749920974392,1.3214564420692874
872,872,2019-11-01,AMBUJACEM.NS,-0.0034601994361673,0.9113107262453946,1.3214564420692874
873,873,2019-11-04,AMBUJACEM.NS,0.0086806196566509,0.9192214680489572,1.3214564420692874
874,874,2019-11-05,AMBUJACEM.NS,-0.0088518198555803,0.9110846852064056,1.3214564420692874
875,875,2019-11-06,AMBUJACEM.NS,0.0034731601539086,0.9142490282319008,1.3214564420692874
876,876,2019-11-07,AMBUJACEM.NS,0.0046970973634974,0.9185433449319892,1.3214564420692874
877,877,2019-11-08,AMBUJACEM.NS,-0.0046751377861282,0.9142490282319008,1.3214564420692874
878,878,2019-11-11,AMBUJACEM.NS,-0.010383248367179,0.904756153502317,1.3214564420692874
879,879,2019-11-13,AMBUJACEM.NS,-0.0244816661948292,0.8826062153645555,1.3214564420692874
880,880,2019-11-14,AMBUJACEM.NS,0.0271447353142386,0.9065643274673284,1.3214564420692874
881,881,2019-11-15,AMBUJACEM.NS,0.0022438727648634,0.908598542471329,1.3214564420692874
882,882,2019-11-18,AMBUJACEM.NS,0.0009949496579595,0.9095025522803832,1.3214564420692874
883,883,2019-11-19,AMBUJACEM.NS,0.0009940455694588,0.9104066392628892,1.3214564420692874
884,884,2019-11-20,AMBUJACEM.NS,0.0009930584241317,0.9113107262453948,1.3214564420692874
885,885,2019-11-21,AMBUJACEM.NS,-0.0027280955479577,0.9088245835103184,1.3214564420692874
886,886,2019-11-22,AMBUJACEM.NS,-0.0012435051185893,0.9076944554888235,1.3214564420692874
887,887,2019-11-25,AMBUJACEM.NS,-0.0004980553480796,0.9072423734108452,1.3214564420692874
888,888,2019-11-26,AMBUJACEM.NS,-0.0019929589319802,0.905434276619285,1.3214564420692874
889,889,2019-11-27,AMBUJACEM.NS,0.0169743629169607,0.9208034466280766,1.3214564420692874
890,890,2019-11-28,AMBUJACEM.NS,0.0061366409174152,0.9264540867355514,1.3214564420692874
891,891,2019-11-29,AMBUJACEM.NS,-0.0014639108978561,0.925097840501616,1.3214564420692874
892,892,2019-12-02,AMBUJACEM.NS,0.0254093201487746,0.9486039476998616,1.3214564420692874
893,893,2019-12-03,AMBUJACEM.NS,-0.0371693650821931,0.9133449412493958,1.3214564420692874
894,894,2019-12-04,AMBUJACEM.NS,0.0168274290337875,0.9287141884316388,1.3214564420692874
895,895,2019-12-05,AMBUJACEM.NS,-0.0206862739802635,0.909502552280384,1.3214564420692874
896,896,2019-12-06,AMBUJACEM.NS,-0.0014911956327501,0.9081463060464484,1.3214564420692874
897,897,2019-12-09,AMBUJACEM.NS,-0.0059730106393827,0.9027219384983168,1.3214564420692874
898,898,2019-12-10,AMBUJACEM.NS,-0.0192789591318073,0.8853183991386218,1.3214564420692874
899,899,2019-12-11,AMBUJACEM.NS,-0.022210725431057,0.8656548352562908,1.3214564420692874
900,900,2019-12-12,AMBUJACEM.NS,0.0091382698212705,0.8735654227129503,1.3214564420692874
901,901,2019-12-13,AMBUJACEM.NS,0.0240620903366197,0.8945852328292168,1.3214564420692874
902,902,2019-12-16,AMBUJACEM.NS,-0.0174329819551241,0.8789899446079845,1.3214564420692874
903,903,2019-12-17,AMBUJACEM.NS,0.0210851870318671,0.8975236119891744,1.3214564420692874
904,904,2019-12-18,AMBUJACEM.NS,-0.0100730415677517,0.8884828193375687,1.3214564420692874
905,905,2019-12-19,AMBUJACEM.NS,0.0022894509452258,0.890516957168118,1.3214564420692874
906,906,2019-12-20,AMBUJACEM.NS,-0.0129441808685933,0.8789899446079844,1.3214564420692874
907,907,2019-12-23,AMBUJACEM.NS,0.0169710662973185,0.893907341232603,1.3214564420692874
908,908,2019-12-24,AMBUJACEM.NS,-0.0060683268218318,0.8884828193375687,1.3214564420692874
909,909,2019-12-26,AMBUJACEM.NS,-0.0124650780122722,0.8774078116819622,1.3214564420692874
910,910,2019-12-27,AMBUJACEM.NS,0.0041214513194132,0.8810240052650823,1.3214564420692874
911,911,2019-12-30,AMBUJACEM.NS,0.0038482311994039,0.8844143893295672,1.3214564420692874
912,912,2019-12-31,AMBUJACEM.NS,0.0030667309128395,0.8871266502770843,1.3214564420692874
913,913,2020-01-01,AMBUJACEM.NS,0.0038216717871959,0.8905169571681179,1.3214564420692874
914,914,2020-01-02,AMBUJACEM.NS,0.042385833563997,0.9282622607005628,1.3214564420692874
915,915,2020-01-03,AMBUJACEM.NS,-0.0094961373877965,0.9194473547410436,1.3214564420692874
916,916,2020-01-06,AMBUJACEM.NS,-0.0319568421686117,0.8900647207432366,1.3214564420692874
917,917,2020-01-07,AMBUJACEM.NS,0.0106655492069833,0.8995577498197235,1.3214564420692874
918,918,2020-01-08,AMBUJACEM.NS,0.0133165630189517,0.9115367672843844,1.3214564420692874
919,919,2020-01-09,AMBUJACEM.NS,0.0312421766082353,0.940015159952783,1.3214564420692874
920,920,2020-01-10,AMBUJACEM.NS,0.0182736396736076,0.9571926582734888,1.3214564420692874
921,921,2020-01-13,AMBUJACEM.NS,-0.0011805887124979,0.9560626074254452,1.3214564420692874
922,922,2020-01-14,AMBUJACEM.NS,-0.0104018318292357,0.9461178049647851,1.3214564420692874
923,923,2020-01-15,AMBUJACEM.NS,0.0131389794209089,0.958548827333973,1.3214564420692874
924,924,2020-01-16,AMBUJACEM.NS,-0.0108465645313106,0.9481518656218828,1.3214564420692874
925,925,2020-01-17,AMBUJACEM.NS,0.0030988968324476,0.951090090434938,1.3214564420692874
926,926,2020-01-20,AMBUJACEM.NS,-0.0159219471378663,0.9359468842916844,1.3214564420692874
927,927,2020-01-21,AMBUJACEM.NS,0.0026563685934051,0.9384331042002122,1.3214564420692874
928,928,2020-01-22,AMBUJACEM.NS,0.0132465727323021,0.9508641265694004,1.3214564420692874
929,929,2020-01-23,AMBUJACEM.NS,0.0156882526196864,0.9657815231940186,1.3214564420692874
930,930,2020-01-24,AMBUJACEM.NS,0.0107651752653157,0.9761783305592058,1.3214564420692874
931,931,2020-01-27,AMBUJACEM.NS,-0.0018522197583761,0.9743702337676454,1.3214564420692874
932,932,2020-01-28,AMBUJACEM.NS,0.0027833664588421,0.9770822631948084,1.3214564420692874
933,933,2020-01-29,AMBUJACEM.NS,-0.0097152958013907,0.9675896199855786,1.3214564420692874
934,934,2020-01-30,AMBUJACEM.NS,-0.0193881633351029,0.948829834391948,1.3214564420692874
935,935,2020-01-31,AMBUJACEM.NS,-0.0257263860975031,0.9244198717315508,1.3214564420692874
936,936,2020-02-03,AMBUJACEM.NS,-0.0183374838355818,0.9074683372763828,1.3214564420692874
937,937,2020-02-04,AMBUJACEM.NS,0.0301370503745488,0.9348167562701892,1.3214564420692874
938,938,2020-02-05,AMBUJACEM.NS,-0.0019343375333551,0.9330085051317266,1.3214564420692874
939,939,2020-02-06,AMBUJACEM.NS,0.0053296343351729,0.9379810992956852,1.3214564420692874
940,940,2020-02-07,AMBUJACEM.NS,0.0110843220044043,0.9483779838343236,1.3214564420692874
941,941,2020-02-10,AMBUJACEM.NS,-0.0128694030351743,0.9361729253306736,1.3214564420692874
942,942,2020-02-11,AMBUJACEM.NS,0.0236599277671218,0.9583227091215326,1.3214564420692874
943,943,2020-02-12,AMBUJACEM.NS,-0.0028301361829898,0.9556105253474668,1.3214564420692874
944,944,2020-02-13,AMBUJACEM.NS,-0.0134815430611568,0.9427274209003002,1.3214564420692874
945,945,2020-02-14,AMBUJACEM.NS,-0.0139055523320159,0.9296182754141444,1.3214564420692874
946,946,2020-02-17,AMBUJACEM.NS,-0.0089958101683326,0.9212556058795062,1.3214564420692874
947,947,2020-02-18,AMBUJACEM.NS,-0.0144749288542592,0.9079204965278128,1.3214564420692874
948,948,2020-02-19,AMBUJACEM.NS,0.0246452217885511,0.9302963985311122,1.3214564420692874
949,949,2020-02-20,AMBUJACEM.NS,-0.0019437365782754,0.9284881473926494,1.3214564420692874
950,950,2020-02-24,AMBUJACEM.NS,0.0219083970607718,0.948829834391948,1.3214564420692874
951,951,2020-02-25,AMBUJACEM.NS,0.0080992975061753,0.9565146895034234,1.3214564420692874
952,952,2020-02-26,AMBUJACEM.NS,0.0094517267506346,0.965555404981578,1.3214564420692874
953,953,2020-02-27,AMBUJACEM.NS,-0.0093632280773436,0.9565146895034236,1.3214564420692874
954,954,2020-02-28,AMBUJACEM.NS,-0.0309546713586974,0.9269060916400784,1.3214564420692874
955,955,2020-03-02,AMBUJACEM.NS,-0.0136551734014196,0.9142490282319012,1.3214564420692874
956,956,2020-03-03,AMBUJACEM.NS,0.0440049100684596,0.9544804744994224,1.3214564420692874
957,957,2020-03-04,AMBUJACEM.NS,-0.0144447076687479,0.9406932830697504,1.3214564420692874
958,958,2020-03-05,AMBUJACEM.NS,-0.0177800467917124,0.9239677124801208,1.3214564420692874
959,959,2020-03-06,AMBUJACEM.NS,0.0034248168590798,0.927132132679068,1.3214564420692874
960,960,2020-03-09,AMBUJACEM.NS,-0.0555826868099238,0.8755996377169507,1.3214564420692874
961,961,2020-03-11,AMBUJACEM.NS,-0.0167785341374558,0.8609083593047728,1.3214564420692874
962,962,2020-03-12,AMBUJACEM.NS,-0.0784982366095859,0.7933285712168963,1.3214564420692874
963,963,2020-03-13,AMBUJACEM.NS,0.0698004010190069,0.8487032236276715,1.3214564420692874
964,964,2020-03-16,AMBUJACEM.NS,-0.044207662084319,0.8111840383076672,1.3214564420692874
965,965,2020-03-17,AMBUJACEM.NS,-0.0448592831632604,0.7747949038357064,1.3214564420692874
966,966,2020-03-18,AMBUJACEM.NS,-0.0685530460406212,0.7216803531210184,1.3214564420692874
967,967,2020-03-19,AMBUJACEM.NS,-0.0357032904246388,0.6959139898797828,1.3214564420692874
968,968,2020-03-20,AMBUJACEM.NS,0.0418968340668859,0.7250705828386006,1.3214564420692874
969,969,2020-03-23,AMBUJACEM.NS,-0.0907107429994261,0.6592988915422842,1.3214564420692874
970,970,2020-03-24,AMBUJACEM.NS,-0.0253683712862773,0.6425735524730084,1.3214564420692874
971,971,2020-03-25,AMBUJACEM.NS,-0.0196975146988088,0.6299164504781055,1.3214564420692874
972,972,2020-03-26,AMBUJACEM.NS,0.033727862447398,0.6511621858731843,1.3214564420692874
973,973,2020-03-27,AMBUJACEM.NS,-0.0173550795275222,0.63986121435204,1.3214564420692874
974,974,2020-03-30,AMBUJACEM.NS,0.0473333864819955,0.6701480125058041,1.3214564420692874
975,975,2020-03-31,AMBUJACEM.NS,0.0502527736000719,0.7038248088567965,1.3214564420692874
976,976,2020-04-01,AMBUJACEM.NS,0.0061015096647623,0.7081192027303358,1.3214564420692874
977,977,2020-04-03,AMBUJACEM.NS,-0.0233003882871293,0.6916197503531465,1.3214564420692874
978,978,2020-04-07,AMBUJACEM.NS,0.0392156250129018,0.7187420511345123,1.3214564420692874
979,979,2020-04-08,AMBUJACEM.NS,-0.0584905532745366,0.6767024309019793,1.3214564420692874
980,980,2020-04-09,AMBUJACEM.NS,0.0607883296187494,0.7178380413254579,1.3214564420692874
981,981,2020-04-13,AMBUJACEM.NS,0.039042880599603,0.7458645062627807,1.3214564420692874
982,982,2020-04-15,AMBUJACEM.NS,0.0215151279682384,0.7619118765619913,1.3214564420692874
983,983,2020-04-16,AMBUJACEM.NS,0.0068229424110073,0.7671103574180363,1.3214564420692874
984,984,2020-04-17,AMBUJACEM.NS,0.0191512523891907,0.7818014814833115,1.3214564420692874
985,985,2020-04-20,AMBUJACEM.NS,-0.0153224250936236,0.7698223868451994,1.3214564420692874
986,986,2020-04-21,AMBUJACEM.NS,-0.0161477091790328,0.7573915188229142,1.3214564420692874
987,987,2020-04-22,AMBUJACEM.NS,0.0534167720757363,0.7978489289559736,1.3214564420692874
988,988,2020-04-23,AMBUJACEM.NS,-0.0286119129233518,0.7750209448746957,1.3214564420692874
989,989,2020-04-24,AMBUJACEM.NS,-0.0204140666969709,0.7591996156144742,1.3214564420692874
990,990,2020-04-27,AMBUJACEM.NS,0.0259004886875069,0.7788632566702566,1.3214564420692874
991,991,2020-04-28,AMBUJACEM.NS,-0.0266975863852831,0.7580694875929794,1.3214564420692874
992,992,2020-04-29,AMBUJACEM.NS,0.0107334562362293,0.7662061932620795,1.3214564420692874
993,993,2020-04-30,AMBUJACEM.NS,0.0126842637231809,0.7759249546837503,1.3214564420692874
994,994,2020-05-04,AMBUJACEM.NS,-0.0541798090548132,0.7338854887981201,1.3214564420692874
995,995,2020-05-05,AMBUJACEM.NS,0.0150907103052833,0.7449603421068237,1.3214564420692874
996,996,2020-05-06,AMBUJACEM.NS,0.018507385996054,0.7587476107099472,1.3214564420692874
997,997,2020-05-07,AMBUJACEM.NS,0.0044683950455046,0.7621379947744321,1.3214564420692874
998,998,2020-05-08,AMBUJACEM.NS,0.0044482135353116,0.765528147318563,1.3214564420692874
999,999,2020-05-11,AMBUJACEM.NS,0.0271626447049819,0.7863219163958403,1.3214564420692874
1000,1000,2020-05-12,AMBUJACEM.NS,0.0071859700750445,0.7919724021564124,1.3214564420692874
1001,1001,2020-05-13,AMBUJACEM.NS,0.04452049888918,0.8272314086068783,1.3214564420692874
1002,1002,2020-05-14,AMBUJACEM.NS,-0.0027321275190619,0.824971306910791,1.3214564420692874
1003,1003,2020-05-15,AMBUJACEM.NS,-0.0038357007073918,0.8218069638852954,1.3214564420692874
1004,1004,2020-05-18,AMBUJACEM.NS,-0.0530804792639191,0.7781850563798376,1.3214564420692874
1005,1005,2020-05-19,AMBUJACEM.NS,0.0231470255866341,0.796197725790998,1.3214564420692874
1006,1006,2020-05-20,AMBUJACEM.NS,0.0289231646051804,0.8192262836723213,1.3214564420692874
1007,1007,2020-05-21,AMBUJACEM.NS,0.0075146556085079,0.8253824870595566,1.3214564420692874
1008,1008,2020-05-22,AMBUJACEM.NS,0.0328729039235593,0.852515206256854,1.3214564420692874
1009,1009,2020-05-26,AMBUJACEM.NS,0.0085585415138689,0.8598114930408077,1.3214564420692874
1010,1010,2020-05-27,AMBUJACEM.NS,-0.0058341559493222,0.854795218703388,1.3214564420692874
1011,1011,2020-05-28,AMBUJACEM.NS,0.0205388340459971,0.8723517158436487,1.3214564420692874
1012,1012,2020-05-29,AMBUJACEM.NS,0.0013069079546841,0.8734917992403671,1.3214564420692874
1013,1013,2020-06-01,AMBUJACEM.NS,-0.0135734665022994,0.8616354875633447,1.3214564420692874
1014,1014,2020-06-02,AMBUJACEM.NS,0.0119079212472708,0.8718957750931028,1.3214564420692874
1015,1015,2020-06-03,AMBUJACEM.NS,-0.0180440174928517,0.8561632724753793,1.3214564420692874
1016,1016,2020-06-04,AMBUJACEM.NS,-0.0053262061257725,0.8516031704088595,1.3214564420692874
1017,1017,2020-06-05,AMBUJACEM.NS,0.0447124058126726,0.889680396955539,1.3214564420692874
1018,1018,2020-06-08,AMBUJACEM.NS,-0.0187085336443586,0.8730357813163699,1.3214564420692874
1019,1019,2020-06-09,AMBUJACEM.NS,-0.0190650390837013,0.8563913200241036,1.3214564420692874
1020,1020,2020-06-10,AMBUJACEM.NS,0.022364307079195,0.8755439184850797,1.3214564420692874
1021,1021,2020-06-11,AMBUJACEM.NS,-0.0130209012772336,0.8641435475586032,1.3214564420692874
1022,1022,2020-06-12,AMBUJACEM.NS,0.0221635876835915,0.8832960688461281,1.3214564420692874
1023,1023,2020-06-15,AMBUJACEM.NS,-0.0113577319484046,0.8732638288650942,1.3214564420692874
1024,1024,2020-06-16,AMBUJACEM.NS,-0.0046997953886488,0.8691596675491202,1.3214564420692874
1025,1025,2020-06-17,AMBUJACEM.NS,-0.0181007311218602,0.8534272421048481,1.3214564420692874
1026,1026,2020-06-18,AMBUJACEM.NS,0.0010687648301406,0.8543393551262937,1.3214564420692874
1027,1027,2020-06-19,AMBUJACEM.NS,0.0184146360300763,0.8700717033971145,1.3214564420692874
1028,1028,2020-06-22,AMBUJACEM.NS,0.0015724347086578,0.8714398343425572,1.3214564420692874
1029,1029,2020-06-23,AMBUJACEM.NS,0.0112504786589826,0.8812439496014155,1.3214564420692874
1030,1030,2020-06-24,AMBUJACEM.NS,-0.0235446103705717,0.8604954041666264,1.3214564420692874
1031,1031,2020-06-25,AMBUJACEM.NS,-0.0129835047929408,0.8493231579623254,1.3214564420692874
1032,1032,2020-06-26,AMBUJACEM.NS,0.0093958591161777,0.8573032786986466,1.3214564420692874
1033,1033,2020-06-29,AMBUJACEM.NS,-0.0023935110815449,0.8552513138008366,1.3214564420692874
1034,1034,2020-06-30,AMBUJACEM.NS,0.0322581372861479,0.8828401280955824,1.3214564420692874
1035,1035,2020-07-01,AMBUJACEM.NS,-0.0072314915609141,0.8764558771596228,1.3214564420692874
1036,1036,2020-07-02,AMBUJACEM.NS,0.00780437654052,0.8832960688461282,1.3214564420692874
1037,1037,2020-07-03,AMBUJACEM.NS,0.010841463462581,0.892872290903165,1.3214564420692874
1038,1038,2020-07-06,AMBUJACEM.NS,-0.0097037239225762,0.8842081046941225,1.3214564420692874
1039,1039,2020-07-07,AMBUJACEM.NS,-0.0033523274407581,0.8812439496014156,1.3214564420692874
1040,1040,2020-07-08,AMBUJACEM.NS,0.0119017385404192,0.8917322846798981,1.3214564420692874
1041,1041,2020-07-09,AMBUJACEM.NS,0.0329839868938832,0.9211451706706324,1.3214564420692874
1042,1042,2020-07-10,AMBUJACEM.NS,-0.0237624095836834,0.8992565418391248,1.3214564420692874
1043,1043,2020-07-13,AMBUJACEM.NS,0.0063386898227388,0.904956650128912,1.3214564420692874
1044,1044,2020-07-14,AMBUJACEM.NS,-0.0400604830061462,0.8687036496251236,1.3214564420692874
1045,1045,2020-07-15,AMBUJACEM.NS,-0.0097111813262886,0.8602675109648052,1.3214564420692874
1046,1046,2020-07-16,AMBUJACEM.NS,0.0204080039866532,0.8778238537581632,1.3214564420692874
1047,1047,2020-07-17,AMBUJACEM.NS,0.004935080851016,0.8821559854494102,1.3214564420692874
1048,1048,2020-07-20,AMBUJACEM.NS,0.0116309220806691,0.8924162729791683,1.3214564420692874
1049,1049,2020-07-21,AMBUJACEM.NS,0.0472663204301917,0.9345975064949192,1.3214564420692874
1050,1050,2020-07-22,AMBUJACEM.NS,-0.0197611134277707,0.9161288191597612,1.3214564420692874
1051,1051,2020-07-23,AMBUJACEM.NS,-0.0146838068724579,0.9026765605089264,1.3214564420692874
1052,1052,2020-07-24,AMBUJACEM.NS,0.015155440104426,0.9163570210553889,1.3214564420692874
1053,1053,2020-07-27,AMBUJACEM.NS,0.030853311097623,0.9446296693025016,1.3214564420692874
1054,1054,2020-07-28,AMBUJACEM.NS,0.0461019685311159,0.988178956590244,1.3214564420692874
1055,1055,2020-07-29,AMBUJACEM.NS,-0.0050761250855061,0.983162836599727,1.3214564420692874
1056,1056,2020-07-30,AMBUJACEM.NS,0.026205898419038,1.0089275020250328,1.3214564420692874
1057,1057,2020-07-31,AMBUJACEM.NS,-0.0051976879956825,1.0036834116592432,1.3214564420692874
1058,1058,2020-08-03,AMBUJACEM.NS,0.0047705007238061,1.0084714841010358,1.3214564420692874
1059,1059,2020-08-04,AMBUJACEM.NS,0.0018087489083684,1.0102955557970243,1.3214564420692874
1060,1060,2020-08-05,AMBUJACEM.NS,-0.0029339484626046,1.0073314007043173,1.3214564420692874
1061,1061,2020-08-06,AMBUJACEM.NS,0.0092802913208889,1.0166797295595325,1.3214564420692874
1062,1062,2020-08-07,AMBUJACEM.NS,-0.0152500877299053,1.0011752744905331,1.3214564420692874
1063,1063,2020-08-10,AMBUJACEM.NS,0.010475945793176,1.011663532395564,1.3214564420692874
1064,1064,2020-08-11,AMBUJACEM.NS,0.0040568441824284,1.015767693711538,1.3214564420692874
1065,1065,2020-08-12,AMBUJACEM.NS,-0.0042648083263669,1.0114356391937425,1.3214564420692874
1066,1066,2020-08-13,AMBUJACEM.NS,0.0009016477561241,1.0123475978682854,1.3214564420692874
1067,1067,2020-08-14,AMBUJACEM.NS,-0.0056306603337047,1.0066474124050473,1.3214564420692874
1068,1068,2020-08-17,AMBUJACEM.NS,-0.0063420157682175,1.000263238642539,1.3214564420692874
1069,1069,2020-08-18,AMBUJACEM.NS,0.040346541051065,1.0406204004623014,1.3214564420692874
1070,1070,2020-08-19,AMBUJACEM.NS,-0.0054777540726254,1.034920137825612,1.3214564420692874
1071,1071,2020-08-20,AMBUJACEM.NS,-0.0070499473054805,1.0276240053885606,1.3214564420692874
1072,1072,2020-08-21,AMBUJACEM.NS,0.0026625570535869,1.0303601129325433,1.3214564420692874
1073,1073,2020-08-24,AMBUJACEM.NS,-0.0077450571015019,1.0223799150227706,1.3214564420692874
1074,1074,2020-08-25,AMBUJACEM.NS,-0.0082516223991284,1.0139436220155496,1.3214564420692874
1075,1075,2020-08-26,AMBUJACEM.NS,-0.0067461262519786,1.007103430329044,1.3214564420692874
1076,1076,2020-08-27,AMBUJACEM.NS,0.0022640074011468,1.0093835199490293,1.3214564420692874
1077,1077,2020-08-28,AMBUJACEM.NS,0.0049694886942182,1.0143996399395463,1.3214564420692874
1078,1078,2020-08-31,AMBUJACEM.NS,-0.053495203893487,0.9601341243715004,1.3214564420692874
1079,1079,2020-09-01,AMBUJACEM.NS,0.0116362111231755,0.9713064477492525,1.3214564420692874
1080,1080,2020-09-02,AMBUJACEM.NS,0.0199530145277087,0.9906869394120504,1.3214564420692874
1081,1081,2020-09-03,AMBUJACEM.NS,-0.0121978816632697,0.9786026573597554,1.3214564420692874
1082,1082,2020-09-04,AMBUJACEM.NS,-0.0284250042249709,0.9507858726897364,1.3214564420692874
1083,1083,2020-09-07,AMBUJACEM.NS,0.0098321314507101,0.9601341243715,1.3214564420692874
1084,1084,2020-09-08,AMBUJACEM.NS,-0.0192352873895537,0.9416656685566968,1.3214564420692874
1085,1085,2020-09-09,AMBUJACEM.NS,0.0142856815040364,0.9551180043809834,1.3214564420692874
1086,1086,2020-09-10,AMBUJACEM.NS,0.0167103915394088,0.9710784002005284,1.3214564420692874
1087,1087,2020-09-11,AMBUJACEM.NS,-0.0023479974629389,0.9687983105805428,1.3214564420692874
1088,1088,2020-09-14,AMBUJACEM.NS,-0.006354234725278,0.9626423387136612,1.3214564420692874
1089,1089,2020-09-15,AMBUJACEM.NS,0.0300803687744266,0.9915989752600448,1.3214564420692874
1090,1090,2020-09-16,AMBUJACEM.NS,0.0052885971749472,0.9968431427992857,1.3214564420692874
1091,1091,2020-09-17,AMBUJACEM.NS,0.0077767002933675,1.004595293160334,1.3214564420692874
1092,1092,2020-09-18,AMBUJACEM.NS,-0.0013617959205122,1.0032272393883426,1.3214564420692874
1093,1093,2020-09-21,AMBUJACEM.NS,-0.0465908215010844,0.9564860581529746,1.3214564420692874
1094,1094,2020-09-22,AMBUJACEM.NS,-0.014064330273944,0.9430337223286884,1.3214564420692874
1095,1095,2020-09-23,AMBUJACEM.NS,0.0118471332888421,0.9542059685329892,1.3214564420692874
1096,1096,2020-09-24,AMBUJACEM.NS,-0.0525686863279538,0.9040446142809172,1.3214564420692874
1097,1097,2020-09-25,AMBUJACEM.NS,0.0365700449811945,0.9371055664901768,1.3214564420692874
1098,1098,2020-09-28,AMBUJACEM.NS,0.0299269965392801,0.9651503215354684,1.3214564420692874
1099,1099,2020-09-29,AMBUJACEM.NS,0.0236238718438974,0.9879509090415188,1.3214564420692874
1100,1100,2020-09-30,AMBUJACEM.NS,0.0016154893250845,0.9895469331887832,1.3214564420692874
1101,1101,2020-10-01,AMBUJACEM.NS,0.0193548387096771,1.0086994544763077,1.3214564420692874
1102,1102,2020-10-05,AMBUJACEM.NS,0.000678165800215,1.009383519949029,1.3214564420692874
1103,1103,2020-10-06,AMBUJACEM.NS,0.0178450655358111,1.0273960350132871,1.3214564420692874
1104,1104,2020-10-07,AMBUJACEM.NS,0.0421659818504227,1.0707171975788536,1.3214564420692874
1105,1105,2020-10-08,AMBUJACEM.NS,0.0142674532124995,1.0859936050991286,1.3214564420692874
1106,1106,2020-10-09,AMBUJACEM.NS,0.0050388306973636,1.0914657430136427,1.3214564420692874
1107,1107,2020-10-12,AMBUJACEM.NS,-0.0039690954287628,1.087133611322396,1.3214564420692874
1108,1108,2020-10-13,AMBUJACEM.NS,0.0140520765199632,1.1024100960161225,1.3214564420692874
1109,1109,2020-10-14,AMBUJACEM.NS,0.020061973410125,1.124526618049451,1.3214564420692874
1110,1110,2020-10-15,AMBUJACEM.NS,-0.0131791566201723,1.1097063056266248,1.3214564420692874
1111,1111,2020-10-16,AMBUJACEM.NS,0.0191082660801971,1.1309108689854108,1.3214564420692874
1112,1112,2020-10-19,AMBUJACEM.NS,-0.001612854357102,1.1290868744628737,1.3214564420692874
1113,1113,2020-10-20,AMBUJACEM.NS,0.0155490830838489,1.1466431400827803,1.3214564420692874
1114,1114,2020-10-21,AMBUJACEM.NS,0.007556333288464,1.1553075578121768,1.3214564420692874
1115,1115,2020-10-22,AMBUJACEM.NS,0.0009866888190142,1.1564474868619927,1.3214564420692874
1116,1116,2020-10-23,AMBUJACEM.NS,-0.0244479778936904,1.1281746842679767,1.3214564420692874
1117,1117,2020-10-26,AMBUJACEM.NS,-0.0094987313841892,1.1174584559876728,1.3214564420692874
1118,1118,2020-10-27,AMBUJACEM.NS,0.0440726859362301,1.166707851565202,1.3214564420692874
1119,1119,2020-10-28,AMBUJACEM.NS,-0.0158296784725753,1.148239241403496,1.3214564420692874
1120,1120,2020-10-29,AMBUJACEM.NS,0.0087371986309003,1.1582716357314329,1.3214564420692874
1121,1121,2020-10-30,AMBUJACEM.NS,0.0224408808769325,1.1842642715320115,1.3214564420692874
1122,1122,2020-11-02,AMBUJACEM.NS,0.0030803842797306,1.1879122605770855,1.3214564420692874
1123,1123,2020-11-03,AMBUJACEM.NS,0.0057582273430145,1.194752529437043,1.3214564420692874
1124,1124,2020-11-04,AMBUJACEM.NS,0.0091604159909899,1.2056969596129734,1.3214564420692874
1125,1125,2020-11-05,AMBUJACEM.NS,0.0337510046751596,1.2463904433336968,1.3214564420692874
1126,1126,2020-11-06,AMBUJACEM.NS,-0.0303030096638445,1.2086210616844322,1.3214564420692874
1127,1127,2020-11-09,AMBUJACEM.NS,0.0052418415846806,1.2149564618256905,1.3214564420692874
1128,1128,2020-11-10,AMBUJACEM.NS,0.0024067546149471,1.2178805638971493,1.3214564420692874
1129,1129,2020-11-11,AMBUJACEM.NS,0.0392156887594907,1.265640589037173,1.3214564420692874
1130,1130,2020-11-12,AMBUJACEM.NS,0.0121293677272635,1.2809920091521552,1.3214564420692874
1131,1131,2020-11-13,AMBUJACEM.NS,-0.0195929011789898,1.2558936593057617,1.3214564420692874
1132,1132,2020-11-14,AMBUJACEM.NS,0.0050446583922265,1.2622292137939224,1.3214564420692874
1133,1133,2020-11-17,AMBUJACEM.NS,0.034942097406269,1.306334149931348,1.3214564420692874
1134,1134,2020-11-18,AMBUJACEM.NS,-0.022570473357512,1.2768495698043143,1.3214564420692874
1135,1135,2020-11-19,AMBUJACEM.NS,-0.0125953811838509,1.2607671627581931,1.3214564420692874
1136,1136,2020-11-20,AMBUJACEM.NS,-0.0061846877102421,1.2529697115812055,1.3214564420692874
1137,1137,2020-11-23,AMBUJACEM.NS,0.0040838245894356,1.2580866200991792,1.3214564420692874
1138,1138,2020-11-24,AMBUJACEM.NS,-0.0116211044429034,1.2434662640887872,1.3214564420692874
1139,1139,2020-11-25,AMBUJACEM.NS,0.0041152843141494,1.2485834813005658,1.3214564420692874
1140,1140,2020-11-26,AMBUJACEM.NS,0.0177595853865444,1.2707578062489522,1.3214564420692874
1141,1141,2020-11-27,AMBUJACEM.NS,0.0011503525755947,1.2722196257643277,1.3214564420692874
1142,1142,2020-12-01,AMBUJACEM.NS,0.0036392647513241,1.2768495698043143,1.3214564420692874
1143,1143,2020-12-02,AMBUJACEM.NS,0.0019084094037711,1.27928632153053,1.3214564420692874
1144,1144,2020-12-03,AMBUJACEM.NS,-0.0053332474299722,1.2724635710440289,1.3214564420692874
1145,1145,2020-12-04,AMBUJACEM.NS,-0.0327461331961537,1.2307953094593678,1.3214564420692874
1146,1146,2020-12-07,AMBUJACEM.NS,0.0021777693589757,1.2334756977714794,1.3214564420692874
1147,1147,2020-12-08,AMBUJACEM.NS,0.015804132862079,1.2529697115812055,1.3214564420692874
1148,1148,2020-12-09,AMBUJACEM.NS,-0.0165306695509992,1.232257283321646,1.3214564420692874
1149,1149,2020-12-10,AMBUJACEM.NS,-0.0179948198116246,1.2100830355467107,1.3214564420692874
1150,1150,2020-12-11,AMBUJACEM.NS,-0.010068531062064,1.1978992769156318,1.3214564420692874
1151,1151,2020-12-14,AMBUJACEM.NS,0.0026444759520705,1.2010670927464375,1.3214564420692874
1152,1152,2020-12-15,AMBUJACEM.NS,0.0046663234642505,1.2066716603034595,1.3214564420692874
1153,1153,2020-12-16,AMBUJACEM.NS,-0.0014136113834376,1.204965895508383,1.3214564420692874
1154,1154,2020-12-17,AMBUJACEM.NS,-0.0020222578375859,1.2025291437821677,1.3214564420692874
1155,1155,2020-12-18,AMBUJACEM.NS,0.0174264660723244,1.223484977107269,1.3214564420692874
1156,1156,2020-12-21,AMBUJACEM.NS,-0.0623381805499951,1.1472151497041492,1.3214564420692874
1157,1157,2020-12-22,AMBUJACEM.NS,0.0093458560045289,1.1579368572994984,1.3214564420692874
1158,1158,2020-12-23,AMBUJACEM.NS,-0.0016835793265705,1.1559873787450747,1.3214564420692874
1159,1159,2020-12-24,AMBUJACEM.NS,0.0400506546429648,1.2022854300228198,1.3214564420692874
1160,1160,2020-12-28,AMBUJACEM.NS,0.0020268306001354,1.204722258922487,1.3214564420692874
1161,1161,2020-12-29,AMBUJACEM.NS,-0.01132693412589,1.191076449255679,1.3214564420692874
1162,1162,2020-12-30,AMBUJACEM.NS,0.0327333088458878,1.2300643225282284,1.3214564420692874
1163,1163,2020-12-31,AMBUJACEM.NS,-0.0140650357485749,1.2127634238588223,1.3214564420692874
1164,1164,2021-01-01,AMBUJACEM.NS,0.0080370224836181,1.2225104307636854,1.3214564420692874
1165,1165,2021-01-04,AMBUJACEM.NS,0.0081721095317077,1.2325009199075414,1.3214564420692874
1166,1166,2021-01-05,AMBUJACEM.NS,0.0051404054843517,1.2388364743957028,1.3214564420692874
1167,1167,2021-01-06,AMBUJACEM.NS,0.0271440963705311,1.2724635710440289,1.3214564420692874
1168,1168,2021-01-07,AMBUJACEM.NS,0.0072768915329899,1.2817231504301974,1.3214564420692874
1169,1169,2021-01-08,AMBUJACEM.NS,0.0264259354470219,1.3155938836644194,1.3214564420692874
1170,1170,2021-01-11,AMBUJACEM.NS,0.0014815306694329,1.317542976351587,1.3214564420692874
1171,1171,2021-01-12,AMBUJACEM.NS,-0.0083223946829079,1.3065778636906955,1.3214564420692874
1172,1172,2021-01-13,AMBUJACEM.NS,-0.0119359807437576,1.2909825754694633,1.3214564420692874
1173,1173,2021-01-14,AMBUJACEM.NS,0.0081162339923452,1.301460492132014,1.3214564420692874
1174,1174,2021-01-15,AMBUJACEM.NS,-0.0110465452758333,1.2870838498809694,1.3214564420692874
1175,1175,2021-01-18,AMBUJACEM.NS,-0.0304809277671175,1.247852340022524,1.3214564420692874
1176,1176,2021-01-19,AMBUJACEM.NS,0.0230424644596776,1.2766059332184188,1.3214564420692874
1177,1177,2021-01-20,AMBUJACEM.NS,0.0005725414073902,1.2773368429761065,1.3214564420692874
1178,1178,2021-01-21,AMBUJACEM.NS,-0.0364363822844882,1.2307953094593678,1.3214564420692874
1179,1179,2021-01-22,AMBUJACEM.NS,0.0203919771659015,1.255893659305762,1.3214564420692874
1180,1180,2021-01-25,AMBUJACEM.NS,-0.0027164159679247,1.2524821297156083,1.3214564420692874
1181,1181,2021-01-27,AMBUJACEM.NS,-0.017509719834501,1.230551518526569,1.3214564420692874
1182,1182,2021-01-28,AMBUJACEM.NS,-0.0178216486770055,1.2086210616844328,1.3214564420692874
1183,1183,2021-01-29,AMBUJACEM.NS,-0.0187500251419137,1.1859593863908031,1.3214564420692874
1184,1184,2021-02-01,AMBUJACEM.NS,0.0717072633962179,1.2710012884879456,1.3214564420692874
1185,1185,2021-02-02,AMBUJACEM.NS,0.0592409163873559,1.3462965695474816,1.3214564420692874
1186,1186,2021-02-03,AMBUJACEM.NS,-0.0264252246794711,1.310720380211988,1.3214564420692874
1187,1187,2021-02-04,AMBUJACEM.NS,0.0141287572529669,1.3292392302905196,1.3214564420692874
1188,1188,2021-02-05,AMBUJACEM.NS,-0.0053161719010537,1.322172766044671,1.3214564420692874
1189,1189,2021-02-08,AMBUJACEM.NS,0.0112421539389331,1.3370368358144102,1.3214564420692874
1190,1190,2021-02-09,AMBUJACEM.NS,-0.013850896457207,1.318517677042073,1.3214564420692874
1191,1191,2021-02-10,AMBUJACEM.NS,0.0049898391114606,1.32509686811613,1.3214564420692874
1192,1192,2021-02-11,AMBUJACEM.NS,0.0183892346653875,1.3494643853782875,1.3214564420692874
1193,1193,2021-02-12,AMBUJACEM.NS,0.0019861464994925,1.3521446193434965,1.3214564420692874
1194,1194,2021-02-15,AMBUJACEM.NS,0.0214453041438853,1.381141771951836,1.3214564420692874
1195,1195,2021-02-16,AMBUJACEM.NS,0.0022937327956071,1.384309742129545,1.3214564420692874
1196,1196,2021-02-17,AMBUJACEM.NS,0.0091532655183999,1.3969806967589644,1.3214564420692874
1197,1197,2021-02-18,AMBUJACEM.NS,-0.0134311282339962,1.3782176698803772,1.3214564420692874
1198,1198,2021-02-19,AMBUJACEM.NS,-0.0265204044504466,1.3416667798543973,1.3214564420692874
1199,1199,2021-02-22,AMBUJACEM.NS,-0.0303304867932172,1.3009733733071251,1.3214564420692874
1200,1200,2021-02-23,AMBUJACEM.NS,-0.0084286878987176,1.2900078747789776,1.3214564420692874
1201,1201,2021-02-24,AMBUJACEM.NS,0.013978180386756,1.308039837552974,1.3214564420692874
1202,1202,2021-02-25,AMBUJACEM.NS,0.0421012015210022,1.363109886351291,1.3214564420692874
1203,1203,2021-02-26,AMBUJACEM.NS,-0.0221666406800499,1.3328943192931182,1.3214564420692874
1204,1204,2021-03-01,AMBUJACEM.NS,0.0160879742881443,1.3543378888307196,1.3214564420692874
1205,1205,2021-03-02,AMBUJACEM.NS,0.0032384249329544,1.358723810417554,1.3214564420692874
1206,1206,2021-03-03,AMBUJACEM.NS,0.0118364630812131,1.3748062946371264,1.3214564420692874
1207,1207,2021-03-04,AMBUJACEM.NS,0.0350940004034916,1.4230537472958449,1.3214564420692874
1208,1208,2021-03-05,AMBUJACEM.NS,-0.0246574777870332,1.387964831132143,1.3214564420692874
1209,1209,2021-03-08,AMBUJACEM.NS,0.0033355566670989,1.3925944664783247,1.3214564420692874
1210,1210,2021-03-09,AMBUJACEM.NS,0.0185476370898212,1.4184238032558578,1.3214564420692874
1211,1211,2021-03-10,AMBUJACEM.NS,0.0032641471676937,1.4230537472958449,1.3214564420692874
1212,1212,2021-03-12,AMBUJACEM.NS,-0.0085617537831459,1.4108699114913146,1.3214564420692874
1213,1213,2021-03-15,AMBUJACEM.NS,-0.0202071961826089,1.3823601864016697,1.3214564420692874
1214,1214,2021-03-16,AMBUJACEM.NS,0.0066983840226706,1.3916197657878384,1.3214564420692874
1215,1215,2021-03-17,AMBUJACEM.NS,-0.0164594059880335,1.3687145310817643,1.3214564420692874
1216,1216,2021-03-18,AMBUJACEM.NS,0.0007120157793703,1.369689077425348,1.3214564420692874
1217,1217,2021-03-19,AMBUJACEM.NS,0.0121408436578602,1.3863182583742482,1.3214564420692874
1218,1218,2021-03-22,AMBUJACEM.NS,0.0428646309873907,1.4457422789505423,1.3214564420692874
1219,1219,2021-03-23,AMBUJACEM.NS,0.0299392420301538,1.489026706953269,1.3214564420692874
1220,1220,2021-03-24,AMBUJACEM.NS,-0.0021352147907496,1.485847315104761,1.3214564420692874
1221,1221,2021-03-25,AMBUJACEM.NS,-0.0319287845417846,1.438406016318792,1.3214564420692874
1222,1222,2021-03-26,AMBUJACEM.NS,0.0027200523300769,1.4423185559550766,1.3214564420692874
1223,1223,2021-03-30,AMBUJACEM.NS,0.0167854243950151,1.466528485029588,1.3214564420692874
1224,1224,2021-03-31,AMBUJACEM.NS,0.0300150218244281,1.5105463695138968,1.3214564420692874
1225,1225,2021-04-01,AMBUJACEM.NS,0.0069612863257133,1.5210617153003498,1.3214564420692874
1226,1226,2021-04-05,AMBUJACEM.NS,-0.0159163658410981,1.4968519405727412,1.3214564420692874
1227,1227,2021-04-06,AMBUJACEM.NS,-0.0017970767496544,1.4941619827526629,1.3214564420692874
1228,1228,2021-04-07,AMBUJACEM.NS,0.0103109907872946,1.5095682731915514,1.3214564420692874
1229,1229,2021-04-08,AMBUJACEM.NS,0.0393649109030751,1.5689922937678458,1.3214564420692874
1230,1230,2021-04-09,AMBUJACEM.NS,-0.0138715164426493,1.5472279913664548,1.3214564420692874
1231,1231,2021-04-12,AMBUJACEM.NS,-0.0380908335838897,1.4882927874309793,1.3214564420692874
1232,1232,2021-04-13,AMBUJACEM.NS,-0.0065724533778417,1.478511052473011,1.3214564420692874
1233,1233,2021-04-15,AMBUJACEM.NS,-0.0234865478049549,1.4437859319589492,1.3214564420692874
1234,1234,2021-04-16,AMBUJACEM.NS,0.0186314925912123,1.470685818853539,1.3214564420692874
1235,1235,2021-04-19,AMBUJACEM.NS,0.0008314054214935,1.4719085550166475,1.3214564420692874
1236,1236,2021-04-20,AMBUJACEM.NS,-0.0174446953902563,1.4462315586320698,1.3214564420692874
1237,1237,2021-04-22,AMBUJACEM.NS,-0.0003383135146003,1.445742278950543,1.3214564420692874
1238,1238,2021-04-23,AMBUJACEM.NS,-0.0013531782393565,1.4437859319589494,1.3214564420692874
1239,1239,2021-04-26,AMBUJACEM.NS,0.0276084592077836,1.48364663696621,1.3214564420692874
1240,1240,2021-04-27,AMBUJACEM.NS,0.010548960843975,1.499297567245862,1.3214564420692874
1241,1241,2021-04-28,AMBUJACEM.NS,0.0075027149471726,1.5105463695138972,1.3214564420692874
1242,1242,2021-04-29,AMBUJACEM.NS,0.0168367325564489,1.5359790347515176,1.3214564420692874
1243,1243,2021-04-30,AMBUJACEM.NS,-0.0159211606161218,1.511524465836243,1.3214564420692874
1244,1244,2021-05-03,AMBUJACEM.NS,0.0084130209289583,1.5242409528019558,1.3214564420692874
1245,1245,2021-05-04,AMBUJACEM.NS,-0.0150810755144361,1.501253759890553,1.3214564420692874
1246,1246,2021-05-05,AMBUJACEM.NS,0.0146603744351381,1.523262702132708,1.3214564420692874
1247,1247,2021-05-06,AMBUJACEM.NS,0.0094718000706246,1.5376907419023484,1.3214564420692874
1248,1248,2021-05-07,AMBUJACEM.NS,-0.0068384009215299,1.5271753961158954,1.3214564420692874
1249,1249,2021-05-10,AMBUJACEM.NS,-0.0028823272880159,1.522773576798084,1.3214564420692874
1250,1250,2021-05-11,AMBUJACEM.NS,0.0114018809809448,1.5401360598816634,1.3214564420692874
1251,1251,2021-05-12,AMBUJACEM.NS,-0.018577315855859,1.5115244658362434,1.3214564420692874
1252,1252,2021-05-14,AMBUJACEM.NS,-0.0063096891116685,1.501987216372136,1.3214564420692874
1253,1253,2021-05-17,AMBUJACEM.NS,0.0100947021875827,1.517149330010969,1.3214564420692874
1254,1254,2021-05-18,AMBUJACEM.NS,0.0175690934522763,1.5438042683709905,1.3214564420692874
1255,1255,2021-05-19,AMBUJACEM.NS,0.0063362237721966,1.5535861576758612,1.3214564420692874
1256,1256,2021-05-20,AMBUJACEM.NS,0.0073980075401756,1.5650795997846596,1.3214564420692874
1257,1257,2021-05-21,AMBUJACEM.NS,0.004531256518113,1.5721713769225496,1.3214564420692874
1258,1258,2021-05-24,AMBUJACEM.NS,0.0147769086075342,1.5954032096747153,1.3214564420692874
1259,1259,2021-05-25,AMBUJACEM.NS,-0.0119560078351649,1.576328556399597,1.3214564420692874
1260,1260,2021-05-26,AMBUJACEM.NS,0.0024821563799646,1.5802412503827847,1.3214564420692874
1261,1261,2021-05-27,AMBUJACEM.NS,0.0216652386874154,1.6144775542560277,1.3214564420692874
1262,1262,2021-05-28,AMBUJACEM.NS,-0.0134808047909485,1.5927130975077342,1.3214564420692874
1263,1263,2021-05-31,AMBUJACEM.NS,0.0035313335106106,1.5983374986417518,1.3214564420692874
1264,1264,2021-06-01,AMBUJACEM.NS,-0.0079558780812647,1.5856213203698444,1.3214564420692874
1265,1265,2021-06-02,AMBUJACEM.NS,0.021283057569472,1.619368190214658,1.3214564420692874
1266,1266,2021-06-03,AMBUJACEM.NS,0.0086078158216593,1.6333074133434795,1.3214564420692874
1267,1267,2021-06-04,AMBUJACEM.NS,-0.0056895376181658,1.6240146493732326,1.3214564420692874
1268,1268,2021-06-07,AMBUJACEM.NS,0.021081087656845,1.65825064455267,1.3214564420692874
1269,1269,2021-06-08,AMBUJACEM.NS,0.0038343544006418,1.6646089652089775,1.3214564420692874
1270,1270,2021-06-09,AMBUJACEM.NS,-0.0176288879173619,1.6352637603350728,1.3214564420692874
1271,1271,2021-06-10,AMBUJACEM.NS,0.0215342911051059,1.6704780061837583,1.3214564420692874
1272,1272,2021-06-11,AMBUJACEM.NS,-0.0112722306816669,1.651647992749404,1.3214564420692874
1273,1273,2021-06-14,AMBUJACEM.NS,0.0078472970732692,1.6646089652089775,1.3214564420692874
1274,1274,2021-06-15,AMBUJACEM.NS,0.0032319396041948,1.6699888808491343,1.3214564420692874
1275,1275,2021-06-16,AMBUJACEM.NS,-0.0074682216558279,1.657517033724185,1.3214564420692874
1276,1276,2021-06-17,AMBUJACEM.NS,0.0216879613539813,1.6934651990951608,1.3214564420692874
1277,1277,2021-06-18,AMBUJACEM.NS,-0.0142961800657903,1.669255115673747,1.3214564420692874
1278,1278,2021-06-21,AMBUJACEM.NS,0.0101085931270923,1.6861289364634102,1.3214564420692874
1279,1279,2021-06-22,AMBUJACEM.NS,0.0043509499618328,1.693465199095161,1.3214564420692874
1280,1280,2021-06-23,AMBUJACEM.NS,-0.0031769592843916,1.6880851291081014,1.3214564420692874
1281,1281,2021-06-24,AMBUJACEM.NS,0.0039112348912471,1.6946876265644644,1.3214564420692874
1282,1282,2021-06-25,AMBUJACEM.NS,0.0044734243058026,1.702268683383881,1.3214564420692874
1283,1283,2021-06-28,AMBUJACEM.NS,-0.0106307557570151,1.6841722807780113,1.3214564420692874
1284,1284,2021-06-29,AMBUJACEM.NS,0.0001453498495729,1.6844170749656773,1.3214564420692874
1285,1285,2021-06-30,AMBUJACEM.NS,-0.0108885669543002,1.6660761868659468,1.3214564420692874
1286,1286,2021-07-01,AMBUJACEM.NS,-0.001027480922678,1.664364325368214,1.3214564420692874
1287,1287,2021-07-02,AMBUJACEM.NS,-0.0030856131767079,1.659228740875015,1.3214564420692874
1288,1288,2021-07-05,AMBUJACEM.NS,0.0030951636544642,1.664364325368214,1.3214564420692874
1289,1289,2021-07-06,AMBUJACEM.NS,0.0339407248450607,1.7208540569774715,1.3214564420692874
1290,1290,2021-07-07,AMBUJACEM.NS,0.0159157619580563,1.7482427605128803,1.3214564420692874
1291,1291,2021-07-08,AMBUJACEM.NS,0.0092321592737731,1.7643828161271564,1.3214564420692874
1292,1292,2021-07-09,AMBUJACEM.NS,0.0079001644697562,1.7783217305621728,1.3214564420692874
1293,1293,2021-07-12,AMBUJACEM.NS,0.0224147014431168,1.8181822812225308,1.3214564420692874
1294,1294,2021-07-13,AMBUJACEM.NS,-0.00753193399946,1.804487852281375,1.3214564420692874
1295,1295,2021-07-14,AMBUJACEM.NS,0.0109771366604973,1.824295962038075,1.3214564420692874
1296,1296,2021-07-15,AMBUJACEM.NS,0.0353887781439632,1.8888555671075684,1.3214564420692874
1297,1297,2021-07-16,AMBUJACEM.NS,-0.0081564970101887,1.8734491223217773,1.3214564420692874
1298,1298,2021-07-19,AMBUJACEM.NS,0.0091373211471628,1.8905674286053016,1.3214564420692874
1299,1299,2021-07-20,AMBUJACEM.NS,0.0463069912040507,1.978113917892392,1.3214564420692874
1300,1300,2021-07-22,AMBUJACEM.NS,-0.0105080935385118,1.9573277118133463,1.3214564420692874
1301,1301,2021-07-23,AMBUJACEM.NS,0.0052473103424128,1.967598417759036,1.3214564420692874
1302,1302,2021-07-26,AMBUJACEM.NS,0.0144171230752805,1.9959655263105955,1.3214564420692874
1303,1303,2021-07-27,AMBUJACEM.NS,0.0017152443784396,1.9993890949591588,1.3214564420692874
1304,1304,2021-07-28,AMBUJACEM.NS,0.0014677471574893,2.00232369262,1.3214564420692874
1305,1305,2021-07-29,AMBUJACEM.NS,-0.0015876969175461,1.9991446094652976,1.3214564420692874
1306,1306,2021-07-30,AMBUJACEM.NS,0.0058715522098728,2.010882691414859,1.3214564420692874
1307,1307,2021-08-02,AMBUJACEM.NS,0.0169039290678194,2.044874509794242,1.3214564420692874
1308,1308,2021-08-03,AMBUJACEM.NS,0.0098062718051965,2.0649271050448026,1.3214564420692874
1309,1309,2021-08-04,AMBUJACEM.NS,-0.0074610862025367,2.049520505912109,1.3214564420692874
1310,1310,2021-08-05,AMBUJACEM.NS,-0.0003579426633538,2.0487868950836243,1.3214564420692874
1311,1311,2021-08-06,AMBUJACEM.NS,-0.0358080625829165,1.9754238057254103,1.3214564420692874
1312,1312,2021-08-09,AMBUJACEM.NS,0.0038376862713935,1.983004862544827,1.3214564420692874
1313,1313,2021-08-10,AMBUJACEM.NS,-0.0117153137126184,1.9597733384864664,1.3214564420692874
1314,1314,2021-08-11,AMBUJACEM.NS,-0.0061143406510365,1.9477906166961407,1.3214564420692874
1315,1315,2021-08-12,AMBUJACEM.NS,0.0038919728130069,1.9553713648217528,1.3214564420692874
1316,1316,2021-08-13,AMBUJACEM.NS,0.0066283943258804,1.9683323372813264,1.3214564420692874
1317,1317,2021-08-16,AMBUJACEM.NS,-0.0154056583681574,1.938008881738173,1.3214564420692874
1318,1318,2021-08-17,AMBUJACEM.NS,0.0132490837785255,1.963685723775849,1.3214564420692874
1319,1319,2021-08-18,AMBUJACEM.NS,0.0196762487888628,2.002323692620001,1.3214564420692874
1320,1320,2021-08-20,AMBUJACEM.NS,-0.0429897634904324,1.9162442706429776,1.3214564420692874
1321,1321,2021-08-23,AMBUJACEM.NS,-0.0029351169995307,1.91061986950896,1.3214564420692874
1322,1322,2021-08-24,AMBUJACEM.NS,0.0120312749167159,1.9336070624203625,1.3214564420692874
1323,1323,2021-08-25,AMBUJACEM.NS,0.0042999216933394,1.941921421374458,1.3214564420692874
1324,1324,2021-08-26,AMBUJACEM.NS,0.0032742419885389,1.9482797420307656,1.3214564420692874
1325,1325,2021-08-27,AMBUJACEM.NS,0.0293710561730173,2.005502775774703,1.3214564420692874
1326,1326,2021-08-30,AMBUJACEM.NS,0.0186562856621277,2.042918008455746,1.3214564420692874
1327,1327,2021-08-31,AMBUJACEM.NS,0.0080200146782769,2.0593022408700774,1.3214564420692874
1328,1328,2021-09-01,AMBUJACEM.NS,0.0010688771835305,2.0615033820493367,1.3214564420692874
1329,1329,2021-09-02,AMBUJACEM.NS,0.0170818278326951,2.0967176278980224,1.3214564420692874
1330,1330,2021-09-03,AMBUJACEM.NS,0.0195940961609852,2.137800914721489,1.3214564420692874
1331,1331,2021-09-06,AMBUJACEM.NS,0.002745435873503,2.143670110043173,1.3214564420692874
1332,1332,2021-09-07,AMBUJACEM.NS,0.0073008535746812,2.159320731629019,1.3214564420692874
1333,1333,2021-09-08,AMBUJACEM.NS,-0.0125707208030507,2.132176513587471,1.3214564420692874
1334,1334,2021-09-09,AMBUJACEM.NS,0.0055052111655673,2.143914595537033,1.3214564420692874
1335,1335,2021-09-13,AMBUJACEM.NS,-0.0047907040298961,2.1336437352444406,1.3214564420692874
1336,1336,2021-09-14,AMBUJACEM.NS,-0.0087105541284564,2.115058515997752,1.3214564420692874
1337,1337,2021-09-15,AMBUJACEM.NS,0.0106370169239797,2.137556429227628,1.3214564420692874
1338,1338,2021-09-16,AMBUJACEM.NS,-0.0156732163384609,2.104054044876675,1.3214564420692874
1339,1339,2021-09-17,AMBUJACEM.NS,-0.0241749163236069,2.0531887144014345,1.3214564420692874
1340,1340,2021-09-20,AMBUJACEM.NS,-0.0238208375327542,2.0042800396115936,1.3214564420692874
1341,1341,2021-09-21,AMBUJACEM.NS,0.0082967580743953,2.0209090662135907,1.3214564420692874
1342,1342,2021-09-22,AMBUJACEM.NS,0.015246814933937,2.051721492744465,1.3214564420692874
1343,1343,2021-09-23,AMBUJACEM.NS,0.0001191611506363,2.051965978238326,1.3214564420692874
1344,1344,2021-09-24,AMBUJACEM.NS,-0.0210939751282239,2.008681858929405,1.3214564420692874
1345,1345,2021-09-27,AMBUJACEM.NS,0.0177745276209837,2.044385230112715,1.3214564420692874
1346,1346,2021-09-28,AMBUJACEM.NS,-0.0117224918673604,2.0204199408789667,1.3214564420692874
1347,1347,2021-09-29,AMBUJACEM.NS,-0.016097709700665,1.9878958071972623,1.3214564420692874
1348,1348,2021-09-30,AMBUJACEM.NS,-0.0153771114528453,1.957327711813346,1.3214564420692874
1349,1349,2021-10-01,AMBUJACEM.NS,0.0051224814006454,1.9673540866120776,1.3214564420692874
1350,1350,2021-10-04,AMBUJACEM.NS,0.0105655642878403,1.9881402926911231,1.3214564420692874
1351,1351,2021-10-05,AMBUJACEM.NS,-0.0070111092427243,1.974201223909204,1.3214564420692874
1352,1352,2021-10-06,AMBUJACEM.NS,-0.0216772749149458,1.9314059212411008,1.3214564420692874
1353,1353,2021-10-07,AMBUJACEM.NS,0.0202583484644351,1.970533015419877,1.3214564420692874
1354,1354,2021-10-08,AMBUJACEM.NS,0.0003722905542531,1.9712666262483616,1.3214564420692874
1355,1355,2021-10-11,AMBUJACEM.NS,-0.0002481274364974,1.9707775009137376,1.3214564420692874
1356,1356,2021-10-12,AMBUJACEM.NS,0.0016131111468589,1.9739565840684403,1.3214564420692874
1357,1357,2021-10-13,AMBUJACEM.NS,0.0009912354208754,1.97591323975384,1.3214564420692874
1358,1358,2021-10-14,AMBUJACEM.NS,0.0117572822753857,1.9991446094652967,1.3214564420692874
1359,1359,2021-10-18,AMBUJACEM.NS,0.0045261522255306,2.0081930422885863,1.3214564420692874
1360,1360,2021-10-19,AMBUJACEM.NS,-0.051753659583737,1.9042617031995537,1.3214564420692874
1361,1361,2021-10-20,AMBUJACEM.NS,0.0087324511264155,1.9208905754546488,1.3214564420692874
1362,1362,2021-10-21,AMBUJACEM.NS,-0.0327179434518192,1.858042986229791,1.3214564420692874
1363,1363,2021-10-22,AMBUJACEM.NS,-0.0100025776499391,1.8394577669831025,1.3214564420692874
1364,1364,2021-10-25,AMBUJACEM.NS,-0.0005318986027905,1.838479361966952,1.3214564420692874
1365,1365,2021-10-26,AMBUJACEM.NS,0.0118383766200729,1.860243973062148,1.3214564420692874
1366,1366,2021-10-27,AMBUJACEM.NS,0.0039437099315926,1.8675802356938984,1.3214564420692874
1367,1367,2021-10-28,AMBUJACEM.NS,0.0214743310020721,1.9076852718481168,1.3214564420692874
1368,1368,2021-10-29,AMBUJACEM.NS,0.0378156471927975,1.9798256250432216,1.3214564420692874
1369,1369,2021-11-01,AMBUJACEM.NS,0.0123518022289657,2.004280039611594,1.3214564420692874
1370,1370,2021-11-02,AMBUJACEM.NS,-0.0062225300514712,1.991808346833547,1.3214564420692874
1371,1371,2021-11-03,AMBUJACEM.NS,0.0138734951181933,2.019441690209719,1.3214564420692874
1372,1372,2021-11-04,AMBUJACEM.NS,0.0007266245967814,2.020909066213592,1.3214564420692874
1373,1373,2021-11-08,AMBUJACEM.NS,0.0400532578056,2.10185305804432,1.3214564420692874
1374,1374,2021-11-09,AMBUJACEM.NS,0.0034903784561308,2.10918932067607,1.3214564420692874
1375,1375,2021-11-10,AMBUJACEM.NS,-0.0067245741242093,2.0950059207471927,1.3214564420692874
1376,1376,2021-11-11,AMBUJACEM.NS,-0.0166920362159432,2.0600360060454648,1.3214564420692874
1377,1377,2021-11-12,AMBUJACEM.NS,0.0039173458311181,2.0681058795057004,1.3214564420692874
1378,1378,2021-11-15,AMBUJACEM.NS,-0.0037838430052937,2.060280491539326,1.3214564420692874
1379,1379,2021-11-16,AMBUJACEM.NS,-0.0271809844133846,2.004280039611595,1.3214564420692874
1380,1380,2021-11-17,AMBUJACEM.NS,-0.0015860701822966,2.001101110803795,1.3214564420692874
1381,1381,2021-11-18,AMBUJACEM.NS,-0.0202860664878359,1.9605066406211469,1.3214564420692874
1382,1382,2021-11-22,AMBUJACEM.NS,-0.0303104641413326,1.9010827743917549,1.3214564420692874
1383,1383,2021-11-23,AMBUJACEM.NS,0.0182658885951292,1.9358077405589136,1.3214564420692874
1384,1384,2021-11-24,AMBUJACEM.NS,-0.0058109885497668,1.924558783943976,1.3214564420692874
1385,1385,2021-11-25,AMBUJACEM.NS,-0.0073696891189839,1.910375384015099,1.3214564420692874
1386,1386,2021-11-26,AMBUJACEM.NS,-0.0467230188781686,1.821116878883373,1.3214564420692874
1387,1387,2021-11-29,AMBUJACEM.NS,-0.0085940535251892,1.805466102950624,1.3214564420692874
1388,1388,2021-11-30,AMBUJACEM.NS,0.0147637229838695,1.832121504351353,1.3214564420692874
1389,1389,2021-12-01,AMBUJACEM.NS,-0.0085426018904221,1.816470419724798,1.3214564420692874
1390,1390,2021-12-02,AMBUJACEM.NS,0.0160205602089329,1.845571293451745,1.3214564420692874
1391,1391,2021-12-03,AMBUJACEM.NS,-0.001987489811658,1.841903239309321,1.3214564420692874
1392,1392,2021-12-06,AMBUJACEM.NS,-0.0171270376097464,1.810356893256157,1.3214564420692874
1393,1393,2021-12-07,AMBUJACEM.NS,0.0070242131074709,1.823073225874967,1.3214564420692874
1394,1394,2021-12-08,AMBUJACEM.NS,0.0112676332983421,1.843614946460152,1.3214564420692874
1395,1395,2021-12-09,AMBUJACEM.NS,0.0015916790648575,1.8465493897740908,1.3214564420692874
1396,1396,2021-12-10,AMBUJACEM.NS,0.0002648025503293,1.847038360761812,1.3214564420692874
1397,1397,2021-12-13,AMBUJACEM.NS,0.0058255344641453,1.8577983463890289,1.3214564420692874
1398,1398,2021-12-14,AMBUJACEM.NS,-0.0034223369693812,1.8514403344265264,1.3214564420692874
1399,1399,2021-12-15,AMBUJACEM.NS,0.0009244439435083,1.853151887230453,1.3214564420692874
1400,1400,2021-12-16,AMBUJACEM.NS,-0.0084453235305678,1.8375014199915105,1.3214564420692874
1401,1401,2021-12-17,AMBUJACEM.NS,-0.0188980941637177,1.8027761451305453,1.3214564420692874
1402,1402,2021-12-20,AMBUJACEM.NS,-0.0496473124893194,1.7132731545049589,1.3214564420692874
1403,1403,2021-12-21,AMBUJACEM.NS,0.0318298516073571,1.7678063847757202,1.3214564420692874
1404,1404,2021-12-22,AMBUJACEM.NS,0.0063632288647745,1.7790553413906578,1.3214564420692874
1405,1405,2021-12-23,AMBUJACEM.NS,0.0155326802265036,1.806688839113732,1.3214564420692874
1406,1406,2021-12-24,AMBUJACEM.NS,-0.0040606121391381,1.7993525764819815,1.3214564420692874
1407,1407,2021-12-27,AMBUJACEM.NS,0.0055721266542612,1.8093787969338104,1.3214564420692874
1408,1408,2021-12-28,AMBUJACEM.NS,0.0277065064456409,1.8595103622336635,1.3214564420692874
1409,1409,2021-12-29,AMBUJACEM.NS,-0.0115729235456276,1.8379903909792308,1.3214564420692874
1410,1410,2021-12-30,AMBUJACEM.NS,-0.0129057526684606,1.8142697415862457,1.3214564420692874
1411,1411,2021-12-31,AMBUJACEM.NS,0.0176573317405241,1.846304904280229,1.3214564420692874
1412,1412,2022-01-03,AMBUJACEM.NS,0.0251655088798765,1.8927681067438529,1.3214564420692874
1413,1413,2022-01-04,AMBUJACEM.NS,0.0089148906987299,1.9096419275335164,1.3214564420692874
1414,1414,2022-01-05,AMBUJACEM.NS,0.0083236060386655,1.9255370346132232,1.3214564420692874
1415,1415,2022-01-06,AMBUJACEM.NS,-0.0168911019579754,1.8930125922377128,1.3214564420692874
1416,1416,2022-01-07,AMBUJACEM.NS,0.0263531926114228,1.942899517696803,1.3214564420692874
1417,1417,2022-01-10,AMBUJACEM.NS,0.0052863569109162,1.953170377989396,1.3214564420692874
1418,1418,2022-01-11,AMBUJACEM.NS,-0.0042568528827755,1.9448560190353,1.3214564420692874
1419,1419,2022-01-12,AMBUJACEM.NS,0.0006286233038539,1.9460786008515056,1.3214564420692874
1420,1420,2022-01-13,AMBUJACEM.NS,-0.0037697668678646,1.9387423382197555,1.3214564420692874
1421,1421,2022-01-14,AMBUJACEM.NS,0.0158930768005358,1.9695549190975323,1.3214564420692874
1422,1422,2022-01-17,AMBUJACEM.NS,0.0126644783114362,1.994498304653625,1.3214564420692874
1423,1423,2022-01-18,AMBUJACEM.NS,-0.0665767747064948,1.8617110403722152,1.3214564420692874
1424,1424,2022-01-19,AMBUJACEM.NS,-0.0152371167900943,1.833343931820656,1.3214564420692874
1425,1425,2022-01-20,AMBUJACEM.NS,0.0006670273311983,1.8345668223306668,1.3214564420692874
1426,1426,2022-01-21,AMBUJACEM.NS,-0.0171954443535531,1.803020630624405,1.3214564420692874
1427,1427,2022-01-24,AMBUJACEM.NS,-0.0428590677382539,1.725744847283004,1.3214564420692874
1428,1428,2022-01-25,AMBUJACEM.NS,-0.0038260616339453,1.7191420411328358,1.3214564420692874
1429,1429,2022-01-27,AMBUJACEM.NS,0.0004268205638808,1.7198758063082231,1.3214564420692874
1430,1430,2022-01-28,AMBUJACEM.NS,0.0257358840462342,1.7641383306332954,1.3214564420692874
1431,1431,2022-01-31,AMBUJACEM.NS,0.0123370724525768,1.7859026330346863,1.3214564420692874
1432,1432,2022-02-01,AMBUJACEM.NS,0.0417635708659436,1.8604883042091056,1.3214564420692874
1433,1433,2022-02-02,AMBUJACEM.NS,-0.0010515234023066,1.858531957217512,1.3214564420692874
1434,1434,2022-02-03,AMBUJACEM.NS,0.0050000560572331,1.867824721187759,1.3214564420692874
1435,1435,2022-02-04,AMBUJACEM.NS,-0.0039277866362043,1.8604883042091056,1.3214564420692874
1436,1436,2022-02-07,AMBUJACEM.NS,0.0059149124684545,1.871492929677086,1.3214564420692874
1437,1437,2022-02-08,AMBUJACEM.NS,-0.0165948082833508,1.840435863305448,1.3214564420692874
1438,1438,2022-02-09,AMBUJACEM.NS,0.0172732824545274,1.872226231811765,1.3214564420692874
1439,1439,2022-02-10,AMBUJACEM.NS,-0.020767949583466,1.833343931820656,1.3214564420692874
1440,1440,2022-02-11,AMBUJACEM.NS,-0.0185406320923747,1.799352576481981,1.3214564420692874
1441,1441,2022-02-14,AMBUJACEM.NS,-0.0347921876140594,1.7367491640571788,1.3214564420692874
1442,1442,2022-02-15,AMBUJACEM.NS,0.0237961402369037,1.778077090721409,1.3214564420692874
1443,1443,2022-02-16,AMBUJACEM.NS,-0.0078392327086663,1.7641383306332954,1.3214564420692874
1444,1444,2022-02-17,AMBUJACEM.NS,-0.0024952542486471,1.759736356968581,1.3214564420692874
1445,1445,2022-02-18,AMBUJACEM.NS,-0.0596164764392307,1.6548270759041062,1.3214564420692874
1446,1446,2022-02-21,AMBUJACEM.NS,0.0005911497844652,1.655805326573354,1.3214564420692874
1447,1447,2022-02-22,AMBUJACEM.NS,-0.0035445235503178,1.649936285598573,1.3214564420692874
1448,1448,2022-02-23,AMBUJACEM.NS,-0.0189713700696889,1.6186347337330744,1.3214564420692874
1449,1449,2022-02-24,AMBUJACEM.NS,-0.0725185067367267,1.5012537598905524,1.3214564420692874
1450,1450,2022-02-25,AMBUJACEM.NS,0.0057013366896654,1.5098129130323146,1.3214564420692874
1451,1451,2022-02-28,AMBUJACEM.NS,0.0179785308545488,1.5369571310738623,1.3214564420692874
1452,1452,2022-03-02,AMBUJACEM.NS,-0.0321399986543226,1.4875593309493969,1.3214564420692874
1453,1453,2022-03-03,AMBUJACEM.NS,-0.0458655045162955,1.4193316717374798,1.3214564420692874
1454,1454,2022-03-04,AMBUJACEM.NS,0.0082701472695192,1.4310697536870416,1.3214564420692874
1455,1455,2022-03-07,AMBUJACEM.NS,-0.038961040361743,1.375313787253171,1.3214564420692874
1456,1456,2022-03-08,AMBUJACEM.NS,0.00604542689178,1.3836281462072673,1.3214564420692874
1457,1457,2022-03-09,AMBUJACEM.NS,0.0309296601391837,1.426423294528467,1.3214564420692874
1458,1458,2022-03-10,AMBUJACEM.NS,0.0053146232970207,1.434004197000981,1.3214564420692874
1459,1459,2022-03-11,AMBUJACEM.NS,0.0008526726530271,1.43522693316409,1.3214564420692874
1460,1460,2022-03-14,AMBUJACEM.NS,-0.0076674084542273,1.4242224620430128,1.3214564420692874
1461,1461,2022-03-15,AMBUJACEM.NS,0.0133929210053695,1.4432969609712278,1.3214564420692874
1462,1462,2022-03-16,AMBUJACEM.NS,0.0482886632159105,1.5129918418401147,1.3214564420692874
1463,1463,2022-03-17,AMBUJACEM.NS,-0.010182665902647,1.4975855514012262,1.3214564420692874
1464,1464,2022-03-21,AMBUJACEM.NS,-0.0191051482959684,1.468973957355806,1.3214564420692874
1465,1465,2022-03-22,AMBUJACEM.NS,0.0018311814219773,1.4716639151758846,1.3214564420692874
1466,1466,2022-03-23,AMBUJACEM.NS,-0.0101361531009469,1.4567469044185228,1.3214564420692874
1467,1467,2022-03-24,AMBUJACEM.NS,-0.0026861239005375,1.4528339017415302,1.3214564420692874
1468,1468,2022-03-25,AMBUJACEM.NS,0.0025248643254602,1.4565021102308566,1.3214564420692874
1469,1469,2022-03-28,AMBUJACEM.NS,-0.0201477256145228,1.427156905356952,1.3214564420692874
1470,1470,2022-03-29,AMBUJACEM.NS,0.0364977855222732,1.4792449719953011,1.3214564420692874
1471,1471,2022-03-30,AMBUJACEM.NS,0.0232988706682812,1.513709709284525,1.3214564420692874
1472,1472,2022-03-31,AMBUJACEM.NS,-0.0125391651351375,1.4947290532731454,1.3214564420692874
1473,1473,2022-04-01,AMBUJACEM.NS,0.0190475885611001,1.523200037290215,1.3214564420692874
1474,1474,2022-04-04,AMBUJACEM.NS,0.021970924375998,1.5566661501190358,1.3214564420692874
1475,1475,2022-04-05,AMBUJACEM.NS,0.0165248079347157,1.5823897592682263,1.3214564420692874
1476,1476,2022-04-06,AMBUJACEM.NS,0.0123107667805548,1.601870190550516,1.3214564420692874
1477,1477,2022-04-07,AMBUJACEM.NS,0.0152790764181216,1.6263452876038484,1.3214564420692874
1478,1478,2022-04-08,AMBUJACEM.NS,0.0360872047579621,1.6850355430047552,1.3214564420692874
1479,1479,2022-04-11,AMBUJACEM.NS,0.0677337781850049,1.7991693667084887,1.3214564420692874
1480,1480,2022-04-12,AMBUJACEM.NS,-0.0015269382481774,1.7964221461875125,1.3214564420692874
1481,1481,2022-04-13,AMBUJACEM.NS,0.0265536292597703,1.8441236738514168,1.3214564420692874
1482,1482,2022-04-18,AMBUJACEM.NS,-0.0157096865854837,1.81515306891034,1.3214564420692874
1483,1483,2022-04-19,AMBUJACEM.NS,-0.0251788721245534,1.7694495619017556,1.3214564420692874
1484,1484,2022-04-20,AMBUJACEM.NS,0.0481297803544766,1.854612780664412,1.3214564420692874
1485,1485,2022-04-21,AMBUJACEM.NS,0.0162941968511152,1.884832206395152,1.3214564420692874
1486,1486,2022-04-22,AMBUJACEM.NS,-0.0083476761803593,1.8690982374818528,1.3214564420692874
1487,1487,2022-04-25,AMBUJACEM.NS,0.0057455484324455,1.879837231930304,1.3214564420692874
1488,1488,2022-04-26,AMBUJACEM.NS,0.0233824604041283,1.9237924515721203,1.3214564420692874
1489,1489,2022-04-27,AMBUJACEM.NS,-0.0015577561187418,1.9207956521094949,1.3214564420692874
1490,1490,2022-04-28,AMBUJACEM.NS,-0.0031205337290692,1.9148017444904373,1.3214564420692874
1491,1491,2022-04-29,AMBUJACEM.NS,-0.029085675188895,1.8591084428990587,1.3214564420692874
1492,1492,2022-05-02,AMBUJACEM.NS,0.0159859692818598,1.8888280933588888,1.3214564420692874
1493,1493,2022-05-04,AMBUJACEM.NS,-0.0265767227446079,1.838629232809464,1.3214564420692874
1494,1494,2022-05-05,AMBUJACEM.NS,-0.0047541548801967,1.8298881046694304,1.3214564420692874
1495,1495,2022-05-06,AMBUJACEM.NS,-0.0025932708732789,1.825142709146232,1.3214564420692874
1496,1496,2022-05-09,AMBUJACEM.NS,0.0036946490802194,1.831885970977848,1.3214564420692874
1497,1497,2022-05-10,AMBUJACEM.NS,-0.0233128041421468,1.7891795721256945,1.3214564420692874
1498,1498,2022-05-11,AMBUJACEM.NS,0.0023729425030518,1.7934251923779836,1.3214564420692874
1499,1499,2022-05-12,AMBUJACEM.NS,0.0403842903326527,1.8658513960368697,1.3214564420692874
1500,1500,2022-05-13,AMBUJACEM.NS,-0.0386828610915312,1.7936749256665356,1.3214564420692874
1501,1501,2022-05-16,AMBUJACEM.NS,0.0247842236793849,1.8381297662323592,1.3214564420692874
1502,1502,2022-05-17,AMBUJACEM.NS,0.0021738033354545,1.8421254988491933,1.3214564420692874
1503,1503,2022-05-18,AMBUJACEM.NS,-0.0208783952434229,1.8036648745962325,1.3214564420692874
1504,1504,2022-05-19,AMBUJACEM.NS,0.0080308675856293,1.818149868372965,1.3214564420692874
1505,1505,2022-05-20,AMBUJACEM.NS,-0.0027471993397417,1.81315504825502,1.3214564420692874
1506,1506,2022-05-23,AMBUJACEM.NS,0.0012397772010386,1.8154029565457943,1.3214564420692874
1507,1507,2022-05-24,AMBUJACEM.NS,-0.0055028823731261,1.8054130076160977,1.3214564420692874
1508,1508,2022-05-25,AMBUJACEM.NS,0.0006916237101943,1.8066616740588584,1.3214564420692874
1509,1509,2022-05-26,AMBUJACEM.NS,0.0102293834826601,1.8251427091462311,1.3214564420692874
1510,1510,2022-05-27,AMBUJACEM.NS,0.0024630993868128,1.8296382170339751,1.3214564420692874
1511,1511,2022-05-30,AMBUJACEM.NS,0.0143325517449077,1.855861601454076,1.3214564420692874
1512,1512,2022-05-31,AMBUJACEM.NS,-0.0057865276376409,1.8451226070056248,1.3214564420692874
1513,1513,2022-06-01,AMBUJACEM.NS,0.0060909020261765,1.8563610680311795,1.3214564420692874
1514,1514,2022-06-02,AMBUJACEM.NS,0.0049778003192764,1.8656016627483167,1.3214564420692874
1515,1515,2022-06-03,AMBUJACEM.NS,-0.0176707024672397,1.832635170843504,1.3214564420692874
1516,1516,2022-06-06,AMBUJACEM.NS,-0.0054510547116677,1.822645376260709,1.3214564420692874
1517,1517,2022-06-07,AMBUJACEM.NS,-0.0042476097615338,1.81490348996869,1.3214564420692874
1518,1518,2022-06-08,AMBUJACEM.NS,-0.0008258636232204,1.813404627196669,1.3214564420692874
1519,1519,2022-06-09,AMBUJACEM.NS,0.0061975221657128,1.8246432425691268,1.3214564420692874
1520,1520,2022-06-10,AMBUJACEM.NS,-0.0004106007400118,1.8238940427034704,1.3214564420692874
1521,1521,2022-06-13,AMBUJACEM.NS,-0.0067094874445802,1.811656648523707,1.3214564420692874
1522,1522,2022-06-14,AMBUJACEM.NS,-0.0086850218665474,1.7959223709166023,1.3214564420692874
1523,1523,2022-06-15,AMBUJACEM.NS,0.0066752764334148,1.8079106491954244,1.3214564420692874
1524,1524,2022-06-16,AMBUJACEM.NS,-0.0070453281544882,1.7951733253978488,1.3214564420692874
1525,1525,2022-06-17,AMBUJACEM.NS,-0.0057039215804284,1.7849337975265025,1.3214564420692874
1526,1526,2022-06-20,AMBUJACEM.NS,-0.0001399117933102,1.7846840642379505,1.3214564420692874
1527,1527,2022-06-21,AMBUJACEM.NS,0.0044779768518226,1.7926758381654246,1.3214564420692874
1528,1528,2022-06-22,AMBUJACEM.NS,-0.0026469296502872,1.787930751336031,1.3214564420692874
1529,1529,2022-06-23,AMBUJACEM.NS,0.0027937180794703,1.7929257258008795,1.3214564420692874
1530,1530,2022-06-24,AMBUJACEM.NS,0.0045966807756885,1.8011672330169055,1.3214564420692874
1531,1531,2022-06-27,AMBUJACEM.NS,0.0126178231926292,1.8238940427034704,1.3214564420692874
1532,1532,2022-06-28,AMBUJACEM.NS,0.0035602553607987,1.8303875712465345,1.3214564420692874
1533,1533,2022-06-29,AMBUJACEM.NS,-0.0025923945856789,1.8256424844171408,1.3214564420692874
1534,1534,2022-06-30,AMBUJACEM.NS,-0.0068400227693582,1.81315504825502,1.3214564420692874
1535,1535,2022-07-01,AMBUJACEM.NS,0.0125343994758952,1.8358818579415843,1.3214564420692874
1536,1536,2022-07-04,AMBUJACEM.NS,0.0027207494007532,1.8408768324064329,1.3214564420692874
1537,1537,2022-07-05,AMBUJACEM.NS,-0.0051554140861158,1.8313863500538403,1.3214564420692874
1538,1538,2022-07-06,AMBUJACEM.NS,0.0043639522709364,1.83937843267512,1.3214564420692874
1539,1539,2022-07-07,AMBUJACEM.NS,-0.0035301163338178,1.832885212825861,1.3214564420692874
1540,1540,2022-07-08,AMBUJACEM.NS,0.0040877122571241,1.840377520176231,1.3214564420692874
1541,1541,2022-07-11,AMBUJACEM.NS,0.0020355354453722,1.844123673851416,1.3214564420692874
1542,1542,2022-07-12,AMBUJACEM.NS,0.004604485385107,1.852614914355995,1.3214564420692874
1543,1543,2022-07-13,AMBUJACEM.NS,0.000808802584769,1.854113314087308,1.3214564420692874
1544,1544,2022-07-14,AMBUJACEM.NS,-0.0035021452825053,1.847619939891146,1.3214564420692874
1545,1545,2022-07-15,AMBUJACEM.NS,-0.0020274728841165,1.843873940562864,1.3214564420692874
1546,1546,2022-07-18,AMBUJACEM.NS,0.0041987906378018,1.851615981201786,1.3214564420692874
1547,1547,2022-07-19,AMBUJACEM.NS,0.0006743657731611,1.8528646476445467,1.3214564420692874
1548,1548,2022-07-20,AMBUJACEM.NS,-0.0083569167582916,1.8373804120198,1.3214564420692874
1549,1549,2022-07-21,AMBUJACEM.NS,0.0078836708913287,1.851865714490338,1.3214564420692874
1550,1550,2022-07-22,AMBUJACEM.NS,0.0048549454808375,1.860856421572021,1.3214564420692874
1551,1551,2022-07-25,AMBUJACEM.NS,-0.0037578615374087,1.853863580798756,1.3214564420692874
1552,1552,2022-07-26,AMBUJACEM.NS,-0.0032331145259197,1.8478698275266008,1.3214564420692874
1553,1553,2022-07-27,AMBUJACEM.NS,0.0024327219774231,1.8523651810674424,1.3214564420692874
1554,1554,2022-07-28,AMBUJACEM.NS,0.0,1.8523651810674424,1.3214564420692874
1555,1555,2022-07-29,AMBUJACEM.NS,0.0106510863688142,1.872094882597576,1.3214564420692874
1556,1556,2022-08-01,AMBUJACEM.NS,0.0016009381705441,1.875091990754007,1.3214564420692874
1557,1557,2022-08-02,AMBUJACEM.NS,0.0086574898284208,1.8913255805913127,1.3214564420692874
1558,1558,2022-08-03,AMBUJACEM.NS,0.0081869752006979,1.90680981621606,1.3214564420692874
1559,1559,2022-08-04,AMBUJACEM.NS,-0.0013097725904203,1.904312328983636,1.3214564420692874
1560,1560,2022-08-05,AMBUJACEM.NS,0.0036721081236701,1.911305169756902,1.3214564420692874
1561,1561,2022-08-08,AMBUJACEM.NS,-0.0064026375135689,1.899067775577138,1.3214564420692874
1562,1562,2022-08-10,AMBUJACEM.NS,-0.0003945905576389,1.898318421364579,1.3214564420692874
1563,1563,2022-08-11,AMBUJACEM.NS,0.0003947463208098,1.899067775577138,1.3214564420692874
1564,1564,2022-08-12,AMBUJACEM.NS,0.0120987723153964,1.9220441642053523,1.3214564420692874
1565,1565,2022-08-16,AMBUJACEM.NS,0.0293659515504802,1.97848682000929,1.3214564420692874
1566,1566,2022-08-17,AMBUJACEM.NS,0.0055541071215985,1.9894755477462924,1.3214564420692874
1567,1567,2022-08-18,AMBUJACEM.NS,0.0283706205225173,2.04591820355023,1.3214564420692874
1568,1568,2022-08-19,AMBUJACEM.NS,0.0264892808353836,2.1001131054102955,1.3214564420692874
1569,1569,2022-08-22,AMBUJACEM.NS,-0.029611181404581,2.0379262752758533,1.3214564420692874
1570,1570,2022-08-23,AMBUJACEM.NS,-0.0062499881660569,2.0251892601720827,1.3214564420692874
1571,1571,2022-08-24,AMBUJACEM.NS,-0.0032063048742464,2.018695885975921,1.3214564420692874
1572,1572,2022-08-25,AMBUJACEM.NS,-0.0173203466668929,1.9837313734157875,1.3214564420692874
1573,1573,2022-08-26,AMBUJACEM.NS,0.0143523154120146,2.01220251177976,1.3214564420692874
1574,1574,2022-08-29,AMBUJACEM.NS,0.0014894664621902,2.015199619936191,1.3214564420692874
1575,1575,2022-08-30,AMBUJACEM.NS,0.0193331173967266,2.054159710766256,1.3214564420692874
1576,1576,2022-09-01,AMBUJACEM.NS,-0.0035258086427545,2.046917136704438,1.3214564420692874
1577,1577,2022-09-02,AMBUJACEM.NS,0.0141532866287492,2.0758877416455146,1.3214564420692874
1578,1578,2022-09-05,AMBUJACEM.NS,0.0056545621716324,2.0876259779419786,1.3214564420692874
1579,1579,2022-09-06,AMBUJACEM.NS,0.044383128369319,2.1802813497081024,1.3214564420692874
1580,1580,2022-09-07,AMBUJACEM.NS,0.0284078460122507,2.2422184465539923,1.3214564420692874
1581,1581,2022-09-08,AMBUJACEM.NS,0.0289596655527972,2.3071523428625085,1.3214564420692874
1582,1582,2022-09-09,AMBUJACEM.NS,-0.015587740219538,2.271189051495069,1.3214564420692874
1583,1583,2022-09-12,AMBUJACEM.NS,0.0460742540486693,2.3758323928462093,1.3214564420692874
1584,1584,2022-09-13,AMBUJACEM.NS,0.0228109762162318,2.430027449053177,1.3214564420692874
1585,1585,2022-09-14,AMBUJACEM.NS,0.0783143526897407,2.620333475744079,1.3214564420692874
1586,1586,2022-09-15,AMBUJACEM.NS,0.0269729886062892,2.691011700730002,1.3214564420692874
1587,1587,2022-09-16,AMBUJACEM.NS,-0.0409280206263004,2.5808739183369087,1.3214564420692874
1588,1588,2022-09-19,AMBUJACEM.NS,0.0932842062393044,2.821628693212691,1.3214564420692874
1589,1589,2022-09-20,AMBUJACEM.NS,0.016728548482136,2.868830445605685,1.3214564420692874
1590,1590,2022-09-21,AMBUJACEM.NS,-0.0574561653637777,2.703998449122325,1.3214564420692874
1591,1591,2022-09-22,AMBUJACEM.NS,-0.0134848125757178,2.667535536830879,1.3214564420692874
1592,1592,2022-09-23,AMBUJACEM.NS,0.0099242434411974,2.694008808886434,1.3214564420692874
1593,1593,2022-09-26,AMBUJACEM.NS,-0.0521924579268563,2.5534018674740486,1.3214564420692874
1594,1594,2022-09-27,AMBUJACEM.NS,-0.0133998328987758,2.519186709126474,1.3214564420692874
1595,1595,2022-09-28,AMBUJACEM.NS,-0.0085258242932106,2.49770856588267,1.3214564420692874
1596,1596,2022-09-29,AMBUJACEM.NS,0.0125987227879316,2.529176503709268,1.3214564420692874
1597,1597,2022-09-30,AMBUJACEM.NS,0.018267929964961,2.575379322948054,1.3214564420692874
1598,1598,2022-10-03,AMBUJACEM.NS,-0.0522691466251011,2.4407664435016283,1.3214564420692874
1599,1599,2022-10-04,AMBUJACEM.NS,0.0072649268084741,2.458498433070248,1.3214564420692874
1600,1600,2022-10-06,AMBUJACEM.NS,0.0298659092771116,2.5319237242302446,1.3214564420692874
1601,1601,2022-10-07,AMBUJACEM.NS,0.029394278056275,2.606347794197548,1.3214564420692874
1602,1602,2022-10-10,AMBUJACEM.NS,0.0016291315005811,2.6105938774905453,1.3214564420692874
1603,1603,2022-10-11,AMBUJACEM.NS,-0.0429542537079763,2.4984577657483267,1.3214564420692874
1604,1604,2022-10-12,AMBUJACEM.NS,0.0104958285785734,2.5246811501684268,1.3214564420692874
1605,1605,2022-10-13,AMBUJACEM.NS,-0.0170146003710784,2.4817247093339163,1.3214564420692874
1606,1606,2022-10-14,AMBUJACEM.NS,0.0100634521965341,2.506699427311256,1.3214564420692874
1607,1607,2022-10-17,AMBUJACEM.NS,0.0372620366690197,2.600104153289939,1.3214564420692874
1608,1608,2022-10-18,AMBUJACEM.NS,-0.0243971718606473,2.536668965406541,1.3214564420692874
1609,1609,2022-10-19,AMBUJACEM.NS,0.0056118535879994,2.5509043802416245,1.3214564420692874
1610,1610,2022-10-20,AMBUJACEM.NS,0.013706651838482,2.585868738454855,1.3214564420692874
1611,1611,2022-10-21,AMBUJACEM.NS,-0.0098512464413652,2.560394708247314,1.3214564420692874
1612,1612,2022-10-24,AMBUJACEM.NS,0.0083886063248843,2.5818728514911182,1.3214564420692874
1613,1613,2022-10-25,AMBUJACEM.NS,-0.0073515068723921,2.5628921954797383,1.3214564420692874
1614,1614,2022-10-27,AMBUJACEM.NS,0.0282596796230574,2.63531870783243,1.3214564420692874
1615,1615,2022-10-28,AMBUJACEM.NS,-0.0142152997792315,2.5978568623867746,1.3214564420692874
1616,1616,2022-10-31,AMBUJACEM.NS,0.0247067276974557,2.662041404482731,1.3214564420692874
1617,1617,2022-11-01,AMBUJACEM.NS,0.0208274627920745,2.717484972785557,1.3214564420692874
1618,1618,2022-11-02,AMBUJACEM.NS,0.0017461885617833,2.7222302139618533,1.3214564420692874
1619,1619,2022-11-03,AMBUJACEM.NS,-0.0100918008583048,2.694758008752089,1.3214564420692874
1620,1620,2022-11-04,AMBUJACEM.NS,0.0354030849241941,2.790160755386092,1.3214564420692874
1621,1621,2022-11-07,AMBUJACEM.NS,0.0170069423338983,2.8376128584552496,1.3214564420692874
1622,1622,2022-11-09,AMBUJACEM.NS,-0.0063370277934128,2.819630826904273,1.3214564420692874
1623,1623,2022-11-10,AMBUJACEM.NS,-0.0112487642420082,2.787913464482928,1.3214564420692874
1624,1624,2022-11-11,AMBUJACEM.NS,-0.0010751470188808,2.7849160476326915,1.3214564420692874
1625,1625,2022-11-14,AMBUJACEM.NS,0.0408035680537393,2.898550559106223,1.3214564420692874
1626,1626,2022-11-15,AMBUJACEM.NS,0.010598071701126,2.929269605760969,1.3214564420692874
1627,1627,2022-11-16,AMBUJACEM.NS,-0.0157728121535549,2.883066786522184,1.3214564420692874
1628,1628,2022-11-17,AMBUJACEM.NS,-0.0051976708130397,2.868081554433833,1.3214564420692874
1629,1629,2022-11-18,AMBUJACEM.NS,-0.0001741465741558,2.867582087856729,1.3214564420692874
1630,1630,2022-11-21,AMBUJACEM.NS,-0.0175056402960533,2.817383227307304,1.3214564420692874
1631,1631,2022-11-22,AMBUJACEM.NS,0.0031912647482044,2.826374243082792,1.3214564420692874
1632,1632,2022-11-23,AMBUJACEM.NS,-0.0052133511505949,2.811639361670604,1.3214564420692874
1633,1633,2022-11-24,AMBUJACEM.NS,-0.0089716037733984,2.7864144473640047,1.3214564420692874
1634,1634,2022-11-25,AMBUJACEM.NS,0.0121898191174907,2.8203803354637347,1.3214564420692874
1635,1635,2022-11-28,AMBUJACEM.NS,0.0067298214261086,2.839360991475114,1.3214564420692874
1636,1636,2022-11-29,AMBUJACEM.NS,-0.0061571094103762,2.8218787351950474,1.3214564420692874
1637,1637,2022-11-30,AMBUJACEM.NS,0.0102664244851309,2.8508493401361243,1.3214564420692874
1638,1638,2022-12-01,AMBUJACEM.NS,0.0178711865610721,2.901797400551206,1.3214564420692874
1639,1639,2022-12-02,AMBUJACEM.NS,-0.0051639079619733,2.8868127858504664,1.3214564420692874
1640,1640,2022-12-05,AMBUJACEM.NS,-0.0079591920316545,2.863836088528447,1.3214564420692874
1641,1641,2022-12-06,AMBUJACEM.NS,0.0133425012592605,2.902046825145953,1.3214564420692874
1642,1642,2022-12-07,AMBUJACEM.NS,0.0017212965398663,2.9070421083046067,1.3214564420692874
1643,1643,2022-12-08,AMBUJACEM.NS,0.0098797576995794,2.935762979957131,1.3214564420692874
1644,1644,2022-12-09,AMBUJACEM.NS,-0.0114846310963667,2.902046825145953,1.3214564420692874
1645,1645,2022-12-12,AMBUJACEM.NS,0.0069708148651006,2.9222764562938983,1.3214564420692874
1646,1646,2022-12-13,AMBUJACEM.NS,-0.0008546903815166,2.919778814714572,1.3214564420692874
1647,1647,2022-12-14,AMBUJACEM.NS,-0.0040200898768778,2.908041041458815,1.3214564420692874
1648,1648,2022-12-15,AMBUJACEM.NS,-0.0360700648619374,2.80314781247222,1.3214564420692874
1649,1649,2022-12-16,AMBUJACEM.NS,-0.0091767417264401,2.777424048976126,1.3214564420692874
1650,1650,2022-12-19,AMBUJACEM.NS,0.0140273634116205,2.816383985459289,1.3214564420692874
1651,1651,2022-12-20,AMBUJACEM.NS,-0.0066506992013636,2.7976530627364613,1.3214564420692874
1652,1652,2022-12-21,AMBUJACEM.NS,-0.0373145428260395,2.693259917714581,1.3214564420692874
1653,1653,2022-12-22,AMBUJACEM.NS,-0.0117769132842091,2.66154162921182,1.3214564420692874
1654,1654,2022-12-23,AMBUJACEM.NS,-0.0780707072312089,2.453753191893949,1.3214564420692874
1655,1655,2022-12-26,AMBUJACEM.NS,0.0466158805473839,2.56813705758004,1.3214564420692874
1656,1656,2022-12-27,AMBUJACEM.NS,0.0177963058968309,2.6138404102417216,1.3214564420692874
1657,1657,2022-12-28,AMBUJACEM.NS,-0.009363653939021,2.5893653131883894,1.3214564420692874
1658,1658,2022-12-29,AMBUJACEM.NS,0.0083912574130007,2.6110933440676485,1.3214564420692874
1659,1659,2022-12-30,AMBUJACEM.NS,0.0025823660445642,2.6178361428585566,1.3214564420692874
1660,1660,2023-01-02,AMBUJACEM.NS,0.0045792840284586,2.6298239580966705,1.3214564420692874
1661,1661,2023-01-03,AMBUJACEM.NS,0.0084522030768385,2.652051764246839,1.3214564420692874
1662,1662,2023-01-04,AMBUJACEM.NS,-0.0227894689976552,2.591612912785359,1.3214564420692874
1663,1663,2023-01-05,AMBUJACEM.NS,0.0113712054292485,2.6210826756097343,1.3214564420692874
1664,1664,2023-01-06,AMBUJACEM.NS,-0.0094330600755021,2.5963578452678497,1.3214564420692874
1665,1665,2023-01-09,AMBUJACEM.NS,0.0095228900696213,2.6210826756097343,1.3214564420692874
1666,1666,2023-01-10,AMBUJACEM.NS,-0.0196282906769873,2.5696353029644508,1.3214564420692874
1667,1667,2023-01-11,AMBUJACEM.NS,-0.0123431977805008,2.5379177861962035,1.3214564420692874
1668,1668,2023-01-12,AMBUJACEM.NS,0.0045266219325903,2.5494059805103104,1.3214564420692874
1669,1669,2023-01-13,AMBUJACEM.NS,0.0161637649852031,2.5906139796311503,1.3214564420692874
1670,1670,2023-01-16,AMBUJACEM.NS,-0.0031814141260076,2.5823721637213186,1.3214564420692874
1671,1671,2023-01-17,AMBUJACEM.NS,0.0009671888562055,2.584869805300645,1.3214564420692874
1672,1672,2023-01-18,AMBUJACEM.NS,0.0057005540765637,2.5996049954066383,1.3214564420692874
1673,1673,2023-01-19,AMBUJACEM.NS,-0.0023058181236972,2.593610779093776,1.3214564420692874
1674,1674,2023-01-20,AMBUJACEM.NS,-0.0028886959692868,2.5861186260903084,1.3214564420692874
1675,1675,2023-01-23,AMBUJACEM.NS,-0.0321583672207521,2.502953273636069,1.3214564420692874
1676,1676,2023-01-24,AMBUJACEM.NS,-0.0042905910024251,2.492214124840716,1.3214564420692874
1677,1677,2023-01-25,AMBUJACEM.NS,-0.0776630790081722,2.2986611023579284,1.3214564420692874
1678,1678,2023-01-27,AMBUJACEM.NS,-0.1732942102380456,1.900316442019896,1.3214564420692874
1679,1679,2023-01-30,AMBUJACEM.NS,0.0185306461193131,1.9355305335216788,1.3214564420692874
1680,1680,2023-01-31,AMBUJACEM.NS,0.0353549707451246,2.003961158910633,1.3214564420692874
1681,1681,2023-02-01,AMBUJACEM.NS,-0.1672483542172951,1.6688019531674465,1.3214564420692874
1682,1682,2023-02-02,AMBUJACEM.NS,0.0552229782017625,1.760958167050271,1.3214564420692874
1683,1683,2023-02-03,AMBUJACEM.NS,0.0597079014081136,1.8661012836723208,1.3214564420692874
1684,1684,2023-02-06,AMBUJACEM.NS,0.0164614526712558,1.896820021633263,1.3214564420692874
1685,1685,2023-02-07,AMBUJACEM.NS,0.0113231559409665,1.918298010530164,1.3214564420692874
1686,1686,2023-02-08,AMBUJACEM.NS,0.0015623788066188,1.9212951186865952,1.3214564420692874
1687,1687,2023-02-09,AMBUJACEM.NS,-0.0698038111161222,1.7871813971234685,1.3214564420692874
1688,1688,2023-02-10,AMBUJACEM.NS,0.008384668405045,1.8021663205180136,1.3214564420692874
1689,1689,2023-02-13,AMBUJACEM.NS,-0.050859205536243,1.7105095732122937,1.3214564420692874
1690,1690,2023-02-14,AMBUJACEM.NS,-0.0173748251820187,1.6807897684055604,1.3214564420692874
1691,1691,2023-02-15,AMBUJACEM.NS,0.0248142072744226,1.7224972341035047,1.3214564420692874
1692,1692,2023-02-16,AMBUJACEM.NS,0.0085544612016514,1.7372322698625953,1.3214564420692874
1693,1693,2023-02-17,AMBUJACEM.NS,0.0158136890152482,1.7647043207254562,1.3214564420692874
1694,1694,2023-02-20,AMBUJACEM.NS,-0.0024058536052906,1.7604587004731669,1.3214564420692874
1695,1695,2023-02-21,AMBUJACEM.NS,0.0011349432138243,1.762456721128487,1.3214564420692874
1696,1696,2023-02-22,AMBUJACEM.NS,-0.0494544874322192,1.6752953273636078,1.3214564420692874
1697,1697,2023-02-23,AMBUJACEM.NS,0.0044722307929794,1.682787634713978,1.3214564420692874
1698,1698,2023-02-24,AMBUJACEM.NS,0.0247848386715392,1.7244952547588248,1.3214564420692874
1699,1699,2023-02-27,AMBUJACEM.NS,-0.0444605330437982,1.6478232765007468,1.3214564420692874
1700,1700,2023-02-28,AMBUJACEM.NS,0.0369809130710816,1.708761285845526,1.3214564420692874
1701,1701,2023-03-01,AMBUJACEM.NS,0.0336158333449252,1.7662027204567692,1.3214564420692874
1702,1702,2023-03-02,AMBUJACEM.NS,0.0483598285495363,1.8516159812017832,1.3214564420692874
1703,1703,2023-03-03,AMBUJACEM.NS,0.0570542619375038,1.957258564400938,1.3214564420692874
1704,1704,2023-03-06,AMBUJACEM.NS,-0.0162053089897521,1.925540584591982,1.3214564420692874
1705,1705,2023-03-08,AMBUJACEM.NS,0.0171207226248633,1.9585072308436984,1.3214564420692874
1706,1706,2023-03-09,AMBUJACEM.NS,-0.0188727303562866,1.921544851975148,1.3214564420692874
1707,1707,2023-03-10,AMBUJACEM.NS,-0.0165064195246081,1.8898270265130943,1.3214564420692874
1708,1708,2023-03-13,AMBUJACEM.NS,-0.0273555513575889,1.838129766232356,1.3214564420692874
1709,1709,2023-03-14,AMBUJACEM.NS,-0.0396740101104359,1.76520378730256,1.3214564420692874
1710,1710,2023-03-15,AMBUJACEM.NS,0.0332484304775895,1.8238940427034669,1.3214564420692874
1711,1711,2023-03-16,AMBUJACEM.NS,0.0373819619764965,1.8920747804569664,1.3214564420692874
1712,1712,2023-03-17,AMBUJACEM.NS,-0.000924005427706,1.8903264930901984,1.3214564420692874
1713,1713,2023-03-20,AMBUJACEM.NS,-0.03448281774722,1.825142709146228,1.3214564420692874
1714,1714,2023-03-21,AMBUJACEM.NS,0.0150520861037846,1.8526149143559911,1.3214564420692874
1715,1715,2023-03-22,AMBUJACEM.NS,0.0125370232549071,1.87584119061966,1.3214564420692874
1716,1716,2023-03-23,AMBUJACEM.NS,-0.0090533438763277,1.8588585552636,1.3214564420692874
1717,1717,2023-03-24,AMBUJACEM.NS,-0.0009405166207062,1.8571102678968328,1.3214564420692874
1718,1718,2023-03-27,AMBUJACEM.NS,-0.0048413180326486,1.848119406468247,1.3214564420692874
1719,1719,2023-03-28,AMBUJACEM.NS,-0.0298647806381981,1.7929257258008755,1.3214564420692874
1720,1720,2023-03-29,AMBUJACEM.NS,0.0137901284136785,1.8176504017958577,1.3214564420692874
1721,1721,2023-03-31,AMBUJACEM.NS,0.0045343240381587,1.825892217705689,1.3214564420692874
1722,1722,2023-04-03,AMBUJACEM.NS,0.0253041578488892,1.8720948825975727,1.3214564420692874
1723,1723,2023-04-05,AMBUJACEM.NS,0.0137407951001959,1.8978189547874715,1.3214564420692874
1724,1724,2023-04-06,AMBUJACEM.NS,0.0096065307492749,1.9160504109331944,1.3214564420692874
1725,1725,2023-04-10,AMBUJACEM.NS,0.001955063033262,1.9197964102614764,1.3214564420692874
1726,1726,2023-04-11,AMBUJACEM.NS,0.0001301636122035,1.920046297896932,1.3214564420692874
1727,1727,2023-04-12,AMBUJACEM.NS,0.030306971705599,1.978237086720734,1.3214564420692874
1728,1728,2023-04-13,AMBUJACEM.NS,-0.0085848100902374,1.961254297017772,1.3214564420692874
1729,1729,2023-04-17,AMBUJACEM.NS,-0.0028014934372904,1.955759855975819,1.3214564420692874
1730,1730,2023-04-18,AMBUJACEM.NS,-0.0217086058806128,1.913303036065316,1.3214564420692874
1731,1731,2023-04-19,AMBUJACEM.NS,-0.007831804172305,1.898318421364576,1.3214564420692874
1732,1732,2023-04-20,AMBUJACEM.NS,0.0017102963662687,1.901565108462656,1.3214564420692874
1733,1733,2023-04-21,AMBUJACEM.NS,-0.0147096531002697,1.8735937453695937,1.3214564420692874
1734,1734,2023-04-24,AMBUJACEM.NS,0.0138628464692163,1.8995670878073363,1.3214564420692874
1735,1735,2023-04-25,AMBUJACEM.NS,0.00578494023951,1.910555969891241,1.3214564420692874
1736,1736,2023-04-26,AMBUJACEM.NS,0.0103267615228039,1.930285825768278,1.3214564420692874
1737,1737,2023-04-27,AMBUJACEM.NS,0.0060810071715107,1.9420239077178405,1.3214564420692874
1738,1738,2023-04-28,AMBUJACEM.NS,0.0198045620313518,1.9804848406646067,1.3214564420692874
1739,1739,2023-05-02,AMBUJACEM.NS,-0.0052963876781207,1.9699954251578056,1.3214564420692874
1740,1740,2023-05-03,AMBUJACEM.NS,-0.027256551081461,1.916300144221747,1.3214564420692874
1741,1741,2023-05-04,AMBUJACEM.NS,0.0121203749494585,1.939526420485416,1.3214564420692874
1742,1742,2023-05-05,AMBUJACEM.NS,0.0315477747490633,2.000714163118748,1.3214564420692874
1743,1743,2023-05-08,AMBUJACEM.NS,0.0123580795020943,2.025439147807535,1.3214564420692874
1744,1744,2023-05-09,AMBUJACEM.NS,0.000369818821545,2.0261881933262886,1.3214564420692874
1745,1745,2023-05-10,AMBUJACEM.NS,0.0065327771977823,2.039424829354066,1.3214564420692874
1746,1746,2023-05-11,AMBUJACEM.NS,0.0095518484697256,2.058905106289453,1.3214564420692874
1747,1747,2023-05-12,AMBUJACEM.NS,-0.00533724553421,2.047916224205547,1.3214564420692874
1748,1748,2023-05-15,AMBUJACEM.NS,-0.0082927170077724,2.030933434502584,1.3214564420692874
1749,1749,2023-05-16,AMBUJACEM.NS,-0.0140187452135502,2.002462296138612,1.3214564420692874
1750,1750,2023-05-17,AMBUJACEM.NS,0.013469786015283,2.029435034771271,1.3214564420692874
1751,1751,2023-05-18,AMBUJACEM.NS,-0.0178439705545813,1.9932218557683767,1.3214564420692874
1752,1752,2023-05-19,AMBUJACEM.NS,0.0102743483789455,2.0137009115110693,1.3214564420692874
1753,1753,2023-05-22,AMBUJACEM.NS,0.0514697670832173,2.1173456284018064,1.3214564420692874
1754,1754,2023-05-23,AMBUJACEM.NS,0.008020719493434,2.134328263757866,1.3214564420692874
1755,1755,2023-05-24,AMBUJACEM.NS,-0.0117014418079095,2.109353545780527,1.3214564420692874
1756,1756,2023-05-25,AMBUJACEM.NS,-0.0073406761558857,2.0938694645026827,1.3214564420692874
1757,1757,2023-05-26,AMBUJACEM.NS,0.012762350807121,2.1205921611529845,1.3214564420692874
1758,1758,2023-05-29,AMBUJACEM.NS,0.0057708166383168,2.1328297096796502,1.3214564420692874
1759,1759,2023-05-30,AMBUJACEM.NS,0.0091335360000741,2.152309986615037,1.3214564420692874
1760,1760,2023-05-31,AMBUJACEM.NS,-0.0169412921550358,2.1158470743235904,1.3214564420692874
1761,1761,2023-06-01,AMBUJACEM.NS,0.0133380389684067,2.144068325052108,1.3214564420692874
1762,1762,2023-06-02,AMBUJACEM.NS,0.0205008483769975,2.1880235446939245,1.3214564420692874
1763,1763,2023-06-05,AMBUJACEM.NS,0.0022829410697451,2.193018673505676,1.3214564420692874
1764,1764,2023-06-06,AMBUJACEM.NS,0.0457806047489597,2.293416394604527,1.3214564420692874
1765,1765,2023-06-07,AMBUJACEM.NS,-0.0074049507084771,2.276433759248467,1.3214564420692874
1766,1766,2023-06-08,AMBUJACEM.NS,-0.0088864772448822,2.256204282447424,1.3214564420692874
1767,1767,2023-06-09,AMBUJACEM.NS,0.0088555358283959,2.2761841803068177,1.3214564420692874
1768,1768,2023-06-12,AMBUJACEM.NS,0.0013164535606324,2.279180671075638,1.3214564420692874
1769,1769,2023-06-13,AMBUJACEM.NS,0.0058076968371416,2.2924174614503183,1.3214564420692874
1770,1770,2023-06-14,AMBUJACEM.NS,0.0123106943665762,2.320638712178836,1.3214564420692874
1771,1771,2023-06-15,AMBUJACEM.NS,-0.0134524191009185,2.28942050764079,1.3214564420692874
1772,1772,2023-06-16,AMBUJACEM.NS,0.0055634231724845,2.3021575227445603,1.3214564420692874
1773,1773,2023-06-19,AMBUJACEM.NS,-0.0174658187241225,2.2619484567779287,1.3214564420692874
1774,1774,2023-06-20,AMBUJACEM.NS,-0.0086121665933693,2.2424681798425423,1.3214564420692874
1775,1775,2023-06-21,AMBUJACEM.NS,-0.0018932800431477,2.2382225595902527,1.3214564420692874
1776,1776,2023-06-22,AMBUJACEM.NS,-0.0072528245329522,2.2219891240998493,1.3214564420692874
1777,1777,2023-06-23,AMBUJACEM.NS,-0.042823556314528,2.1268356477136905,1.3214564420692874
1778,1778,2023-06-26,AMBUJACEM.NS,0.0146783853587419,2.1580541609455417,1.3214564420692874
1779,1779,2023-06-27,AMBUJACEM.NS,0.0041661889637867,2.167045022374127,1.3214564420692874
1780,1780,2023-06-28,AMBUJACEM.NS,0.0009220023740581,2.169043043029447,1.3214564420692874
1781,1781,2023-06-30,AMBUJACEM.NS,-0.0192286522509472,2.1273352686376974,1.3214564420692874
1782,1782,2023-07-03,AMBUJACEM.NS,0.0233623486866039,2.1770348169569216,1.3214564420692874
1783,1783,2023-07-04,AMBUJACEM.NS,-0.007227247258862,2.1613008480436227,1.3214564420692874
1784,1784,2023-07-05,AMBUJACEM.NS,-0.0006932860516244,2.15980244831231,1.3214564420692874
1785,1785,2023-07-06,AMBUJACEM.NS,-0.002081515482196,2.155306786077663,1.3214564420692874
1786,1786,2023-07-07,AMBUJACEM.NS,-0.0258740251659207,2.0995403240544097,1.3214564420692874
1787,1787,2023-07-10,AMBUJACEM.NS,0.0038286412506542,2.1075787107464965,1.3214564420692874
1788,1788,2023-07-11,AMBUJACEM.NS,0.0005959069242744,2.108834631493684,1.3214564420692874
1789,1789,2023-07-12,AMBUJACEM.NS,0.0042883112978349,2.117877970869184,1.3214564420692874
1790,1790,2023-07-13,AMBUJACEM.NS,-0.0110307549186332,2.094516178024953,1.3214564420692874
1791,1791,2023-07-14,AMBUJACEM.NS,-0.0007195185091788,2.09300913486709,1.3214564420692874
1792,1792,2023-07-17,AMBUJACEM.NS,0.0,2.09300913486709,1.3214564420692874
1793,1793,2023-07-18,AMBUJACEM.NS,-0.0009602208544838,2.090999383847165,1.3214564420692874
1794,1794,2023-07-19,AMBUJACEM.NS,0.0074483659264237,2.1065739124099854,1.3214564420692874
1795,1795,2023-07-20,AMBUJACEM.NS,0.0038158578935834,2.114612299102072,1.3214564420692874
1796,1796,2023-07-21,AMBUJACEM.NS,-0.0114041304088707,2.090496984678909,1.3214564420692874
1797,1797,2023-07-24,AMBUJACEM.NS,0.0159817385311704,2.123906760888248,1.3214564420692874
1798,1798,2023-07-25,AMBUJACEM.NS,0.041040782727213,2.2110735567947213,1.3214564420692874
1799,1799,2023-07-26,AMBUJACEM.NS,0.0077255349624594,2.2281552828623084,1.3214564420692874
1800,1800,2023-07-27,AMBUJACEM.NS,0.0140924556640325,2.2595554623986254,1.3214564420692874
1801,1801,2023-07-28,AMBUJACEM.NS,0.0112284188605031,2.284926697568975,1.3214564420692874
1802,1802,2023-07-31,AMBUJACEM.NS,0.0180299853301566,2.3261238924066268,1.3214564420692874
1803,1803,2023-08-01,AMBUJACEM.NS,-0.0031317614409686,2.318839027293472,1.3214564420692874
1804,1804,2023-08-02,AMBUJACEM.NS,-0.0014083218924096,2.3155733555263605,1.3214564420692874
1805,1805,2023-08-03,AMBUJACEM.NS,0.0291820053276823,2.38314642952397,1.3214564420692874
1806,1806,2023-08-04,AMBUJACEM.NS,-0.0054811480372399,2.370084051149329,1.3214564420692874
1807,1807,2023-08-07,AMBUJACEM.NS,0.0049814510256411,2.381890508776783,1.3214564420692874
1808,1808,2023-08-08,AMBUJACEM.NS,-0.0166631037374856,2.342200820137703,1.3214564420692874
1809,1809,2023-08-09,AMBUJACEM.NS,-0.0076148047768049,2.324365418144282,1.3214564420692874
1810,1810,2023-08-10,AMBUJACEM.NS,-0.0117799170602148,2.29698458630091,1.3214564420692874
1811,1811,2023-08-11,AMBUJACEM.NS,-0.0017498365974752,2.2929652386079646,1.3214564420692874
1812,1812,2023-08-14,AMBUJACEM.NS,-0.0338518920403448,2.215344026898344,1.3214564420692874
1813,1813,2023-08-16,AMBUJACEM.NS,-0.0085043432325979,2.196503980915314,1.3214564420692874
1814,1814,2023-08-17,AMBUJACEM.NS,0.0201280223197934,2.240715262068693,1.3214564420692874
1815,1815,2023-08-18,AMBUJACEM.NS,0.0158071725943707,2.2761346349510534,1.3214564420692874
1816,1816,2023-08-21,AMBUJACEM.NS,0.026928686455355,2.337427950865824,1.3214564420692874
1817,1817,2023-08-22,AMBUJACEM.NS,-0.0031166819312481,2.3301429314057662,1.3214564420692874
1818,1818,2023-08-23,AMBUJACEM.NS,-0.022639049583451,2.277390710045143,1.3214564420692874
1819,1819,2023-08-24,AMBUJACEM.NS,-0.0095962633447858,2.2555362690525813,1.3214564420692874
1820,1820,2023-08-25,AMBUJACEM.NS,-0.0319634259493377,2.183441602540673,1.3214564420692874
1821,1821,2023-08-28,AMBUJACEM.NS,0.0097790055170507,2.204793490018077,1.3214564420692874
1822,1822,2023-08-29,AMBUJACEM.NS,0.005354974072542,2.2166001019924333,1.3214564420692874
1823,1823,2023-08-30,AMBUJACEM.NS,0.0064596466705293,2.230918555461164,1.3214564420692874
1824,1824,2023-08-31,AMBUJACEM.NS,-0.0352437832630236,2.1522925454150323,1.3214564420692874
1825,1825,2023-09-01,AMBUJACEM.NS,0.012838453889465,2.1799246540159825,1.3214564420692874
1826,1826,2023-09-04,AMBUJACEM.NS,0.0167089129212647,2.2163488252348538,1.3214564420692874
1827,1827,2023-09-05,AMBUJACEM.NS,-0.0021534132491393,2.2115761103098786,1.3214564420692874
1828,1828,2023-09-06,AMBUJACEM.NS,-0.0055656491939516,2.199267253514169,1.3214564420692874
1829,1829,2023-09-07,AMBUJACEM.NS,0.0038834688447686,2.207808039374512,1.3214564420692874
1830,1830,2023-09-08,AMBUJACEM.NS,-0.0005688541416594,2.2065521186273247,1.3214564420692874
1831,1831,2023-09-11,AMBUJACEM.NS,0.0266393034107237,2.265333130007013,1.3214564420692874
1832,1832,2023-09-12,AMBUJACEM.NS,-0.013084921101154,2.2356914247330413,1.3214564420692874
1833,1833,2023-09-13,AMBUJACEM.NS,-0.0024719624258395,2.2301648795353293,1.3214564420692874
1834,1834,2023-09-14,AMBUJACEM.NS,0.0029286370681183,2.236696223069552,1.3214564420692874
1835,1835,2023-09-15,AMBUJACEM.NS,-0.0003369594485209,2.235942547143717,1.3214564420692874
1836,1836,2023-09-18,AMBUJACEM.NS,-0.0188742948163718,2.193740708316457,1.3214564420692874
1837,1837,2023-09-20,AMBUJACEM.NS,-0.0194664017646314,2.151036470320942,1.3214564420692874
1838,1838,2023-09-21,AMBUJACEM.NS,-0.0047879735736177,2.1407373645451577,1.3214564420692874
1839,1839,2023-09-22,AMBUJACEM.NS,-0.0120863909389488,2.11486357585965,1.3214564420692874
1840,1840,2023-09-25,AMBUJACEM.NS,0.0046323113790198,2.1246602824671794,1.3214564420692874
1841,1841,2023-09-26,AMBUJACEM.NS,0.0161977560256314,2.159075011359932,1.3214564420692874
1842,1842,2023-09-27,AMBUJACEM.NS,0.001628842981038,2.1625918055377205,1.3214564420692874
1843,1843,2023-09-28,AMBUJACEM.NS,-0.0245093190168296,2.109588153072615,1.3214564420692874
1844,1844,2023-09-29,AMBUJACEM.NS,0.0116695137401414,2.1342060210109355,1.3214564420692874
1845,1845,2023-10-03,AMBUJACEM.NS,0.0174199898129305,2.171383868155641,1.3214564420692874
1846,1846,2023-10-04,AMBUJACEM.NS,-0.0059000419740825,2.1585726121916773,1.3214564420692874
1847,1847,2023-10-05,AMBUJACEM.NS,0.0074478724011279,2.1746493855758504,1.3214564420692874
1848,1848,2023-10-06,AMBUJACEM.NS,0.0065843293684979,2.188967993391484,1.3214564420692874
1849,1849,2023-10-09,AMBUJACEM.NS,-0.0126233497631632,2.161335884790533,1.3214564420692874
1850,1850,2023-10-10,AMBUJACEM.NS,0.016271462650605,2.196503980915314,1.3214564420692874
1851,1851,2023-10-11,AMBUJACEM.NS,0.0180695520385278,2.236193823901297,1.3214564420692874
1852,1852,2023-10-12,AMBUJACEM.NS,0.0011233354704891,2.2387058197425747,1.3214564420692874
1853,1853,2023-10-13,AMBUJACEM.NS,-0.0127917929331407,2.2100687584582106,1.3214564420692874
1854,1854,2023-10-16,AMBUJACEM.NS,0.0076153509910474,2.2268992077682186,1.3214564420692874
1855,1855,2023-10-17,AMBUJACEM.NS,-0.0013535595379059,2.223884967105589,1.3214564420692874
1856,1856,2023-10-18,AMBUJACEM.NS,-0.0218006149903996,2.1754029071547825,1.3214564420692874
1857,1857,2023-10-19,AMBUJACEM.NS,0.0102771741428628,2.1977599016625025,1.3214564420692874
1858,1858,2023-10-20,AMBUJACEM.NS,-0.0150874076038409,2.1646014022107427,1.3214564420692874
1859,1859,2023-10-23,AMBUJACEM.NS,-0.0345827823239469,2.0897434630999783,1.3214564420692874
1860,1860,2023-10-25,AMBUJACEM.NS,0.0048083115891677,2.099791600811989,1.3214564420692874
1861,1861,2023-10-26,AMBUJACEM.NS,-0.0039479975728378,2.091501628668518,1.3214564420692874
1862,1862,2023-10-27,AMBUJACEM.NS,0.002282103706426,2.0962746522872986,1.3214564420692874
1863,1863,2023-10-30,AMBUJACEM.NS,0.0112642278191659,2.119887567542205,1.3214564420692874
1864,1864,2023-10-31,AMBUJACEM.NS,0.005924905521216,2.1324477010954936,1.3214564420692874
1865,1865,2023-11-01,AMBUJACEM.NS,-0.0419367019589906,2.043019877411517,1.3214564420692874
1866,1866,2023-11-02,AMBUJACEM.NS,0.0320915290136867,2.108583509083007,1.3214564420692874
1867,1867,2023-11-03,AMBUJACEM.NS,0.0028591658775167,2.114612299102072,1.3214564420692874
1868,1868,2023-11-06,AMBUJACEM.NS,0.0008315823487321,2.116370773364417,1.3214564420692874
1869,1869,2023-11-07,AMBUJACEM.NS,-0.0040356540142855,2.1078298331571723,1.3214564420692874
1870,1870,2023-11-08,AMBUJACEM.NS,0.0034560973559443,2.1151146982703275,1.3214564420692874
1871,1871,2023-11-09,AMBUJACEM.NS,-0.0064133315800283,2.1015497663805283,1.3214564420692874
1872,1872,2023-11-10,AMBUJACEM.NS,-0.0004780491072254,2.10054512239092,1.3214564420692874
1873,1873,2023-11-13,AMBUJACEM.NS,0.0031092829750243,2.1070763115782403,1.3214564420692874
1874,1874,2023-11-15,AMBUJACEM.NS,-0.0029804647995591,2.100796244801596,1.3214564420692874
1875,1875,2023-11-16,AMBUJACEM.NS,0.0041850361703441,2.109588153072614,1.3214564420692874
1876,1876,2023-11-17,AMBUJACEM.NS,0.0028578774284384,2.115617097438581,1.3214564420692874
1877,1877,2023-11-20,AMBUJACEM.NS,0.0009499597173598,2.117626848458506,1.3214564420692874
1878,1878,2023-11-21,AMBUJACEM.NS,-0.0032028617080656,2.1108443825136067,1.3214564420692874
1879,1879,2023-11-22,AMBUJACEM.NS,-0.0140425819731316,2.081202677239635,1.3214564420692874
1880,1880,2023-11-23,AMBUJACEM.NS,0.0032588424338335,2.0879849888376314,1.3214564420692874
1881,1881,2023-11-24,AMBUJACEM.NS,-0.0031279866580632,2.081453799650311,1.3214564420692874
1882,1882,2023-11-28,AMBUJACEM.NS,0.0407917181909296,2.1663598764730865,1.3214564420692874
1883,1883,2023-11-29,AMBUJACEM.NS,0.0103200028783836,2.188716716633904,1.3214564420692874
1884,1884,2023-11-30,AMBUJACEM.NS,0.0082635291568995,2.2068032410380014,1.3214564420692874
1885,1885,2023-12-01,AMBUJACEM.NS,0.0062606643145841,2.220619295338477,1.3214564420692874
1886,1886,2023-12-04,AMBUJACEM.NS,0.0736425587277354,2.384151382207383,1.3214564420692874
1887,1887,2023-12-05,AMBUJACEM.NS,0.0727004143990042,2.5574801756838186,1.3214564420692874
1888,1888,2023-12-06,AMBUJACEM.NS,-0.015617311827639,2.5175392102871594,1.3214564420692874
1889,1889,2023-12-07,AMBUJACEM.NS,0.0079824461104727,2.5376353313642785,1.3214564420692874
1890,1890,2023-12-08,AMBUJACEM.NS,-0.0212829226434507,2.483627034909565,1.3214564420692874
1891,1891,2023-12-11,AMBUJACEM.NS,0.0195205441781505,2.532108786166566,1.3214564420692874
1892,1892,2023-12-12,AMBUJACEM.NS,-0.0052579317306408,2.5187951310343464,1.3214564420692874
1893,1893,2023-12-13,AMBUJACEM.NS,0.0153585514648768,2.5574801756838186,1.3214564420692874
1894,1894,2023-12-14,AMBUJACEM.NS,0.0220018009994031,2.6137493455691327,1.3214564420692874
1895,1895,2023-12-15,AMBUJACEM.NS,0.0041325710754747,2.6245508505131725,1.3214564420692874
1896,1896,2023-12-18,AMBUJACEM.NS,0.006221391683977,2.64087920934873,1.3214564420692874
1897,1897,2023-12-19,AMBUJACEM.NS,-0.0062780741862197,2.6242995737555934,1.3214564420692874
1898,1898,2023-12-20,AMBUJACEM.NS,-0.0610701088997769,2.464033313000701,1.3214564420692874
1899,1899,2023-12-21,AMBUJACEM.NS,0.0274237664081411,2.5316063869983103,1.3214564420692874
1900,1900,2023-12-22,AMBUJACEM.NS,-0.0001984507429099,2.531103987830055,1.3214564420692874
1901,1901,2023-12-26,AMBUJACEM.NS,0.0030766885381858,2.5388914064583683,1.3214564420692874
1902,1902,2023-12-27,AMBUJACEM.NS,0.0230532035069797,2.597420986733575,1.3214564420692874
1903,1903,2023-12-28,AMBUJACEM.NS,-0.005319083823584,2.5836050867800027,1.3214564420692874
1904,1904,2023-12-29,AMBUJACEM.NS,0.0129315160150427,2.6170150173362443,1.3214564420692874
1905,1905,2024-01-01,AMBUJACEM.NS,0.0257246507162021,2.684336814576275,1.3214564420692874
1906,1906,2024-01-02,AMBUJACEM.NS,-0.0063634234079452,2.667255242855591,1.3214564420692874
1907,1907,2024-01-03,AMBUJACEM.NS,0.009794621950508,2.6933799996048724,1.3214564420692874
1908,1908,2024-01-04,AMBUJACEM.NS,0.024902104116796,2.760450828781129,1.3214564420692874
1909,1909,2024-01-05,AMBUJACEM.NS,-0.0129220935996866,2.7247800247942866,1.3214564420692874
1910,1910,2024-01-08,AMBUJACEM.NS,-0.0224023301749614,2.6637386030247057,1.3214564420692874
1911,1911,2024-01-09,AMBUJACEM.NS,-0.0094304550296532,2.63861833591813,1.3214564420692874
1912,1912,2024-01-10,AMBUJACEM.NS,0.0018087932081751,2.643391050843105,1.3214564420692874
1913,1913,2024-01-11,AMBUJACEM.NS,0.022997264207361,2.704181813242718,1.3214564420692874
1914,1914,2024-01-12,AMBUJACEM.NS,-0.0108685105315272,2.674791384726325,1.3214564420692874
1915,1915,2024-01-15,AMBUJACEM.NS,-0.0017844470585763,2.6700183611075445,1.3214564420692874
1916,1916,2024-01-16,AMBUJACEM.NS,-0.0051745743956782,2.6562021524601667,1.3214564420692874
1917,1917,2024-01-17,AMBUJACEM.NS,-0.0154151534344801,2.615256388726997,1.3214564420692874
1918,1918,2024-01-18,AMBUJACEM.NS,0.0069158338849537,2.633343067477997,1.3214564420692874
1919,1919,2024-01-19,AMBUJACEM.NS,0.0247065885994641,2.6984039912874267,1.3214564420692874
1920,1920,2024-01-23,AMBUJACEM.NS,-0.022435293542962,2.637864505645393,1.3214564420692874
1921,1921,2024-01-24,AMBUJACEM.NS,0.0045710796389009,2.649922394377328,1.3214564420692874
1922,1922,2024-01-25,AMBUJACEM.NS,0.0619963847984468,2.8142080028251666,1.3214564420692874
1923,1923,2024-01-29,AMBUJACEM.NS,0.0249039571423383,2.88429291831715,1.3214564420692874
1924,1924,2024-01-30,AMBUJACEM.NS,-0.0056610235521011,2.867964868175398,1.3214564420692874
1925,1925,2024-01-31,AMBUJACEM.NS,-0.0184812767594416,2.814961215710293,1.3214564420692874
1926,1926,2024-02-01,AMBUJACEM.NS,0.0084776272864079,2.838825407722779,1.3214564420692874
1927,1927,2024-02-02,AMBUJACEM.NS,-0.0135385619138235,2.8003917941777887,1.3214564420692874
1928,1928,2024-02-05,AMBUJACEM.NS,-0.0043056761068928,2.7883342141396588,1.3214564420692874
1929,1929,2024-02-06,AMBUJACEM.NS,0.0209008704609017,2.846612826351092,1.3214564420692874
1930,1930,2024-02-07,AMBUJACEM.NS,0.0028239510872283,2.8546515217369843,1.3214564420692874
1931,1931,2024-02-08,AMBUJACEM.NS,-0.0085358038773214,2.83028477620934,1.3214564420692874
1932,1932,2024-02-09,AMBUJACEM.NS,0.0228099587471695,2.894843455197417,1.3214564420692874
1933,1933,2024-02-12,AMBUJACEM.NS,-0.0220409698820117,2.831038297788272,1.3214564420692874
1934,1934,2024-02-13,AMBUJACEM.NS,0.008429483992191,2.854902489800758,1.3214564420692874
1935,1935,2024-02-14,AMBUJACEM.NS,0.0046634360297008,2.868216144932977,1.3214564420692874
1936,1936,2024-02-15,AMBUJACEM.NS,0.0023647521487473,2.87499876522478,1.3214564420692874
1937,1937,2024-02-16,AMBUJACEM.NS,0.0224550949639188,2.939557135519052,1.3214564420692874
1938,1938,2024-02-19,AMBUJACEM.NS,-0.0004271957789528,2.938301369118767,1.3214564420692874
1939,1939,2024-02-20,AMBUJACEM.NS,0.0067539017185274,2.95814636778521,1.3214564420692874
1940,1940,2024-02-21,AMBUJACEM.NS,-0.0016984623989789,2.9531220674088505,1.3214564420692874
1941,1941,2024-02-22,AMBUJACEM.NS,0.0084212537718826,2.9779910577578472,1.3214564420692874
1942,1942,2024-02-23,AMBUJACEM.NS,0.0172079173046408,3.0292360816137043,1.3214564420692874
1943,1943,2024-02-26,AMBUJACEM.NS,0.0093705572676134,3.0576217117935864,1.3214564420692874
1944,1944,2024-02-27,AMBUJACEM.NS,-0.0086263233300329,3.031245678286726,1.3214564420692874
1945,1945,2024-02-28,AMBUJACEM.NS,-0.0233694146199835,2.9604072412158104,1.3214564420692874
1946,1946,2024-02-29,AMBUJACEM.NS,0.0282563003194229,3.044057397291399,1.3214564420692874
1947,1947,2024-03-01,AMBUJACEM.NS,0.0193100357059918,3.1028382543241846,1.3214564420692874
1948,1948,2024-03-04,AMBUJACEM.NS,-0.0007286468856215,3.100577380893584,1.3214564420692874
1949,1949,2024-03-05,AMBUJACEM.NS,-0.0065624046712007,3.0802301374057883,1.3214564420692874
1950,1950,2024-03-06,AMBUJACEM.NS,-0.0241396554713392,3.005874443116377,1.3214564420692874
1951,1951,2024-03-07,AMBUJACEM.NS,0.0081063750295509,3.0302411886440206,1.3214564420692874
1952,1952,2024-03-11,AMBUJACEM.NS,-0.001823899005871,3.024714334752503,1.3214564420692874
1953,1953,2024-03-12,AMBUJACEM.NS,-0.0240843710762205,2.9518659923147603,1.3214564420692874
1954,1954,2024-03-13,AMBUJACEM.NS,-0.048166053852364,2.8096862559639657,1.3214564420692874
1955,1955,2024-03-14,AMBUJACEM.NS,0.0414841809719008,2.9262437890806376,1.3214564420692874
1956,1956,2024-03-15,AMBUJACEM.NS,0.0314190566993528,3.0181836086058915,1.3214564420692874
1957,1957,2024-03-18,AMBUJACEM.NS,-0.026799906272434,2.937296570782257,1.3214564420692874
1958,1958,2024-03-19,AMBUJACEM.NS,-0.0074403775079627,2.9154419754427923,1.3214564420692874
1959,1959,2024-03-20,AMBUJACEM.NS,-0.0068068577023998,2.8955969767763494,1.3214564420692874
1960,1960,2024-03-21,AMBUJACEM.NS,0.0188254804636041,2.950107981093124,1.3214564420692874
1961,1961,2024-03-22,AMBUJACEM.NS,0.0036613930789195,2.9609094860371634,1.3214564420692874
1962,1962,2024-03-26,AMBUJACEM.NS,0.0096716590198062,2.9895463929746247,1.3214564420692874
1963,1963,2024-03-27,AMBUJACEM.NS,0.0108394812991972,3.021951525194356,1.3214564420692874
1964,1964,2024-03-28,AMBUJACEM.NS,0.0180380385922478,3.0764616034297134,1.3214564420692874
1965,1965,2024-04-01,AMBUJACEM.NS,0.0149425118968755,3.1224316675392427,1.3214564420692874
1966,1966,2024-04-02,AMBUJACEM.NS,0.0212389940464539,3.188748975136568,1.3214564420692874
1967,1967,2024-04-03,AMBUJACEM.NS,0.0003939084273749,3.1900050502306576,1.3214564420692874
1968,1968,2024-04-04,AMBUJACEM.NS,-0.0161430153879263,3.138508749617221,1.3214564420692874
1969,1969,2024-04-05,AMBUJACEM.NS,0.0040019431377464,3.151068883170509,1.3214564420692874
1970,1970,2024-04-08,AMBUJACEM.NS,0.0053411383841823,3.167899178133614,1.3214564420692874
1971,1971,2024-04-09,AMBUJACEM.NS,-0.0118151247238671,3.130470054231329,1.3214564420692874
1972,1972,2024-04-10,AMBUJACEM.NS,0.00409258634733,3.143281773236001,1.3214564420692874
1973,1973,2024-04-12,AMBUJACEM.NS,-0.0268521858482421,3.058877786887676,1.3214564420692874
1974,1974,2024-04-15,AMBUJACEM.NS,-0.0032848593716886,3.048829803522568,1.3214564420692874
1975,1975,2024-04-16,AMBUJACEM.NS,0.0176320678779533,3.102586977566605,1.3214564420692874
1976,1976,2024-04-18,AMBUJACEM.NS,-0.0037244194281509,3.091031642349828,1.3214564420692874
1977,1977,2024-04-19,AMBUJACEM.NS,-0.0091019299307189,3.062897288927525,1.3214564420692874
1978,1978,2024-04-22,AMBUJACEM.NS,0.010907849239089,3.096306910789961,1.3214564420692874
1979,1979,2024-04-23,AMBUJACEM.NS,0.0328573778582004,3.198043436922744,1.3214564420692874
1980,1980,2024-04-24,AMBUJACEM.NS,0.0124107123982895,3.237733434255629,1.3214564420692874
1981,1981,2024-04-25,AMBUJACEM.NS,-0.0094656096990083,3.207086313257536,1.3214564420692874
1982,1982,2024-04-26,AMBUJACEM.NS,-0.0093991701971708,3.1769423631622105,1.3214564420692874
1983,1983,2024-04-29,AMBUJACEM.NS,-0.004269710194708,3.163377739966217,1.3214564420692874
1984,1984,2024-04-30,AMBUJACEM.NS,-0.0154847616857098,3.11439358954096,1.3214564420692874
1985,1985,2024-05-02,AMBUJACEM.NS,0.0093562842720558,3.1435327412997736,1.3214564420692874
1986,1986,2024-05-03,AMBUJACEM.NS,-0.0051941721259123,3.1272046911580214,1.3214564420692874
1987,1987,2024-05-06,AMBUJACEM.NS,-0.0240983562217719,3.051844198532099,1.3214564420692874
1988,1988,2024-05-07,AMBUJACEM.NS,-0.0222239530097918,2.984020156470716,1.3214564420692874
1989,1989,2024-05-08,AMBUJACEM.NS,0.0010100757225754,2.987034242786443,1.3214564420692874
1990,1990,2024-05-09,AMBUJACEM.NS,-0.0340593772496823,2.8852977166536604,1.3214564420692874
1991,1991,2024-05-10,AMBUJACEM.NS,0.0130594497900082,2.9229781173135243,1.3214564420692874
1992,1992,2024-05-13,AMBUJACEM.NS,0.0110002694094399,2.9551316640818706,1.3214564420692874
1993,1993,2024-05-14,AMBUJACEM.NS,0.0374024119245977,3.0656607158732827,1.3214564420692874
1994,1994,2024-05-15,AMBUJACEM.NS,0.004998251447754,3.080983658984719,1.3214564420692874
1995,1995,2024-05-16,AMBUJACEM.NS,0.0035059626513582,3.0917854726225644,1.3214564420692874
1996,1996,2024-05-17,AMBUJACEM.NS,0.0086122761427729,3.118412782887004,1.3214564420692874
1997,1997,2024-05-21,AMBUJACEM.NS,0.0177219056775215,3.1736770000889045,1.3214564420692874
1998,1998,2024-05-22,AMBUJACEM.NS,0.0021370516274361,3.180459311686901,1.3214564420692874
1999,1999,2024-05-23,AMBUJACEM.NS,0.0212463255698023,3.2480323856845104,1.3214564420692874
2000,2000,2024-05-24,AMBUJACEM.NS,-0.0173240315541228,3.191763370146099,1.3214564420692874
2001,2001,2024-05-27,AMBUJACEM.NS,-0.004407336973263,3.177696193434948,1.3214564420692874
2002,2002,2024-05-28,AMBUJACEM.NS,-0.0045059227179464,3.1633777399662173,1.3214564420692874
2003,2003,2024-05-29,AMBUJACEM.NS,0.0007146047429731,3.165638304703013,1.3214564420692874
2004,2004,2024-05-30,AMBUJACEM.NS,-0.0173781509917263,3.1106253642586914,1.3214564420692874
2005,2005,2024-05-31,AMBUJACEM.NS,0.0240652378042329,3.185483303369456,1.3214564420692874
2006,2006,2024-06-03,AMBUJACEM.NS,0.0579607030871383,3.3701161553050896,1.3214564420692874
2007,2007,2024-06-04,AMBUJACEM.NS,-0.1702444450082771,2.796372600831745,1.3214564420692874
2008,2008,2024-06-05,AMBUJACEM.NS,0.0759972208012473,3.008889146819714,1.3214564420692874
2009,2009,2024-06-06,AMBUJACEM.NS,0.0186173126870543,3.0649065769067407,1.3214564420692874
2010,2010,2024-06-07,AMBUJACEM.NS,0.0184411142322757,3.121426869202731,1.3214564420692874
2011,2011,2024-06-10,AMBUJACEM.NS,0.0306615340112592,3.217134605316449,1.3214564420692874
2012,2012,2024-06-11,AMBUJACEM.NS,-0.0009369813139155,3.2141202103069166,1.3214564420692874
2013,2013,2024-06-12,AMBUJACEM.NS,0.0452521086004504,3.359565927118628,1.3214564420692874
2014,2014,2024-06-13,AMBUJACEM.NS,-0.0062808928945859,3.3384648533580954,1.3214564420692874
2015,2015,2024-06-14,AMBUJACEM.NS,0.022188739330603,3.4125411797536382,1.3214564420692874
2016,2016,2024-06-18,AMBUJACEM.NS,-0.0045777495104605,3.3969194210385947,1.3214564420692874
2017,2017,2024-06-19,AMBUJACEM.NS,-0.0108292573788612,3.360133306332916,1.3214564420692874
2018,2018,2024-06-20,AMBUJACEM.NS,-0.0114725727248239,3.3215839326109085,1.3214564420692874
2019,2019,2024-06-21,AMBUJACEM.NS,-0.0025791521938639,3.313017062124012,1.3214564420692874
2020,2020,2024-06-24,AMBUJACEM.NS,0.0004562830606054,3.314528735688956,1.3214564420692874
2021,2021,2024-06-25,AMBUJACEM.NS,-0.0136069969368377,3.2694279533353754,1.3214564420692874
2022,2022,2024-06-26,AMBUJACEM.NS,0.0127157835660807,3.311001291574882,1.3214564420692874
2023,2023,2024-06-27,AMBUJACEM.NS,0.0054791031343643,3.3291426091294345,1.3214564420692874
2024,2024,2024-06-28,AMBUJACEM.NS,0.0145310758079266,3.3775186327580933,1.3214564420692874
2025,2025,2024-07-01,AMBUJACEM.NS,0.0369265215915843,3.5022386474766134,1.3214564420692874
2026,2026,2024-07-02,AMBUJACEM.NS,-0.0038129284355138,3.4888848621496944,1.3214564420692874
2027,2027,2024-07-03,AMBUJACEM.NS,0.0005055702534284,3.490648738553634,1.3214564420692874
2028,2028,2024-07-04,AMBUJACEM.NS,-0.0153025304738683,3.437232979858347,1.3214564420692874
2029,2029,2024-07-05,AMBUJACEM.NS,0.005717677921357,3.456885970977844,1.3214564420692874
2030,2030,2024-07-08,AMBUJACEM.NS,-0.0035713934899802,3.4445400709254894,1.3214564420692874
2031,2031,2024-07-09,AMBUJACEM.NS,-0.0086314067670415,3.414808844447957,1.3214564420692874
2032,2032,2024-07-10,AMBUJACEM.NS,-0.0186674836285946,3.3510629562494447,1.3214564420692874
2033,2033,2024-07-11,AMBUJACEM.NS,0.0212781931130425,3.422367520966484,1.3214564420692874
2034,2034,2024-07-12,AMBUJACEM.NS,-0.0039019144627541,3.4090137356395647,1.3214564420692874
2035,2035,2024-07-15,AMBUJACEM.NS,0.0113821440052157,3.4478156208943727,1.3214564420692874
2036,2036,2024-07-16,AMBUJACEM.NS,0.0016807163583427,3.4536104210089595,1.3214564420692874
2037,2037,2024-07-18,AMBUJACEM.NS,0.0071496508836976,3.4783025298074737,1.3214564420692874
2038,2038,2024-07-19,AMBUJACEM.NS,-0.0178920336590754,3.416068623867711,1.3214564420692874
2039,2039,2024-07-22,AMBUJACEM.NS,0.0135712300261228,3.4624288769472407,1.3214564420692874
2040,2040,2024-07-23,AMBUJACEM.NS,0.0061854148029498,3.483845435776871,1.3214564420692874
2041,2041,2024-07-24,AMBUJACEM.NS,-0.0129456012016554,3.438744962117096,1.3214564420692874
2042,2042,2024-07-25,AMBUJACEM.NS,-0.0095251534988086,3.405990388509676,1.3214564420692874
2043,2043,2024-07-26,AMBUJACEM.NS,0.0155347922283621,3.458901741526972,1.3214564420692874
2044,2044,2024-07-29,AMBUJACEM.NS,-0.009542559723551,3.425894965080556,1.3214564420692874
2045,2045,2024-07-30,AMBUJACEM.NS,-0.0079429369304623,3.3986832974425325,1.3214564420692874
2046,2046,2024-07-31,AMBUJACEM.NS,0.0081548535702233,3.4263990620647404,1.3214564420692874
2047,2047,2024-08-01,AMBUJACEM.NS,-0.0234576364394289,3.3460238385704253,1.3214564420692874
2048,2048,2024-08-02,AMBUJACEM.NS,-0.0168675145629831,3.28958473274525,1.3214564420692874
2049,2049,2024-08-05,AMBUJACEM.NS,-0.0255054560776016,3.205682373830667,1.3214564420692874
2050,2050,2024-08-06,AMBUJACEM.NS,-0.016662739402236,3.1522669238291847,1.3214564420692874
2051,2051,2024-08-07,AMBUJACEM.NS,0.0283749998775906,3.241712497406971,1.3214564420692874
2052,2052,2024-08-08,AMBUJACEM.NS,-0.0074614919841525,3.2175244855926417,1.3214564420692874
2053,2053,2024-08-09,AMBUJACEM.NS,-0.0101801501271847,3.184769603291416,1.3214564420692874
2054,2054,2024-08-12,AMBUJACEM.NS,0.0054588961183283,3.2021549297165937,1.3214564420692874
2055,2055,2024-08-13,AMBUJACEM.NS,-0.0173892631424704,3.1464718150207927,1.3214564420692874
2056,2056,2024-08-14,AMBUJACEM.NS,-0.0019218360465569,3.1404248120672102,1.3214564420692874
2057,2057,2024-08-16,AMBUJACEM.NS,0.0277599095983709,3.227602720950677,1.3214564420692874
2058,2058,2024-08-19,AMBUJACEM.NS,-0.0106167204667856,3.193336165084507,1.3214564420692874
2059,2059,2024-08-20,AMBUJACEM.NS,-0.0114406720677079,3.156802253217823,1.3214564420692874
2060,2060,2024-08-21,AMBUJACEM.NS,0.0044695443777342,3.170911720980312,1.3214564420692874
2061,2061,2024-08-22,AMBUJACEM.NS,0.0040524613004888,3.183761718016851,1.3214564420692874
2062,2062,2024-08-23,AMBUJACEM.NS,0.0028489412483798,3.192832068100322,1.3214564420692874
2063,2063,2024-08-26,AMBUJACEM.NS,-0.0093906636144367,3.162849256171405,1.3214564420692874
2064,2064,2024-08-27,AMBUJACEM.NS,-0.0050984241420797,3.146723709165982,1.3214564420692874
2065,2065,2024-08-28,AMBUJACEM.NS,-0.0128913297493454,3.10615825620104,1.3214564420692874
2066,2066,2024-08-29,AMBUJACEM.NS,-0.0063271055427591,3.0865052650815428,1.3214564420692874
2067,2067,2024-08-30,AMBUJACEM.NS,0.0074285414815156,3.1094334974761173,1.3214564420692874
2068,2068,2024-09-02,AMBUJACEM.NS,0.0054291362553662,3.126315035610915,1.3214564420692874
2069,2069,2024-09-03,AMBUJACEM.NS,-0.0041908416242412,3.113213144429185,1.3214564420692874
2070,2070,2024-09-04,AMBUJACEM.NS,0.015053370228625,3.1600774944929,1.3214564420692874
2071,2071,2024-09-05,AMBUJACEM.NS,0.0075745350267053,3.18401361216204,1.3214564420692874
2072,2072,2024-09-06,AMBUJACEM.NS,-0.0136107791072582,3.140676706212399,1.3214564420692874
2073,2073,2024-09-09,AMBUJACEM.NS,0.0110710703784242,3.175447359062754,1.3214564420692874
2074,2074,2024-09-10,AMBUJACEM.NS,-0.0049195457989434,3.1598256003477103,1.3214564420692874
2075,2075,2024-09-11,AMBUJACEM.NS,-0.006458797457942,3.139416926792644,1.3214564420692874
2076,2076,2024-09-12,AMBUJACEM.NS,0.0082664675713468,3.165368815010913,1.3214564420692874
2077,2077,2024-09-13,AMBUJACEM.NS,0.0023082535105807,3.172675288690445,1.3214564420692874
2078,2078,2024-09-16,AMBUJACEM.NS,-0.0036530397435545,3.161085379767465,1.3214564420692874
2079,2079,2024-09-17,AMBUJACEM.NS,-0.0068547509388735,3.1394169267926446,1.3214564420692874
2080,2080,2024-09-18,AMBUJACEM.NS,-0.0046549642119082,3.124803053352166,1.3214564420692874
2081,2081,2024-09-19,AMBUJACEM.NS,-0.0188678630186407,3.0658446973812867,1.3214564420692874
2082,2082,2024-09-20,AMBUJACEM.NS,0.0133957343926787,3.106913938636609,1.3214564420692874
2083,2083,2024-09-23,AMBUJACEM.NS,0.0089206734301661,3.1346297032588173,1.3214564420692874
2084,2084,2024-09-24,AMBUJACEM.NS,-0.0060284632569123,3.115732703268696,1.3214564420692874
2085,2085,2024-09-25,AMBUJACEM.NS,-0.0036390552564731,3.1043943797971005,1.3214564420692874
2086,2086,2024-09-26,AMBUJACEM.NS,0.0147715682586542,3.150251153280056,1.3214564420692874
2087,2087,2024-09-27,AMBUJACEM.NS,0.0141566471666128,3.194848147343257,1.3214564420692874
2088,2088,2024-09-30,AMBUJACEM.NS,-0.002287148161711,3.187541056276115,1.3214564420692874
2089,2089,2024-10-01,AMBUJACEM.NS,-0.0001580491926175,3.187037267985735,1.3214564420692874
2090,2090,2024-10-03,AMBUJACEM.NS,-0.0237172285451354,3.1114495767190533,1.3214564420692874
2091,2091,2024-10-04,AMBUJACEM.NS,-0.0109320947944937,3.077434914998073,1.3214564420692874
2092,2092,2024-10-07,AMBUJACEM.NS,-0.0333224832647304,2.9748871415447526,1.3214564420692874
2093,2093,2024-10-08,AMBUJACEM.NS,0.0271873575803962,3.0557664620232527,1.3214564420692874
2094,2094,2024-10-09,AMBUJACEM.NS,0.0025560103367798,3.0635770326869696,1.3214564420692874
2095,2095,2024-10-10,AMBUJACEM.NS,-0.0373385670740462,2.9491874561654794,1.3214564420692874
2096,2096,2024-10-11,AMBUJACEM.NS,-8.541137141460098e-05,2.948935562020289,1.3214564420692874
2097,2097,2024-10-14,AMBUJACEM.NS,0.0063226562441935,2.9675806678652217,1.3214564420692874
2098,2098,2024-10-15,AMBUJACEM.NS,0.002462097748058,2.974887141544753,1.3214564420692874
2099,2099,2024-10-16,AMBUJACEM.NS,-0.0022020301719951,2.968336350300791,1.3214564420692874
2100,2100,2024-10-17,AMBUJACEM.NS,-0.0302181982872971,2.8786385738840097,1.3214564420692874
2101,2101,2024-10-18,AMBUJACEM.NS,0.004726535762201,2.892244562049924,1.3214564420692874
2102,2102,2024-10-21,AMBUJACEM.NS,-0.0035716652868053,2.8819144325466985,1.3214564420692874
2103,2103,2024-10-22,AMBUJACEM.NS,-0.023430791139732,2.814388897395117,1.3214564420692874
2104,2104,2024-10-23,AMBUJACEM.NS,-0.0047448258978276,2.8010351120681984,1.3214564420692874
2105,2105,2024-10-24,AMBUJACEM.NS,0.0054870986121626,2.816404667944247,1.3214564420692874
2106,2106,2024-10-25,AMBUJACEM.NS,-0.0110931857193948,2.7851617679017706,1.3214564420692874
2107,2107,2024-10-28,AMBUJACEM.NS,0.0302153227591432,2.8693163296553488,1.3214564420692874
2108,2108,2024-10-29,AMBUJACEM.NS,0.0098348320563776,2.897535573874132,1.3214564420692874
2109,2109,2024-10-30,AMBUJACEM.NS,0.0081739198432972,2.9212197973980807,1.3214564420692874
2110,2110,2024-10-31,AMBUJACEM.NS,0.0014663173401958,2.925503232641529,1.3214564420692874
2111,2111,2024-11-01,AMBUJACEM.NS,0.0032727521750199,2.9350776797091847,1.3214564420692874
2112,2112,2024-11-04,AMBUJACEM.NS,-0.0189715982921848,2.879394565013384,1.3214564420692874
2113,2113,2024-11-05,AMBUJACEM.NS,0.001050101247128,2.8824182208370783,1.3214564420692874
2114,2114,2024-11-06,AMBUJACEM.NS,0.0186188609823199,2.93608556498375,1.3214564420692874
2115,2115,2024-11-07,AMBUJACEM.NS,-0.0205097715143639,2.875867120899311,1.3214564420692874
2116,2116,2024-11-08,AMBUJACEM.NS,-0.0101628928822717,2.846639991405964,1.3214564420692874
2117,2117,2024-11-11,AMBUJACEM.NS,-0.0079660014325116,2.8239636531565786,1.3214564420692874
2118,2118,2024-11-12,AMBUJACEM.NS,-0.0067809664645337,2.804814450327461,1.3214564420692874
2119,2119,2024-11-13,AMBUJACEM.NS,-0.0202120321947666,2.748123450357096,1.3214564420692874
2120,2120,2024-11-14,AMBUJACEM.NS,-0.0015585640991078,2.7438403238074534,1.3214564420692874
2121,2121,2024-11-18,AMBUJACEM.NS,0.0111110361082515,2.774327232720555,1.3214564420692874
2122,2122,2024-11-19,AMBUJACEM.NS,-0.0018163386134072,2.769288115041537,1.3214564420692874
2123,2123,2024-11-21,AMBUJACEM.NS,-0.1190064147902566,2.439725064949176,1.3214564420692874
2124,2124,2024-11-22,AMBUJACEM.NS,0.0324279529953126,2.518840354676834,1.3214564420692874
2125,2125,2024-11-25,AMBUJACEM.NS,0.0102031055780731,2.544540348749913,1.3214564420692874
2126,2126,2024-11-26,AMBUJACEM.NS,-0.0222794659154124,2.487849348779548,1.3214564420692874
2127,2127,2024-11-27,AMBUJACEM.NS,0.0431436263184106,2.595184191419793,1.3214564420692874
2128,2128,2024-11-28,AMBUJACEM.NS,-0.0038835563522475,2.585105647367953,1.3214564420692874
2129,2129,2024-11-29,AMBUJACEM.NS,0.0360624412490733,2.678330867898807,1.3214564420692874
2130,2130,2024-12-02,AMBUJACEM.NS,0.0137346010729184,2.7151166739106807,1.3214564420692874
2131,2131,2024-12-03,AMBUJACEM.NS,0.0515033765558097,2.8549543503600603,1.3214564420692874
2132,2132,2024-12-04,AMBUJACEM.NS,-0.0032652866156983,2.8456321061314,1.3214564420692874
2133,2133,2024-12-05,AMBUJACEM.NS,0.0113333261013419,2.877882582754636,1.3214564420692874
2134,2134,2024-12-06,AMBUJACEM.NS,-0.0101557755234654,2.8486554532612884,1.3214564420692874
2135,2135,2024-12-09,AMBUJACEM.NS,0.0106137843849445,2.8788904680292,1.3214564420692874
2136,2136,2024-12-10,AMBUJACEM.NS,0.0038509382171787,2.8899768973556053,1.3214564420692874
2137,2137,2024-12-11,AMBUJACEM.NS,0.008631211884956,2.9149209002993093,1.3214564420692874
2138,2138,2024-12-12,AMBUJACEM.NS,-0.0115827388565925,2.8811581327235185,1.3214564420692874
2139,2139,2024-12-13,AMBUJACEM.NS,0.0017490974603533,2.886197559096342,1.3214564420692874
2140,2140,2024-12-16,AMBUJACEM.NS,0.0073330616671534,2.907362223780783,1.3214564420692874
2141,2141,2024-12-17,AMBUJACEM.NS,-0.0101396519446455,2.877882582754636,1.3214564420692874
2142,2142,2024-12-18,AMBUJACEM.NS,-0.0114690112620986,2.844876115002025,1.3214564420692874
2143,2143,2024-12-19,AMBUJACEM.NS,-0.0022142285069496,2.8385769092094475,1.3214564420692874
2144,2144,2024-12-20,AMBUJACEM.NS,-0.0257411142147008,2.7655087767822746,1.3214564420692874
2145,2145,2024-12-23,AMBUJACEM.NS,0.0033710082574074,2.77483132970474,1.3214564420692874
2146,2146,2024-12-24,AMBUJACEM.NS,-0.0137110655044686,2.736785435579306,1.3214564420692874
2147,2147,2024-12-26,AMBUJACEM.NS,0.0104952842957846,2.765508776782274,1.3214564420692874
2148,2148,2024-12-27,AMBUJACEM.NS,-0.0015487662109777,2.761225650232632,1.3214564420692874
2149,2149,2024-12-30,AMBUJACEM.NS,-0.0061137843382613,2.7443441120978336,1.3214564420692874
2150,2150,2024-12-31,AMBUJACEM.NS,-0.0161586118259445,2.699999320873628,1.3214564420692874
2151,2151,2025-01-01,AMBUJACEM.NS,0.0052257301153406,2.714108788636117,1.3214564420692874
2152,2152,2025-01-02,AMBUJACEM.NS,0.0208875193977959,2.770799788606482,1.3214564420692874
2153,2153,2025-01-03,AMBUJACEM.NS,-0.0020913817513684,2.765004988491895,1.3214564420692874
2154,2154,2025-01-06,AMBUJACEM.NS,-0.0342628293583914,2.670268094396096,1.3214564420692874
2155,2155,2025-01-07,AMBUJACEM.NS,0.0110398399300086,2.6997474267284383,1.3214564420692874
2156,2156,2025-01-08,AMBUJACEM.NS,0.0042929604481647,2.711337335651418,1.3214564420692874
2157,2157,2025-01-09,AMBUJACEM.NS,-0.0237895778536848,2.6468357650173364,1.3214564420692874
2158,2158,2025-01-10,AMBUJACEM.NS,-0.0266539293899867,2.5762871914296728,1.3214564420692874
2159,2159,2025-01-13,AMBUJACEM.NS,-0.035305614138134,2.48532978994004,1.3214564420692874
2160,2160,2025-01-14,AMBUJACEM.NS,0.0449107275990852,2.5969477591299284,1.3214564420692874
2161,2161,2025-01-15,AMBUJACEM.NS,0.0076647230175146,2.6168526443946147,1.3214564420692874
2162,2162,2025-01-16,AMBUJACEM.NS,0.0401502669697078,2.7219199766874445,1.3214564420692874
2163,2163,2025-01-17,AMBUJACEM.NS,-0.0072202677844387,2.702266985567948,1.3214564420692874
2164,2164,2025-01-20,AMBUJACEM.NS,-0.0016783424483443,2.69773165617931,1.3214564420692874
2165,2165,2025-01-21,AMBUJACEM.NS,-0.0067245416419361,2.679590647318563,1.3214564420692874
2166,2166,2025-01-22,AMBUJACEM.NS,0.0092148809457979,2.704282756117077,1.3214564420692874
2167,2167,2025-01-23,AMBUJACEM.NS,0.0226403916257296,2.765508776782275,1.3214564420692874
2168,2168,2025-01-24,AMBUJACEM.NS,0.0054665028937093,2.7806264385131336,1.3214564420692874
2169,2169,2025-01-27,AMBUJACEM.NS,-0.0306269613044015,2.695464300178796,1.3214564420692874
2170,2170,2025-01-28,AMBUJACEM.NS,0.0154234423497092,2.737037638418303,1.3214564420692874
2171,2171,2025-01-29,AMBUJACEM.NS,-0.0387555964785705,2.630962112157104,1.3214564420692874
2172,2172,2025-01-30,AMBUJACEM.NS,-0.0240374563264134,2.567720475289679,1.3214564420692874
2173,2173,2025-01-31,AMBUJACEM.NS,0.0063781423878948,2.5840977620933896,1.3214564420692874
2174,2174,2025-02-01,AMBUJACEM.NS,-0.0220358303017618,2.527155022324737,1.3214564420692874
2175,2175,2025-02-03,AMBUJACEM.NS,-0.0126620214783718,2.495156131152886,1.3214564420692874
2176,2176,2025-02-04,AMBUJACEM.NS,0.0374634330529262,2.5886332458289307,1.3214564420692874
2177,2177,2025-02-05,AMBUJACEM.NS,0.0157678546503248,2.62945043859216,1.3214564420692874
2178,2178,2025-02-06,AMBUJACEM.NS,-0.0146606200125405,2.590901064870152,1.3214564420692874
2179,2179,2025-02-07,AMBUJACEM.NS,-0.0027230668965377,2.5838458679482,1.3214564420692874
2180,2180,2025-02-10,AMBUJACEM.NS,-0.0117016148253548,2.5536106988333853,1.3214564420692874
2181,2181,2025-02-11,AMBUJACEM.NS,-0.013517506809918,2.5190922488220253,1.3214564420692874
2182,2182,2025-02-12,AMBUJACEM.NS,0.00240053031139,2.5251394061225105,1.3214564420692874
2183,2183,2025-02-13,AMBUJACEM.NS,0.0027937997657234,2.532194140003755,1.3214564420692874
2184,2184,2025-02-14,AMBUJACEM.NS,-0.0258706292988061,2.4666846840951084,1.3214564420692874
2185,2185,2025-02-17,AMBUJACEM.NS,-0.0024514697774599,2.460637681141526,1.3214564420692874
2186,2186,2025-02-18,AMBUJACEM.NS,-0.0031742686338914,2.452826956130907,1.3214564420692874
2187,2187,2025-02-19,AMBUJACEM.NS,-0.0140729880157189,2.418308351772644,1.3214564420692874
2188,2188,2025-02-20,AMBUJACEM.NS,0.0061471762171154,2.4331741193583127,1.3214564420692874
2189,2189,2025-02-21,AMBUJACEM.NS,-0.0018639559547156,2.428638789969675,1.3214564420692874
2190,2190,2025-02-24,AMBUJACEM.NS,-0.0239651420275784,2.370436116434365,1.3214564420692874
2191,2191,2025-02-25,AMBUJACEM.NS,-0.0024447437196112,2.3646410076259725,1.3214564420692874
2192,2192,2025-02-27,AMBUJACEM.NS,0.0011721049083828,2.367412614957574,1.3214564420692874
2193,2193,2025-02-28,AMBUJACEM.NS,-0.0103235321768614,2.342972554651152,1.3214564420692874
2194,2194,2025-03-03,AMBUJACEM.NS,0.0147327590085661,2.377491004662512,1.3214564420692874
2195,2195,2025-03-04,AMBUJACEM.NS,0.0067825252027859,2.3936163973210323,1.3214564420692874
2196,2196,2025-03-05,AMBUJACEM.NS,0.0338947629067005,2.4747474575978194,1.3214564420692874
2197,2197,2025-03-06,AMBUJACEM.NS,0.015068164988542,2.512037360593878,1.3214564420692874
2198,2198,2025-03-07,AMBUJACEM.NS,0.0026078217201817,2.5185883061847427,1.3214564420692874
2199,2199,2025-03-10,AMBUJACEM.NS,-0.0204081307477419,2.4671886267323906,1.3214564420692874
2200,2200,2025-03-11,AMBUJACEM.NS,0.0121527475839704,2.497171747355112,1.3214564420692874
2201,2201,2025-03-12,AMBUJACEM.NS,-0.0128139912117939,2.4651730105301635,1.3214564420692874
2202,2202,2025-03-13,AMBUJACEM.NS,-0.0069501946544121,2.448039578250176,1.3214564420692874
2203,2203,2025-03-17,AMBUJACEM.NS,0.0097777308131397,2.471975850266218,1.3214564420692874
2204,2204,2025-03-18,AMBUJACEM.NS,0.0,2.471975850266218,1.3214564420692874
2205,2205,2025-03-19,AMBUJACEM.NS,0.0336357155228921,2.555122526745232,1.3214564420692874
2206,2206,2025-03-20,AMBUJACEM.NS,-0.0046346551439391,2.5432804149832573,1.3214564420692874
2207,2207,2025-03-21,AMBUJACEM.NS,0.019417527578198,2.5926646325802856,1.3214564420692874
2208,2208,2025-03-24,AMBUJACEM.NS,0.0093294024650834,2.6168526443946147,1.3214564420692874
2209,2209,2025-03-25,AMBUJACEM.NS,0.0024070507417621,2.623151541493387,1.3214564420692874
2210,2210,2025-03-26,AMBUJACEM.NS,0.0228604977603046,2.6831180914326365,1.3214564420692874
2211,2211,2025-03-27,AMBUJACEM.NS,0.0194383400620559,2.7352734533205583,1.3214564420692874
2212,2212,2025-03-28,AMBUJACEM.NS,-0.0081982458013375,2.712849009216363,1.3214564420692874
2213,2213,2025-04-01,AMBUJACEM.NS,-0.0156960135546084,2.670268094396097,1.3214564420692874
2214,2214,2025-04-02,AMBUJACEM.NS,0.0078315963439525,2.6911805562415427,1.3214564420692874
2215,2215,2025-04-03,AMBUJACEM.NS,0.0124521089277642,2.724691429672144,1.3214564420692874
2216,2216,2025-04-04,AMBUJACEM.NS,-0.0231181763862035,2.661701532603006,1.3214564420692874
2217,2217,2025-04-07,AMBUJACEM.NS,-0.0056796983229273,2.6465838708721474,1.3214564420692874
2218,2218,2025-04-08,AMBUJACEM.NS,0.0220867996377671,2.7050384385526467,1.3214564420692874
2219,2219,2025-04-09,AMBUJACEM.NS,0.020491842097545,2.7604696591032574,1.3214564420692874
2220,2220,2025-04-11,AMBUJACEM.NS,0.0015517052430997,2.764753094346706,1.3214564420692874
2221,2221,2025-04-15,AMBUJACEM.NS,0.0171328638535395,2.8121212327008,1.3214564420692874
2222,2222,2025-04-16,AMBUJACEM.NS,0.0137980840952374,2.8509231179556083,1.3214564420692874
2223,2223,2025-04-17,AMBUJACEM.NS,0.0071586194052475,2.871331791510674,1.3214564420692874
2224,2224,2025-04-21,AMBUJACEM.NS,0.0159705588948426,2.917188564993629,1.3214564420692874
2225,2225,2025-04-22,AMBUJACEM.NS,-0.0017273883969953,2.9121494473146115,1.3214564420692874
2226,2226,2025-04-23,AMBUJACEM.NS,-0.0061430306833527,2.894260023905249,1.3214564420692874
2227,2227,2025-04-24,AMBUJACEM.NS,-0.0040914786406064,2.88241822083708,1.3214564420692874
2228,2228,2025-04-25,AMBUJACEM.NS,-0.0407342805066941,2.765004988491896,1.3214564420692874
2229,2229,2025-04-28,AMBUJACEM.NS,-0.0068343457132165,2.746107988501774,1.3214564420692874
2230,2230,2025-04-29,AMBUJACEM.NS,-0.0201853753685968,2.6906767679511634,1.3214564420692874
2231,2231,2025-04-30,AMBUJACEM.NS,0.0107688684077895,2.719652311993126,1.3214564420692874
2232,2232,2025-05-02,AMBUJACEM.NS,-0.0208449439365353,2.6629613120227607,1.3214564420692874
2233,2233,2025-05-05,AMBUJACEM.NS,0.0245056364389641,2.7282188737862176,1.3214564420692874
2234,2234,2025-05-06,AMBUJACEM.NS,-0.0115440863232346,2.6967240795985514,1.3214564420692874
2235,2235,2025-05-07,AMBUJACEM.NS,9.34074594785006e-05,2.6969759737437413,1.3214564420692874
2236,2236,2025-05-08,AMBUJACEM.NS,-0.0201793919582086,2.642552638467695,1.3214564420692874
2237,2237,2025-05-09,AMBUJACEM.NS,0.0058161777564289,2.6579221943437434,1.3214564420692874
2238,2238,2025-05-12,AMBUJACEM.NS,0.0269219539287139,2.7294786532059723,1.3214564420692874
2239,2239,2025-05-13,AMBUJACEM.NS,-0.0087694833740592,2.705542535536833,1.3214564420692874
2240,2240,2025-05-14,AMBUJACEM.NS,0.0124789976274706,2.739304994418818,1.3214564420692874
2241,2241,2025-05-15,AMBUJACEM.NS,0.0072663998004025,2.759209879683505,1.3214564420692874
2242,2242,2025-05-16,AMBUJACEM.NS,0.0291296850566979,2.839584794484015,1.3214564420692874
2243,2243,2025-05-19,AMBUJACEM.NS,0.0036380101122874,2.8499152326810457,1.3214564420692874
2244,2244,2025-05-20,AMBUJACEM.NS,-0.0061886825152253,2.8322780121106783,1.3214564420692874
2245,2245,2025-05-21,AMBUJACEM.NS,0.010230473109654,2.8612535561526413,1.3214564420692874
2246,2246,2025-05-22,AMBUJACEM.NS,-8.803628907616545e-05,2.861001662007452,1.3214564420692874
2247,2247,2025-05-23,AMBUJACEM.NS,0.0055481771916519,2.87687500617388,1.3214564420692874
2248,2248,2025-05-26,AMBUJACEM.NS,-0.0065685856874448,2.857978006183758,1.3214564420692874
2249,2249,2025-05-27,AMBUJACEM.NS,-0.0078462619571164,2.835553562079563,1.3214564420692874
2250,2250,2025-05-28,AMBUJACEM.NS,-0.0018659537576596,2.830262550255356,1.3214564420692874
2251,2251,2025-05-29,AMBUJACEM.NS,-0.0003561101688158,2.8292546649807906,1.3214564420692874
2252,2252,2025-05-30,AMBUJACEM.NS,-0.0141597945106983,2.789193000306228,1.3214564420692874
2253,2253,2025-06-02,AMBUJACEM.NS,0.0037037373160968,2.7995234385032584,1.3214564420692874
2254,2254,2025-06-03,AMBUJACEM.NS,-0.0056700165278539,2.7836500943368305,1.3214564420692874
2255,2255,2025-06-04,AMBUJACEM.NS,9.049059208354748e-05,2.7839019884820204,1.3214564420692874
2256,2256,2025-06-05,AMBUJACEM.NS,-0.0041632994497428,2.7723117708652354,1.3214564420692874
2257,2257,2025-06-06,AMBUJACEM.NS,0.0090884067779397,2.7975076679541293,1.3214564420692874
2258,2258,2025-06-09,AMBUJACEM.NS,0.008736424544351,2.821947882607454,1.3214564420692874
2259,2259,2025-06-10,AMBUJACEM.NS,0.0019642127353094,2.827490788576851,1.3214564420692874
2260,2260,2025-06-11,AMBUJACEM.NS,0.0002673717390802,2.828246779706226,1.3214564420692874
2261,2261,2025-06-12,AMBUJACEM.NS,-0.0229844397188774,2.7632411120879588,1.3214564420692874
2262,2262,2025-06-13,AMBUJACEM.NS,-0.0070467205234311,2.74376932423222,1.3214564420692874
2263,2263,2025-06-16,AMBUJACEM.NS,0.0141014274913593,2.7824603884108963,1.3214564420692874
2264,2264,2025-06-17,AMBUJACEM.NS,0.001363264503712,2.786253617891401,1.3214564420692874
2265,2265,2025-06-18,AMBUJACEM.NS,-0.0106190531164267,2.7566662427271766,1.3214564420692874
2266,2266,2025-06-19,AMBUJACEM.NS,-0.0224750027967215,2.694710161212256,1.3214564420692874
2267,2267,2025-06-20,AMBUJACEM.NS,0.0012200158201112,2.6979977502395487,1.3214564420692874
2268,2268,2025-06-23,AMBUJACEM.NS,0.0039365930038117,2.708618669307441,1.3214564420692874
2269,2269,2025-06-24,AMBUJACEM.NS,0.0348240590778841,2.802943765866864,1.3214564420692874
2270,2270,2025-06-25,AMBUJACEM.NS,0.009382916081728,2.829243552003795,1.3214564420692874
2271,2271,2025-06-26,AMBUJACEM.NS,0.0131390333663932,2.866417077435226,1.3214564420692874
2272,2272,2025-06-27,AMBUJACEM.NS,0.014468482059164,2.907889781494179,1.3214564420692874
2273,2273,2025-06-30,AMBUJACEM.NS,0.0043482040993501,2.92053387976253,1.3214564420692874
2274,2274,2025-07-01,AMBUJACEM.NS,0.0048488834250208,2.9346952080843227,1.3214564420692874
2275,2275,2025-07-02,AMBUJACEM.NS,0.0240413825196574,3.005249338160484,1.3214564420692874
2276,2276,2025-07-03,AMBUJACEM.NS,-0.0091720163161699,2.9776851421967168,1.3214564420692874
2277,2277,2025-07-04,AMBUJACEM.NS,0.0118895966029723,3.0130886173481004,1.3214564420692874
2278,2278,2025-07-07,AMBUJACEM.NS,-0.0062945866554763,2.994122469945573,1.3214564420692874
2279,2279,2025-07-08,AMBUJACEM.NS,-0.0007601557551203,2.9918464705185093,1.3214564420692874
2280,2280,2025-07-09,AMBUJACEM.NS,-0.0020285896911407,2.98577724161094,1.3214564420692874
2281,2281,2025-07-10,AMBUJACEM.NS,-0.0083847740773801,2.9607421739946487,1.3214564420692874
2282,2282,2025-07-11,AMBUJACEM.NS,0.0029894088264714,2.9695930427824946,1.3214564420692874
2283,2283,2025-07-14,AMBUJACEM.NS,0.0051094266801636,2.984765960704516,1.3214564420692874
2284,2284,2025-07-15,AMBUJACEM.NS,0.0049986461913711,2.9996857497061256,1.3214564420692874
2285,2285,2025-07-16,AMBUJACEM.NS,0.0040465764843296,3.011824207521265,1.3214564420692874
2286,2286,2025-07-17,AMBUJACEM.NS,-0.0015113760101804,3.0072722086671364,1.3214564420692874
2287,2287,2025-07-18,AMBUJACEM.NS,0.0035318478091499,3.017893436428835,1.3214564420692874
2288,2288,2025-07-21,AMBUJACEM.NS,0.0277358596520802,3.101597305226559,1.3214564420692874
2289,2289,2025-07-22,AMBUJACEM.NS,0.0119037713705156,3.138518010431384,1.3214564420692874
2290,2290,2025-07-23,AMBUJACEM.NS,-0.0002416620447284,3.137759549751566,1.3214564420692874
2291,2291,2025-07-24,AMBUJACEM.NS,0.0,3.137759549751566,1.3214564420692874
2292,2292,2025-07-25,AMBUJACEM.NS,-0.0117666804333534,3.100838535852936,1.3214564420692874
2293,2293,2025-07-28,AMBUJACEM.NS,-0.0033436435729907,3.0904704370116494,1.3214564420692874
2294,2294,2025-07-29,AMBUJACEM.NS,-0.0016365273217856,3.085412797704309,1.3214564420692874
2295,2295,2025-07-30,AMBUJACEM.NS,0.0127858174724131,3.124862322562804,1.3214564420692874
2296,2296,2025-07-31,AMBUJACEM.NS,-0.0407056152345969,2.9976628791994733,1.3214564420692874
2297,2297,2025-08-01,AMBUJACEM.NS,0.0257297109598728,3.074791878636416,1.3214564420692874
2298,2298,2025-08-04,AMBUJACEM.NS,-0.0044411746900528,3.061136190767836,1.3214564420692874
2299,2299,2025-08-05,AMBUJACEM.NS,-0.0042131148995766,3.048239272272878,1.3214564420692874
2300,2300,2025-08-06,AMBUJACEM.NS,-0.0212377427139853,2.9835015508776808,1.3214564420692874
2301,2301,2025-08-07,AMBUJACEM.NS,0.0041531633674849,2.9958925202256204,1.3214564420692874
2302,2302,2025-08-08,AMBUJACEM.NS,-0.0208491197686321,2.933430798257487,1.3214564420692874
2303,2303,2025-08-11,AMBUJACEM.NS,0.0152585785964438,2.978190782649928,1.3214564420692874
2304,2304,2025-08-12,AMBUJACEM.NS,-0.0028869003011904,2.9695930427824933,1.3214564420692874
2305,2305,2025-08-13,AMBUJACEM.NS,-0.0107298791895853,2.937729668191204,1.3214564420692874
2306,2306,2025-08-14,AMBUJACEM.NS,-0.0048205008361138,2.923568339869412,1.3214564420692874
2307,2307,2025-08-18,AMBUJACEM.NS,0.0207594503129682,2.984260011557497,1.3214564420692874
2308,2308,2025-08-19,AMBUJACEM.NS,0.0039827754761658,2.9961456491460314,1.3214564420692874
2309,2309,2025-08-20,AMBUJACEM.NS,-0.000844024273116,2.9936168294923613,1.3214564420692874
2310,2310,2025-08-21,AMBUJACEM.NS,-0.0053218859336604,2.9776851421967168,1.3214564420692874
2311,2311,2025-08-22,AMBUJACEM.NS,-0.0197027186173036,2.919016649709089,1.3214564420692874
2312,2312,2025-08-25,AMBUJACEM.NS,0.0066706669376754,2.9384884375648275,1.3214564420692874
2313,2313,2025-08-26,AMBUJACEM.NS,-0.0141136182565081,2.8970157335058744,1.3214564420692874
2314,2314,2025-08-28,AMBUJACEM.NS,-0.0192039110237827,2.841381701125129,1.3214564420692874
2315,2315,2025-08-29,AMBUJACEM.NS,0.0024920335430451,2.8484625196329274,1.3214564420692874
2316,2316,2025-09-01,AMBUJACEM.NS,0.0069246507357543,2.868187127715272,1.3214564420692874
2317,2317,2025-09-02,AMBUJACEM.NS,0.0002645466769901,2.868945897088895,1.3214564420692874
2318,2318,2025-09-03,AMBUJACEM.NS,0.0114587924195681,2.9018205525866083,1.3214564420692874
2319,2319,2025-09-04,AMBUJACEM.NS,-0.0105446410334967,2.8712218965159595,1.3214564420692874
2320,2320,2025-09-05,AMBUJACEM.NS,-0.0017614937088205,2.866164257208619,1.3214564420692874
2321,2321,2025-09-08,AMBUJACEM.NS,0.0063525242780873,2.8843716352375224,1.3214564420692874
2322,2322,2025-09-09,AMBUJACEM.NS,-0.0047343718478413,2.8707159473689416,1.3214564420692874
2323,2323,2025-09-10,AMBUJACEM.NS,-0.0013213531223742,2.866922717888436,1.3214564420692874
2324,2324,2025-09-11,AMBUJACEM.NS,-0.0113785859569065,2.8343011913111344,1.3214564420692874
2325,2325,2025-09-12,AMBUJACEM.NS,0.0002676005930997,2.835059651990953,1.3214564420692874
2326,2326,2025-09-15,AMBUJACEM.NS,0.0146285119714599,2.876532356049905,1.3214564420692874
2327,2327,2025-09-16,AMBUJACEM.NS,0.0086154275412086,2.901314912133396,1.3214564420692874
2328,2328,2025-09-17,AMBUJACEM.NS,0.0146430105838244,2.9437988970987727,1.3214564420692874
2329,2329,2025-09-18,AMBUJACEM.NS,-0.0018039477965632,2.938488437564826,1.3214564420692874
2330,2330,2025-09-19,AMBUJACEM.NS,0.0024957180843911,2.945822076299231,1.3214564420692874
2331,2331,2025-09-22,AMBUJACEM.NS,0.0134775095225634,2.985524421384332,1.3214564420692874
2332,2332,2025-09-23,AMBUJACEM.NS,0.0022022493983595,2.992099290745113,1.3214564420692874
2333,2333,2025-09-24,AMBUJACEM.NS,-0.0151283832677827,2.94683366589946,1.3214564420692874
2334,2334,2025-09-25,AMBUJACEM.NS,-0.0055779625226453,2.930396338150603,1.3214564420692874
2335,2335,2025-09-26,AMBUJACEM.NS,-0.0245081318755405,2.858577798247607,1.3214564420692874
2336,2336,2025-09-29,AMBUJACEM.NS,-0.0053962981724982,2.8431520600989795,1.3214564420692874
2337,2337,2025-09-30,AMBUJACEM.NS,0.0138752778692818,2.882601584957474,1.3214564420692874
2338,2338,2025-10-01,AMBUJACEM.NS,0.0020176565563236,2.8884176849446326,1.3214564420692874
2339,2339,2025-10-03,AMBUJACEM.NS,0.0088426703624768,2.9139590104017468,1.3214564420692874
2340,2340,2025-10-06,AMBUJACEM.NS,-0.0040788623127868,2.9020733728132133,1.3214564420692874
2341,2341,2025-10-07,AMBUJACEM.NS,-0.0067096125267374,2.882601584957474,1.3214564420692874
2342,2342,2025-10-08,AMBUJACEM.NS,-0.0064041132307873,2.86414107800816,1.3214564420692874
2343,2343,2025-10-09,AMBUJACEM.NS,-0.0007062747440009,2.8621182075015072,1.3214564420692874
2344,2344,2025-10-10,AMBUJACEM.NS,0.0059197304142302,2.879061175703576,1.3214564420692874
2345,2345,2025-10-13,AMBUJACEM.NS,-0.0043917435221783,2.8664170774352247,1.3214564420692874
2346,2346,2025-10-14,AMBUJACEM.NS,-0.0055580492528671,2.85048539013958,1.3214564420692874
2347,2347,2025-10-15,AMBUJACEM.NS,0.006032690846957,2.86768148726206,1.3214564420692874
2348,2348,2025-10-16,AMBUJACEM.NS,0.0047619262910603,2.88133717513064,1.3214564420692874
2349,2349,2025-10-17,AMBUJACEM.NS,-0.0107074539062446,2.85048539013958,1.3214564420692874
2350,2350,2025-10-20,AMBUJACEM.NS,0.0033712287018592,2.860095028301049,1.3214564420692874
2351,2351,2025-10-21,AMBUJACEM.NS,0.0035366931918656,2.87021030691573,1.3214564420692874
2352,2352,2025-10-23,AMBUJACEM.NS,-0.005550703813326,2.8542786196200853,1.3214564420692874
2353,2353,2025-10-24,AMBUJACEM.NS,-0.0165676902461631,2.806989815573974,1.3214564420692874
2354,2354,2025-10-27,AMBUJACEM.NS,0.0094594594594594,2.833542421937512,1.3214564420692874
2355,2355,2025-10-28,AMBUJACEM.NS,-0.0095492647674029,2.806484175120762,1.3214564420692874
2356,2356,2025-10-29,AMBUJACEM.NS,0.0303657863481443,2.891705273971928,1.3214564420692874
2357,2357,2025-10-30,AMBUJACEM.NS,-0.0067336695862483,2.8722334861161887,1.3214564420692874
2358,2358,2025-10-31,AMBUJACEM.NS,-0.0044021832937574,2.8595893878478376,1.3214564420692874
2359,2359,2025-11-03,AMBUJACEM.NS,0.0208701579119976,2.9192694699356947,1.3214564420692874
2360,2360,2025-11-04,AMBUJACEM.NS,-0.016978495470741,2.869704666462519,1.3214564420692874
2361,2361,2025-11-06,AMBUJACEM.NS,-0.0158618251898985,2.8241859126964544,1.3214564420692874
2362,2362,2025-11-07,AMBUJACEM.NS,0.0007162667647193,2.8262087832031075,1.3214564420692874
2363,2363,2025-11-10,AMBUJACEM.NS,-0.0048318043414696,2.812553095334527,1.3214564420692874
2364,2364,2025-11-11,AMBUJACEM.NS,0.0026074667698077,2.819886734068932,1.3214564420692874
2365,2365,2025-11-12,AMBUJACEM.NS,0.0089678057743167,2.845174930605634,1.3214564420692874
2366,2366,2025-11-13,AMBUJACEM.NS,-0.0056884050777171,2.828990423083383,1.3214564420692874
2367,2367,2025-11-14,AMBUJACEM.NS,0.0068830549551033,2.848462519632927,1.3214564420692874
2368,2368,2025-11-17,AMBUJACEM.NS,-0.0051491909644996,2.833795242164117,1.3214564420692874
2369,2369,2025-11-18,AMBUJACEM.NS,-0.004461895510381,2.8211511438957664,1.3214564420692874
2370,2370,2025-11-19,AMBUJACEM.NS,-0.0044818932497501,2.808507045627416,1.3214564420692874
2371,2371,2025-11-20,AMBUJACEM.NS,0.0008103947720579,2.8107830450544795,1.3214564420692874
2372,2372,2025-11-21,AMBUJACEM.NS,-0.0147548577724359,2.7693103409955264,1.3214564420692874
2373,2373,2025-11-24,AMBUJACEM.NS,-0.0053876582463675,2.754390243300111,1.3214564420692874
2374,2374,2025-11-25,AMBUJACEM.NS,0.002295262680934,2.760712292434287,1.3214564420692874
2375,2375,2025-11-26,AMBUJACEM.NS,0.0076028663546383,2.781701619037272,1.3214564420692874
2376,2376,2025-11-27,AMBUJACEM.NS,-0.002363614169034,2.7751267496764904,1.3214564420692874
2377,2377,2025-11-28,AMBUJACEM.NS,0.00273373422021,2.7827132086375013,1.3214564420692874
2378,2378,2025-12-01,AMBUJACEM.NS,-0.012450084458588,2.748068194165936,1.3214564420692874
2379,2379,2025-12-02,AMBUJACEM.NS,-0.0006441071163389,2.7462981438858884,1.3214564420692874
2380,2380,2025-12-03,AMBUJACEM.NS,-0.0140884427514963,2.707607079707212,1.3214564420692874
2381,2381,2025-12-04,AMBUJACEM.NS,0.0028953934786837,2.7154466675886337,1.3214564420692874
2382,2382,2025-12-05,AMBUJACEM.NS,-0.0057739550756715,2.699767800519595,1.3214564420692874
2383,2383,2025-12-08,AMBUJACEM.NS,-0.0090857543964922,2.675238373356516,1.3214564420692874
2384,2384,2025-12-09,AMBUJACEM.NS,0.007751158883295,2.69597457103909,1.3214564420692874
2385,2385,2025-12-10,AMBUJACEM.NS,-0.0062845430309598,2.6790316028370214,1.3214564420692874
2386,2386,2025-12-11,AMBUJACEM.NS,0.0120822413279553,2.711400309187717,1.3214564420692874
2387,2387,2025-12-12,AMBUJACEM.NS,0.0224772418893597,2.772345109796214,1.3214564420692874
2388,2388,2025-12-15,AMBUJACEM.NS,0.0096688635536121,2.7991505363863576,1.3214564420692874
2389,2389,2025-12-16,AMBUJACEM.NS,-0.0085825275909888,2.7751267496764904,1.3214564420692874
2390,2390,2025-12-17,AMBUJACEM.NS,-0.013486466647408,2.7377000953246484,1.3214564420692874
2391,2391,2025-12-18,AMBUJACEM.NS,-0.0101607244116613,2.709883079134276,1.3214564420692874
2392,2392,2025-12-19,AMBUJACEM.NS,0.0071855854960962,2.7293551756838195,1.3214564420692874
2393,2393,2025-12-22,AMBUJACEM.NS,0.0005558932259746,2.730872405737261,1.3214564420692874
2394,2394,2025-12-23,AMBUJACEM.NS,0.0128715844983933,2.766023060662038,1.3214564420692874
2395,2395,2025-12-24,AMBUJACEM.NS,0.002194096029088,2.772091980875804,1.3214564420692874
2396,2396,2025-12-26,AMBUJACEM.NS,0.0119504636378113,2.8052197652939284,1.3214564420692874
2397,2397,2025-12-29,AMBUJACEM.NS,-0.0045975817468301,2.7923225381051657,1.3214564420692874
2398,2398,2025-12-30,AMBUJACEM.NS,-0.0038036147053055,2.781701619037273,1.3214564420692874
2399,2399,2025-12-31,AMBUJACEM.NS,0.0115454101562499,2.8138175051613628,1.3214564420692874
2400,2400,2026-01-01,AMBUJACEM.NS,0.005931605954776,2.830507961830631,1.3214564420692874
2401,2401,2026-01-02,AMBUJACEM.NS,0.0102742781187583,2.859589387847839,1.3214564420692874
2402,2402,2026-01-05,AMBUJACEM.NS,0.0103466136068883,2.889176454318259,1.3214564420692874
2403,2403,2026-01-06,AMBUJACEM.NS,-0.0134792336228117,2.850232569912976,1.3214564420692874
2404,2404,2026-01-07,AMBUJACEM.NS,-0.0027503998341636,2.84239329072536,1.3214564420692874
2405,2405,2026-01-08,AMBUJACEM.NS,-0.02722417756756,2.7650114710618108,1.3214564420692874
2406,2406,2026-01-09,AMBUJACEM.NS,-0.0178342779994447,2.715699487815241,1.3214564420692874
2407,2407,2026-01-12,AMBUJACEM.NS,0.0032591488224518,2.724550356603087,1.3214564420692874
2408,2408,2026-01-13,AMBUJACEM.NS,-0.0019491141065079,2.7192398970691403,1.3214564420692874
2409,2409,2026-01-14,AMBUJACEM.NS,0.022133289014308,2.7794256196102087,1.3214564420692874
2410,2410,2026-01-15,AMBUJACEM.NS,0.0,2.7794256196102087,1.3214564420692874
2411,2411,2026-01-16,AMBUJACEM.NS,0.0076426390689203,2.8006677664398,1.3214564420692874
2412,2412,2026-01-19,AMBUJACEM.NS,-0.0028893464305869,2.792575667025577,1.3214564420692874
2413,2413,2026-01-20,AMBUJACEM.NS,-0.0287060326365351,2.712411898787947,1.3214564420692874
2414,2414,2026-01-21,AMBUJACEM.NS,0.0043819442002317,2.7242975363764805,1.3214564420692874
2415,2415,2026-01-22,AMBUJACEM.NS,0.0147590287042553,2.7645055219147934,1.3214564420692874
2416,2416,2026-01-23,AMBUJACEM.NS,-0.0512257615269464,2.62289162130926,1.3214564420692874
2417,2417,2026-01-27,AMBUJACEM.NS,0.0263209121802214,2.6919285213319792,1.3214564420692874
2418,2418,2026-01-28,AMBUJACEM.NS,0.0031940107224635,2.700526569893219,1.3214564420692874
2419,2419,2026-01-29,AMBUJACEM.NS,0.003932906710232,2.711147488961112,1.3214564420692874
2420,2420,2026-01-30,AMBUJACEM.NS,-0.0483163781107806,2.580154661770373,1.3214564420692874
2421,2421,2026-02-02,AMBUJACEM.NS,0.0006860846960758,2.581924866397323,1.3214564420692874
2422,2422,2026-02-03,AMBUJACEM.NS,0.034769833496572,2.671697964102617,1.3214564420692874
2423,2423,2026-02-04,AMBUJACEM.NS,0.0164694977889847,2.71569948781524,1.3214564420692874
2424,2424,2026-02-05,AMBUJACEM.NS,-0.0072632914152142,2.69597457103909,1.3214564420692874
2425,2425,2026-02-06,AMBUJACEM.NS,-0.0067535421975015,2.6777671930101863,1.3214564420692874
2426,2426,2026-02-09,AMBUJACEM.NS,0.0245537816607257,2.743516504005613,1.3214564420692874
2427,2427,2026-02-10,AMBUJACEM.NS,-0.0072817994619635,2.723538767002857,1.3214564420692874
2428,2428,2026-02-11,AMBUJACEM.NS,0.0051067780872795,2.7374472750980434,1.3214564420692874
2429,2429,2026-02-12,AMBUJACEM.NS,-0.0155196755918013,2.694962981438861,1.3214564420692874
2430,2430,2026-02-13,AMBUJACEM.NS,-0.0251477226102361,2.627190799936782,1.3214564420692874
2431,2431,2026-02-16,AMBUJACEM.NS,0.0101068435395619,2.65374340630032,1.3214564420692874
2432,2432,2026-02-17,AMBUJACEM.NS,-0.0051458207436936,2.64008771843174,1.3214564420692874
2433,2433,2026-02-18,AMBUJACEM.NS,0.0019157088122605,2.64514535773908,1.3214564420692874
2434,2434,2026-02-19,AMBUJACEM.NS,-0.0207456512159416,2.5902700947319577,1.3214564420692874
2435,2435,2026-02-20,AMBUJACEM.NS,-0.000292930600236,2.5895113253583344,1.3214564420692874
2436,2436,2026-02-23,AMBUJACEM.NS,0.006445288658142,2.606201473333797,1.3214564420692874
2437,2437,2026-02-24,AMBUJACEM.NS,-0.0015524700405973,2.602155423626685,1.3214564420692874
2438,2438,2026-02-25,AMBUJACEM.NS,-0.0066083457657616,2.5849594808511083,1.3214564420692874
2439,2439,2026-02-26,AMBUJACEM.NS,0.0020544282880212,2.5902700947319577,1.3214564420692874
2440,2440,2026-02-27,AMBUJACEM.NS,-0.0229425558087613,2.530842678523804,1.3214564420692874
2441,2441,2026-03-02,AMBUJACEM.NS,-0.0192845603800718,2.482036490077349,1.3214564420692874
2442,2442,2026-03-04,AMBUJACEM.NS,-0.0297503945053807,2.4081949253207973,1.3214564420692874
2443,2443,2026-03-05,AMBUJACEM.NS,0.0080857002055378,2.4276668675234387,1.3214564420692874
2444,2444,2026-03-06,AMBUJACEM.NS,-0.0276041666666666,2.360653146701177,1.3214564420692874
2445,2445,2026-03-09,AMBUJACEM.NS,-0.0317085973068423,2.285800146691299,1.3214564420692874
2446,2446,2026-03-10,AMBUJACEM.NS,0.0224582224191527,2.3371351547914245,1.3214564420692874
2447,2447,2026-03-11,AMBUJACEM.NS,-0.0093053846651185,2.315387213161719,1.3214564420692874
2448,2448,2026-03-12,AMBUJACEM.NS,-0.0247924331336381,2.2579831305009264,1.3214564420692874
2449,2449,2026-03-13,AMBUJACEM.NS,-0.0472617438158586,2.151266910246661,1.3214564420692874
2450,2450,2026-03-16,AMBUJACEM.NS,0.0085811539769817,2.169727262849073,1.3214564420692874
2451,2451,2026-03-17,AMBUJACEM.NS,0.0121212405758306,2.196027048986005,1.3214564420692874
2452,2452,2026-03-18,AMBUJACEM.NS,0.0162367286843998,2.2316833443639945,1.3214564420692874
2453,2453,2026-03-19,AMBUJACEM.NS,-0.0482719270095607,2.1239556888564035,1.3214564420692874
2454,2454,2026-03-20,AMBUJACEM.NS,0.0014286833396774,2.126990148963286,1.3214564420692874
2455,2455,2026-03-23,AMBUJACEM.NS,-0.0599214895278009,1.9995377310264464,1.3214564420692874
2456,2456,2026-03-24,AMBUJACEM.NS,0.0308586859772523,2.06124083796786,1.3214564420692874
2457,2457,2026-03-25,AMBUJACEM.NS,0.0349650360123157,2.133312198097461,1.3214564420692874
2458,2458,2026-03-27,AMBUJACEM.NS,-0.0307017118639875,2.067815861675543,1.3214564420692874
2459,2459,2026-03-30,AMBUJACEM.NS,-0.0185887391220715,2.0293777720703745,1.3214564420692874
2460,2460,2026-04-01,AMBUJACEM.NS,0.0476012613171727,2.125978713709958,1.3214564420692874
2461,2461,2026-04-02,AMBUJACEM.NS,-0.004520028235747,2.116369229895392,1.3214564420692874
2462,2462,2026-04-06,AMBUJACEM.NS,0.0277212934581021,2.17503772238302,1.3214564420692874
2463,2463,2026-04-07,AMBUJACEM.NS,-0.0223229295626885,2.126484508510073,1.3214564420692874
2464,2464,2026-04-08,AMBUJACEM.NS,0.0625519967401462,2.259500360554367,1.3214564420692874
2465,2465,2026-04-09,AMBUJACEM.NS,-0.0284275595009092,2.1952682796123817,1.3214564420692874
2466,2466,2026-04-10,AMBUJACEM.NS,0.025688341729388,2.25166108136675,1.3214564420692874
2467,2467,2026-04-13,AMBUJACEM.NS,-0.0094339894246862,2.2304189345371586,1.3214564420692874
2468,2468,2026-04-15,AMBUJACEM.NS,0.0294784580498865,2.2961682455325847,1.3214564420692874
2469,2469,2026-04-16,AMBUJACEM.NS,0.008920677958081,2.316651622988553,1.3214564420692874
2470,2470,2026-04-17,AMBUJACEM.NS,0.0020740360928916,2.321456442069288,1.3214564420692874
