Date,Close,High,Low,Open,Volume,Ticker,SMA20,SMA50,EMA12,EMA26,RSI,Volatility
2016-04-18,101.78695678710938,103.91709264009748,100.86807702877248,102.99821288176058,476513,ONMOBILE.NS,,,101.78695678710938,101.78695678710938,,
2016-04-20,101.0351333618164,102.49698940021582,100.45039349573126,101.91224953413068,220485,ONMOBILE.NS,,,101.67129164475661,101.7312661630136,,
2016-04-21,100.61746215820312,101.82871815169456,99.86565556528936,101.7869482862275,115427,ONMOBILE.NS,,,101.50916403144068,101.64876216265726,,
2016-04-22,100.70101165771484,102.32993459795844,100.19979871623624,101.07691499063652,180857,ONMOBILE.NS,,,101.38483289702131,101.57855842155043,,
2016-04-25,99.65682220458984,101.57811498761173,98.65440275966868,100.65923527632414,162000,ONMOBILE.NS,,,101.1189850981857,101.43620759066445,,
2016-04-26,99.65682220458984,100.82630199721756,99.15560929553584,100.2415621009037,140770,ONMOBILE.NS,,,100.89403696070941,101.30440126577004,,
2016-04-27,99.82389068603516,100.82630377544858,99.28091427377495,100.65923705160868,96015,ONMOBILE.NS,,,100.72939907229798,101.19473381541931,,
2016-04-28,99.03031158447266,102.32992709246516,98.57086854621134,100.7845376314204,296424,ONMOBILE.NS,,,100.46800099724793,101.03440624275659,,
2016-04-29,97.19255065917967,100.03272964395876,96.06483431361384,100.03272964395876,199388,ONMOBILE.NS,,,99.96408556062204,100.74982434767682,,
2016-05-02,98.1531982421875,98.57087142619682,95.5636257759672,96.56603886831472,183131,ONMOBILE.NS,,,99.6854875116321,100.55748167319614,,
2016-05-03,96.27367401123048,98.94677998113936,95.856000805108,97.77730010254632,130892,ONMOBILE.NS,,,99.16059312695494,100.2401625871246,,
2016-05-04,97.98613739013672,103.12351276278288,93.55879882503424,96.06483807927624,1285787,ONMOBILE.NS,,,98.97990762898291,100.07319775771809,,
2016-05-05,99.28092193603516,102.24640431196464,97.98613879338018,97.98613879338018,388850,ONMOBILE.NS,,,99.02621752237556,100.01451065981564,,
2016-05-06,96.94194793701172,99.99095706220398,96.06483170693448,97.19254802190024,232586,ONMOBILE.NS,,,98.70556066308882,99.78691342108942,31.761045848045526,
2016-05-09,98.1949691772461,98.90501232314271,97.1925497008152,97.6519927574944,191775,ONMOBILE.NS,,,98.62700812680532,99.66899162524918,37.64370998651542,
2016-05-10,101.4110336303711,102.24637986064896,98.73792186957031,99.36443154227874,454030,ONMOBILE.NS,,,99.05531974273852,99.79803177377673,51.10563467514492,
2016-05-11,99.19737243652344,101.07690159847864,97.90258313123528,99.40620901007402,168064,ONMOBILE.NS,,,99.0771740033208,99.75353848953574,46.2222187944483,
2016-05-12,98.9050064086914,100.65923242106008,97.9025869922045,100.0327226757008,152192,ONMOBILE.NS,,,99.05068668107013,99.69068426132506,45.27469121677012,
2016-05-13,98.98854064941406,99.40621381671116,97.86082437234924,98.44556425729048,117837,ONMOBILE.NS,,,99.04112575312304,99.63867362340572,48.14813248760778,
2016-05-16,98.1531982421875,99.57328451854436,97.15078514983996,97.15078514983996,116249,ONMOBILE.NS,99.1493480682373,,98.90452152067141,99.52863840998215,46.017690174222395,
2016-05-17,97.90258026123048,99.15559966580176,97.23430706937086,98.90499960879929,110239,ONMOBILE.NS,98.95512924194335,,98.75037671152664,99.40818965822277,44.93387869794872,0.014208466262827082
2016-05-18,96.27367401123048,98.32027017195566,95.856000805108,97.56846349948508,187207,ONMOBILE.NS,98.71705627441406,,98.3693455268657,99.17600331400111,43.03797419573632,0.014544892485942769
2016-05-19,95.39653778076172,97.4013700255573,94.31059149583754,95.81421089954472,104354,ONMOBILE.NS,98.456010055542,,97.91199048900354,98.89604290413152,45.2327634285659,0.014620111194525935
2016-05-20,93.51702880859376,96.44074126730337,92.80698562897318,96.06483792902992,137921,ONMOBILE.NS,98.09681091308593,,97.23584253817127,98.49759741557317,38.266370490058506,0.015083117049241816
2016-05-23,93.47525024414062,100.03271728416468,92.0969276040013,94.60296645036868,159491,ONMOBILE.NS,97.78773231506348,,96.65728987755116,98.12557169917075,42.1910959396977,0.01501127318311629
2016-05-24,96.10659790039062,97.52668411336624,92.30576954626954,93.97646220774048,343109,ONMOBILE.NS,97.61022109985352,,96.57256803491109,97.9760180844463,45.01105504273172,0.0165564450843954
2016-05-25,95.39653778076172,98.32024961224268,94.93710117401204,96.9001635576549,133457,ONMOBILE.NS,97.38885345458985,,96.3916403035035,97.78494546935855,39.359203935180545,0.016583709315436797
2016-05-26,96.3572006225586,96.8584071601303,94.31060460531292,96.3572006225586,154419,ONMOBILE.NS,97.25519790649415,,96.38634189105042,97.67918659181781,48.267313526637764,0.016739976716501428
2016-05-27,95.39653778076172,96.7748603473828,94.97886466197872,96.06481732008892,105386,ONMOBILE.NS,97.16539726257324,,96.23406433562138,97.51010149470254,41.561661735813644,0.016378485520880615
2016-05-30,93.89292907714844,96.06482826769374,92.93227951983415,96.06482826769374,160069,ONMOBILE.NS,96.95238380432129,,95.87388968047169,97.24216279710593,24.719192789908334,0.01650102614795545
2016-05-31,93.97647094726562,95.35479379579633,88.29611282073375,93.55879774305556,454952,ONMOBILE.NS,96.83752365112305,,95.5819791061323,97.00025969711777,29.508317482524177,0.016011655072654243
2016-06-01,94.01823425292967,95.43832049882344,92.72344486100133,93.60056107788012,148205,ONMOBILE.NS,96.63912849426269,,95.34140297487036,96.77936892347421,30.43486760556145,0.015393436867678287
2016-06-02,92.68167877197266,94.31060804497402,92.3057754483808,93.55879502460316,112377,ONMOBILE.NS,96.30916633605958,,94.93221463596304,96.47583631965928,27.051759317093428,0.015191650522127
2016-06-03,88.37964630126953,93.85116106502817,87.71136667258462,93.5587911174236,380267,ONMOBILE.NS,95.88105125427246,,93.92412719985634,95.8761185405193,21.60202277887356,0.01748138125601481
2016-06-06,91.6374969482422,93.55879620530456,87.29369824512793,89.21499750219031,805841,ONMOBILE.NS,95.55317764282226,,93.57233793037724,95.562146570721,34.50419391057393,0.01944400944555155
2016-06-07,92.38931274414062,94.26884218846476,89.79974011770928,93.4752656390251,711572,ONMOBILE.NS,95.10209159851074,,93.3903340555716,95.32712184282616,39.95683140458106,0.01775159536881238
2016-06-08,93.3917236328125,94.43590656084848,91.88809766716597,93.43348712602184,457693,ONMOBILE.NS,94.81180915832519,,93.39054783668558,95.18375901245477,44.84983730758058,0.017575483102981983
2016-06-09,93.9346923828125,95.0624150283456,92.51460616921882,93.64232244156518,327136,ONMOBILE.NS,94.56329345703125,,93.47426238224357,95.09123555840719,51.15204444537971,0.01768215097614149
2016-06-10,93.47525024414062,94.47766323341304,91.72102432632072,94.47766323341304,385625,ONMOBILE.NS,94.28762893676758,,93.47441436099697,94.97153294253559,50.0,0.01767282990578026
2016-06-13,91.92987060546876,93.51702361056992,91.17805759752308,91.92987060546876,318609,ONMOBILE.NS,93.97646255493164,,93.23679224476187,94.74622462127138,38.03830176624771,0.017902038586561347
2016-06-14,92.43106842041016,95.43831379488974,88.63024024516842,92.30576520205966,1193367,ONMOBILE.NS,93.70288696289063,,93.11283473332314,94.57473156935573,41.404383412841675,0.018004508543053247
2016-06-15,91.6374969482422,93.55879620530456,91.1780602550749,93.55879620530456,406515,ONMOBILE.NS,93.47107810974121,,92.88585968946454,94.35715863445844,36.18580334664684,0.017765260320292336
2016-06-16,90.09209442138672,91.59572026461434,89.21498465715918,91.47041704881433,441937,ONMOBILE.NS,93.20585594177246,,92.45604964822179,94.04122795200868,34.98816782685293,0.01800436955018638
2016-06-17,89.04791259765625,90.84390838285104,87.33545653940858,89.46558573964637,482412,ONMOBILE.NS,92.98240013122559,,91.93172087121171,93.67135274057517,35.92229135686863,0.01768986482280981
2016-06-20,86.12420654296875,88.37964548916537,85.41416342725726,88.37964548916537,342503,ONMOBILE.NS,92.61484794616699,,91.03825712840509,93.11230487408582,30.416612121009095,0.01894912250850876
2016-06-21,86.2077407836914,88.96438628838078,85.6230008878782,86.87602041306667,295604,ONMOBILE.NS,92.11990509033203,,90.29510076767991,92.60085568220475,30.561288874593032,0.017443181423683753
2016-06-22,81.27921295166016,86.79249830246702,79.98442339186404,86.41658857227411,1069499,ONMOBILE.NS,91.41403884887696,,88.90804110367688,91.76221547994218,25.925903255424345,0.020958367862782462
2016-06-23,82.65752410888672,83.11696718026359,80.15148489742148,81.69688084304154,321997,ONMOBILE.NS,90.72905502319335,,87.9464231044784,91.08779389690103,36.21726736527649,0.021320289978648228
2016-06-24,78.73139953613281,80.15148589095787,75.6823838497512,76.01652369005927,416898,ONMOBILE.NS,89.89579811096192,,86.52872717088677,90.17250542573302,19.882966389690353,0.023131165594261427
2016-06-27,81.19566345214844,84.66235211264906,78.27195119901077,78.52255765569734,512935,ONMOBILE.NS,89.26093482971191,94.43841064453125,85.70825582954241,89.50755416843046,25.81218235616464,0.024774150831356333
2016-06-28,83.11695861816406,85.03825769831084,81.32096276032017,81.86393914150833,406944,ONMOBILE.NS,88.71795921325683,94.06501068115234,85.3095947200996,89.03417672026258,28.645762970940424,0.02566055614850388
2016-06-29,82.11455535888672,84.9547280787771,81.4462756758611,84.03584829450742,381298,ONMOBILE.NS,88.12277526855469,93.68659912109375,84.81805020298992,88.52161217497547,25.894333875726318,0.025652633106462028
2016-06-30,82.3233871459961,84.3699831990751,81.94747745634544,82.49045387038282,333756,ONMOBILE.NS,87.60486068725587,93.3207176208496,84.43425588652934,88.06248439505107,27.022321264354957,0.02565861575561863
2016-07-01,84.0776138305664,85.49770011730827,82.6575211706375,82.69929103861868,458411,ONMOBILE.NS,87.3897590637207,92.98824966430664,84.37938787791967,87.76730879768184,33.95899644115464,0.024426540423164056
2016-07-04,85.24710083007812,85.87361061656124,84.41175444810062,84.9129610026497,296811,ONMOBILE.NS,87.0702392578125,92.70005523681641,84.51288217825173,87.58062672600748,35.71427487751305,0.022991493788247257
2016-07-05,87.25192260742188,89.7997314920525,84.99649004015201,85.70653315405647,666289,ONMOBILE.NS,86.81336975097656,92.45195724487304,84.93427301350867,87.55627827277891,41.67984302999809,0.023642403346141577
2016-07-07,88.04549407958984,89.38204677542632,86.8760080807882,86.8760080807882,362101,ONMOBILE.NS,86.54605827331542,92.21638931274414,85.4129224082904,87.59251648069083,46.003246844190215,0.023593120625617338
2016-07-08,88.33788299560547,90.92745559601649,87.711373187126,87.9202097899525,588175,ONMOBILE.NS,86.26621780395507,92.0025407409668,85.86291634480041,87.64772881512896,48.57145488566574,0.023552462531972844
2016-07-11,98.27848815917967,99.94918066890416,87.92019332425069,88.88084279197949,1919342,ONMOBILE.NS,86.50637969970703,92.0242594909668,87.77300431624337,88.43519247024382,69.06949251793247,0.03490334393487534
2016-07-12,97.31785583496094,100.03273164151564,95.77246626586724,98.9885486389946,682884,ONMOBILE.NS,86.77577896118164,92.00755264282226,89.2414430114307,89.09316753429694,66.9643433378759,0.03473587965731259
2016-07-13,96.90017700195312,99.61505265071472,96.23189736990626,97.06724372337138,375327,ONMOBILE.NS,86.99923439025879,92.02008270263671,90.41970977920339,89.6714645319011,77.66276270539304,0.0347740361191417
2016-07-14,101.28573608398438,104.25121791654256,96.27365842209647,96.90016812983248,1394564,ONMOBILE.NS,87.4816463470459,92.08607467651368,92.09140613378509,90.53178094316652,79.8128762420521,0.03590220912956124
2016-07-15,103.95884704589844,107.30023232818604,99.15560570261,101.07690478920004,1381422,ONMOBILE.NS,88.17498397827148,92.17963317871094,93.91716627411022,91.52637843225779,92.06134171453347,0.0357794761944073
2016-07-18,100.07450103759766,105.04480955681623,99.19738477035332,104.58536648860498,711623,ONMOBILE.NS,88.72631340026855,92.24228424072265,94.86444854541598,92.15957269932,80.05326907685154,0.03695850824751137
2016-07-19,99.03031158447266,100.65923440524124,98.1949652408607,100.24156123343528,238484,ONMOBILE.NS,89.37161865234376,92.25899108886719,95.5053505514247,92.66851632044241,76.06024781908265,0.03603200582173595
2016-07-20,98.1114273071289,100.3668663001538,97.44315404389656,99.40621671274616,304032,ONMOBILE.NS,89.96680297851563,92.19299896240234,95.90628543691764,93.07169491204881,76.26887908664763,0.03620385518454012
2016-07-21,97.86082458496094,100.28333023518462,97.31784819165767,98.32026124607388,320183,ONMOBILE.NS,90.79588356018067,92.1662680053711,96.20698376738584,93.42644525819045,75.47947539772683,0.03302109978076558
2016-07-22,97.02547454833984,99.5732769533112,96.27366159960584,97.81905098838952,213060,ONMOBILE.NS,91.51428108215332,92.12867736816406,96.33290542599414,93.69304002042374,71.89266659098651,0.03322279080202449
2016-07-25,98.02790069580078,100.57570981524904,96.52428097010274,97.31785751645552,202964,ONMOBILE.NS,92.47910614013672,92.1094645690918,96.59367392904133,94.0141408111924,71.73297374744524,0.03049207500826152
2016-07-26,96.81664276123048,100.2415615046693,96.4825029482442,98.52909894635648,297831,ONMOBILE.NS,93.26015510559083,92.08273345947265,96.6279768263012,94.22173354823227,66.71534158620332,0.030558363085423475
2016-07-27,97.19255065917967,98.98854666228904,95.73069448484208,97.65199372038924,176540,ONMOBILE.NS,93.9639347076416,92.06853286743164,96.71483433905173,94.44179407496911,66.2222468781332,0.030387337513022538
2016-07-28,94.77003479003906,98.98853613670047,94.05999171264097,97.44314676279012,337551,ONMOBILE.NS,94.59670867919922,92.0384600830078,96.4156344084344,94.46610820201133,60.60603773300074,0.030970935069384763
2016-07-29,94.93710327148438,97.73551195451928,94.31059357946822,95.56361296350052,238439,ONMOBILE.NS,95.22739448547364,92.02927139282227,96.18816807967285,94.500996725676,41.86992383054115,0.03097816922128601
2016-08-01,98.52909088134766,101.0768995769842,97.02547140576712,100.24155329948844,774235,ONMOBILE.NS,95.9499683380127,92.12951263427735,96.54831004916127,94.79937407054058,52.61257288048014,0.03157799279669033
2016-08-02,98.32025909423828,102.12108739098944,96.90017290269752,99.53151507943396,539226,ONMOBILE.NS,96.6036262512207,92.2264128112793,96.82091759455774,95.06018036859227,53.09089266623514,0.03163458626104921
2016-08-03,97.6937484741211,99.4062109601034,95.73068591887402,98.57086464951428,384020,ONMOBILE.NS,97.12571754455567,92.2581558227539,96.95519926833673,95.25525948752033,40.65218988319429,0.0315496598527935
2016-08-04,96.60780334472656,99.19737566643404,96.14836031868104,98.57086592538288,216640,ONMOBILE.NS,97.5538330078125,92.2823811340332,96.90175374162747,95.35544792138747,29.146950202834944,0.03177224862356367
2016-08-05,97.31785583496094,98.32026896810623,96.44073956356836,97.2343224693967,144049,ONMOBILE.NS,98.00283164978028,92.30159423828125,96.96576944829417,95.50081147054105,40.46244544504748,0.03177308366749326
2016-08-08,97.0672378540039,98.57086374859608,96.48249799121058,98.44556052851564,93274,ONMOBILE.NS,97.94226913452148,92.33500823974609,96.98137997224951,95.61684305450126,42.81344404125625,0.01931048882684817
2016-08-09,98.32025909423828,100.24155817520436,96.90017290269752,97.1507793474102,272855,ONMOBILE.NS,97.99238929748535,92.42355484008789,97.1873613756324,95.81709609448178,50.74624912485033,0.019399575119102758
2016-08-10,97.19255065917967,100.2415662402927,96.7748774665118,98.40380674182884,201582,ONMOBILE.NS,98.00700798034669,92.48787643432617,97.18815972694738,95.91898161779274,47.75282513125104,0.01956230193089385
2016-08-11,96.3989715576172,98.32026436846112,96.06483173780482,97.10901469147662,112304,ONMOBILE.NS,97.76266975402832,92.53549118041992,97.06674616243504,95.9545364281501,47.8873514827414,0.01651472615239624
2016-08-12,95.89776611328124,98.06966540716664,95.39655319122636,97.1507856720444,87777,ONMOBILE.NS,97.35961570739747,92.59981292724609,96.88690307794984,95.9503312196413,42.565603257063515,0.015069554184228357
2016-08-16,95.0206527709961,96.69134556696966,94.39414297250602,94.8118161714994,89644,ONMOBILE.NS,97.10692329406739,92.73263305664062,96.5997876461108,95.88146614937129,43.582112664997354,0.012944628472256203
2016-08-17,93.2246551513672,96.06483413073953,92.8069819594944,96.06483413073953,103906,ONMOBILE.NS,96.8166404724121,92.76437622070313,96.08053649307332,95.68466533470433,37.127382676716394,0.013349586359566826
2016-08-18,93.85115814208984,95.22948085008365,93.18288490740476,93.18288490740476,147111,ONMOBILE.NS,96.60362701416015,92.79361312866212,95.73755520830663,95.54884998710327,46.625781996363514,0.013428387502241727
2016-08-19,91.88809967041016,94.18530216217042,91.55395985151674,92.80697939247688,154625,ONMOBILE.NS,96.30499076843262,92.76354064941407,95.14533127939949,95.27768329697786,40.10843032940463,0.014071118266762146
2016-08-22,89.79973602294922,92.26400529942042,88.67201968241471,91.88810197697129,291893,ONMOBILE.NS,95.94370384216309,92.6808415222168,94.32293200917637,94.87190942482758,18.618651728783448,0.014705797218078976
2016-08-23,90.46800994873048,92.6816726212666,88.96438400777508,89.79973033648658,164120,ONMOBILE.NS,95.56570930480957,92.6206967163086,93.72986707680008,94.54569464882039,22.6744284837376,0.0145736612149491
2016-08-24,89.54912567138672,91.2198183620707,88.88085241902523,91.05275164227704,126948,ONMOBILE.NS,95.20233345031738,92.57308181762696,93.08667609135188,94.17557842826974,22.22222800456713,0.014514710684686682
2016-08-25,87.836669921875,90.59330905122852,87.21016015976916,90.00856915587117,180399,ONMOBILE.NS,94.73453941345215,92.48119384765624,92.27898283450928,93.70602965001828,21.31147950067775,0.014783395623265007
2016-08-26,86.50011444091797,89.7161965152215,85.62299825102306,88.54671038642384,219233,ONMOBILE.NS,94.3210433959961,92.37844619750976,91.38992615857215,93.17225815304789,16.01045741355925,0.014242287895948566
2016-08-29,90.09209442138672,91.88809018602352,84.2029070106488,86.5001092652994,338619,ONMOBILE.NS,94.07879295349122,92.37844619750976,91.1902597374667,92.94409787662855,31.887166409377784,0.01754822425361954
2016-08-30,90.76038360595705,93.22465282729792,89.21499410919138,90.1338738337666,416787,ONMOBILE.NS,93.69035758972169,92.41269561767578,91.12412494800368,92.78234126398621,29.75391380036048,0.015004864858627204
2016-08-31,91.92987060546876,93.55879347836184,90.92745113714552,90.96922100493744,279880,ONMOBILE.NS,93.3708381652832,92.52880889892577,91.24808581838293,92.71919528928122,35.937496177504144,0.015471294179668029
2016-09-01,92.47283935546876,93.47525880978463,91.67926286400724,91.88809945367468,189945,ONMOBILE.NS,93.10979270935059,92.65411087036132,91.43650943947306,92.7009467015914,39.36649339721906,0.015583743908796598
2016-09-02,91.92241668701172,92.98094287428394,91.79539225239284,92.9385992425006,97041,ONMOBILE.NS,92.87552337646484,92.86697494506836,91.51126440063285,92.64327781162254,39.261821729469595,0.015478136499406141
2016-09-06,90.82154083251952,92.72688784299196,90.27110595957024,92.30347739622032,157578,ONMOBILE.NS,92.55070762634277,93.03025527954101,91.40515308246157,92.50833433168899,38.79287384576288,0.015442631154167497
2016-09-07,92.34581756591795,94.37818246570502,91.45665307671332,91.71070191955192,210389,ONMOBILE.NS,92.31463661193848,93.30254364013672,91.54987069530101,92.49629605274298,47.619925261467024,0.016086095931812042
2016-09-08,92.59986877441406,93.8277630175332,91.371980992026,91.54134259624122,189504,ONMOBILE.NS,92.02861709594727,93.53062774658203,91.7114088613184,92.5039681062001,46.54147784663984,0.015734895653062117
2016-09-09,96.70693969726562,103.05809615183378,91.96474417000084,93.15029466699964,1345619,ONMOBILE.NS,92.00433654785157,93.80242736816406,92.47995206684874,92.81529933516792,61.90780530936742,0.018785562952196532
2016-09-12,99.71316528320312,102.4653333271132,93.31966462767348,93.48903269142964,665351,ONMOBILE.NS,92.17004623413087,94.1543995666504,93.59275410013403,93.32625236835572,73.43398940488973,0.019913421357428535
2016-09-14,96.28353881835938,102.0419238260294,95.01330740143784,98.40059117989526,580961,ONMOBILE.NS,92.18933486938477,94.43360260009766,94.006720979861,93.54531062391155,62.15967791696318,0.02146888299183169
2016-09-15,91.4566650390625,97.63846072321758,89.25493180249059,96.11418038827402,541783,ONMOBILE.NS,92.01113548278809,94.58118362426758,93.61440468127662,93.39059613614495,53.428216888450116,0.024210877709044818
2016-09-16,90.22877502441406,93.70073963564182,89.46663487542963,92.30348377262555,279132,ONMOBILE.NS,91.86134147644043,94.6808171081543,93.09353858022085,93.15638716490562,54.37528013749134,0.02403564531559536
2016-09-19,90.94856262207033,92.89624674431754,90.18642254782988,90.3557841373364,142219,ONMOBILE.NS,91.71621170043946,94.75474990844727,92.76354227896692,92.99284460617709,58.32424624259863,0.024059511360607355
2016-09-20,88.95854187011719,91.8377278826062,88.5774685726541,91.45666104587411,203630,ONMOBILE.NS,91.56973381042481,94.77301086425781,92.17815760068235,92.69400736646895,47.743533371868295,0.024101819147704425
2016-09-21,89.12789916992188,90.60983573569254,88.15405384884072,89.29726076457482,220729,ONMOBILE.NS,91.53614196777343,94.78881118774414,91.70888707287304,92.42985120376177,46.68449414956304,0.023575156470020057
2016-09-22,88.78916931152344,90.86388437517206,88.28107806802626,89.59365303606377,190010,ONMOBILE.NS,91.45219993591309,94.59902481079102,91.2596997249731,92.16017106359597,43.39860883576589,0.02351954617504605
2016-09-23,89.67832946777344,91.2449467509334,88.95853303613025,89.33959983502065,279277,ONMOBILE.NS,91.45866012573242,94.44623428344727,91.01641199309624,91.97633094538689,44.21051799680084,0.023523961144990745
2016-09-26,88.02703094482422,90.52515650390718,87.85766934724234,89.72067276356624,154187,ONMOBILE.NS,91.46817817687989,94.26877136230469,90.556507216439,91.68379020460446,42.28185464292605,0.023493587864601626
2016-09-27,87.90001678466797,89.29726617707172,87.34958187758683,88.83151853318084,186716,ONMOBILE.NS,91.53817329406738,94.00105697631835,90.14781638078193,91.40351069201658,43.97906532980632,0.023212831013429035
2016-09-28,90.99091339111328,92.98094789931878,87.64597304285256,88.49279403843568,489501,ONMOBILE.NS,91.5831142425537,93.74169830322266,90.2775236131406,91.3729479289867,47.37706361097067,0.02266626804430958
2016-09-29,85.2325210571289,91.79538273798948,84.5550617831995,91.79538273798948,349909,ONMOBILE.NS,91.30672111511231,93.44485870361328,89.50136937375419,90.91810149403427,38.24322287488073,0.026721077163520963
2016-09-30,83.15780639648438,87.68830319487685,81.92991872596876,85.95231783654604,448106,ONMOBILE.NS,90.86811790466308,93.12740859985351,88.52543660802037,90.34326482014168,26.878602481819655,0.02686758314468153
2016-10-03,86.33338928222656,88.0693747338692,84.68209109025885,84.68209109025885,335854,ONMOBILE.NS,90.56114540100097,92.89184783935546,88.18819855789825,90.04623700251835,27.298823643933673,0.028458026015653608
2016-10-04,87.2225570678711,89.55131465948901,85.7406204186597,87.2225570678711,262452,ONMOBILE.NS,90.32615242004394,92.67908248901367,88.0396383286633,89.83707552587782,33.17609274418261,0.02860218673345464
2016-10-05,92.6422119140625,93.99712412278528,86.92617058227151,87.90001595316728,655278,ONMOBILE.NS,90.4171859741211,92.59141723632813,88.74772657257088,90.04486340648408,52.1538427419802,0.03188530877881554
2016-10-06,96.87631225585938,100.2635958559892,92.47283969925216,92.47283969925216,1691184,ONMOBILE.NS,90.64371070861816,92.5683854675293,89.99827821615372,90.55089665458596,60.88765041798392,0.033242887835055156
2016-10-07,94.33585357666016,98.61229542766137,91.1179314350863,97.97717972556634,658998,ONMOBILE.NS,90.73050994873047,92.51876968383789,90.66559750238548,90.83126383399886,55.23561499805775,0.03387610689256678
2016-10-10,97.00333404541016,98.23122173277764,93.99711734774412,94.84393822475084,733593,ONMOBILE.NS,90.74532966613769,92.5149853515625,91.64063389362005,91.28845422002932,62.179479923350314,0.032984107456098484
2016-10-13,92.55753326416016,97.80782061779249,91.20261456320752,97.80782061779249,461830,ONMOBILE.NS,90.38754806518554,92.47073532104493,91.7816953352416,91.38246007515012,54.5970625284933,0.03372689524648288
2016-10-14,95.98714447021484,97.7231298406812,91.8800645365343,93.10795221563356,957057,ONMOBILE.NS,90.37272834777832,92.49173614501953,92.42868750985286,91.72354780811787,58.909855348115514,0.03402868107838876
2016-10-17,100.77169036865234,105.25984386852336,97.38440665878169,97.38440665878169,3631630,ONMOBILE.NS,90.8384796142578,92.53658813476562,93.71222641120663,92.39378059037969,62.52391253005378,0.033555392079635545
2016-10-18,102.25362396240234,104.15897099275766,100.30593330263572,102.0419187368073,1201838,ONMOBILE.NS,91.43972206115723,92.6152554321289,95.02628757292905,93.12413935867767,66.12284819219438,0.03331364000529368
2016-10-19,100.89871215820312,107.24986894792556,100.22125284967376,104.92111145836068,2946875,ONMOBILE.NS,91.93722953796387,92.67935470581055,95.92973750912506,93.700033640124,64.33239593489301,0.033611072319729325
2016-10-20,96.19886016845705,101.53383482318792,95.5637444457858,101.53383482318792,958110,ONMOBILE.NS,92.29924545288085,92.67117584228515,95.97114099517614,93.88513190148201,55.54553602125486,0.03510015187776897
2016-10-21,94.97096252441406,97.25737630505384,94.5475520864637,96.96099029063468,556374,ONMOBILE.NS,92.59139862060547,92.62423797607421,95.81726738428966,93.96556379947698,61.47705114872385,0.03530999746957185
2016-10-24,96.15650939941406,97.59610224960636,94.58988566977322,96.5375761948384,834698,ONMOBILE.NS,92.959765625,92.60602340698242,95.86945846353957,94.12785606613897,65.64730897283349,0.03531392125831716
2016-10-25,92.85391235351562,96.11417150447274,92.30347748006632,95.69076105731648,526165,ONMOBILE.NS,93.11854476928711,92.49669647216797,95.40552829276666,94.03348986520392,57.82521132862814,0.0363334745570426
2016-10-26,91.83772277832033,93.02327331442824,91.20260711191222,92.72688729558394,509726,ONMOBILE.NS,93.30907936096193,92.38959991455079,94.85663513669799,93.87084045136069,55.5217774288805,0.03614651401769246
2016-10-27,93.65838623046876,95.52139600699522,91.20260443366097,91.20260443366097,565673,ONMOBILE.NS,93.59699783325196,92.33478820800781,94.67228915112426,93.855103101665,51.33036400625831,0.03632928360173088
2016-10-28,96.45289611816406,98.40058019694834,92.4728342462712,93.99711436073748,1203930,ONMOBILE.NS,93.8700969696045,92.34589080810547,94.946228684515,94.04753221399825,49.42395495435276,0.03610614052067751
2016-11-01,93.57371520996094,96.8763182153999,93.15030473389776,96.53758854240314,380645,ONMOBILE.NS,94.2871566772461,92.31695205688476,94.73507276535284,94.01243465814363,48.9726023875077,0.03353150282573781
2016-11-02,91.92241668701172,93.57371495486392,91.4566625803195,92.98094287428394,346499,ONMOBILE.NS,94.72538719177247,92.29090728759766,94.30235644560805,93.85761851213385,42.957751542711826,0.033253215624761474
2016-11-03,92.34581756591795,93.99711566217756,91.0332426458026,91.329628655294,423622,ONMOBILE.NS,95.02600860595705,92.26080047607422,94.00135046411728,93.7456332568586,49.66973234395059,0.03235394113015498
2016-11-04,89.2972640991211,93.23498269878624,88.95854089716659,93.1079582676878,289634,ONMOBILE.NS,95.12974395751954,92.20898376464844,93.27764486950248,93.41612443035952,39.43850344672083,0.033335352402453194
2016-11-07,89.043212890625,92.8962438479774,88.49277805079457,90.73685457580768,352356,ONMOBILE.NS,94.94979400634767,92.19385330200195,92.62619379582902,93.09220505704586,28.393102659239034,0.030149494252973988
2016-11-08,89.97471618652344,91.32962826753912,88.57746047830429,88.91619011374081,226552,ONMOBILE.NS,94.60471420288087,92.18398742675781,92.21827416362817,92.86127995552569,26.910802028563396,0.028209968580983846
2016-11-09,83.91995239257812,85.40188901163229,73.37703445845659,83.75059079183573,858371,ONMOBILE.NS,94.08391914367677,92.07140396118164,90.94160927577431,92.19895939530734,22.86871983232399,0.03129219229957889
2016-11-10,88.57746124267578,89.33960131380218,85.40188299692453,86.7144579227939,355613,ONMOBILE.NS,93.66262550354006,92.08621978759766,90.57789419375915,91.93070027289019,37.80485065534677,0.033356466125432215
2016-11-11,83.15780639648438,87.64595956731542,82.56503437500727,87.64595956731542,385095,ONMOBILE.NS,93.19263916015626,92.01937362670898,89.43634222494765,91.28085628204532,33.33331180534563,0.03452601912508076
2016-11-15,79.1777572631836,85.52891426290421,78.37327996084471,85.52891426290421,201264,ONMOBILE.NS,92.3521697998047,91.80108688354493,87.85809838467625,90.3843304287963,27.79622129318429,0.034332710602668036
2016-11-16,78.88136291503906,82.98844271651652,78.33092807426304,81.25245740192992,241592,ONMOBILE.NS,91.25765342712404,91.56350646972656,86.47706215857822,89.53225876111058,30.168247365165584,0.03146885941047886
2016-11-17,78.6273193359375,80.8713960148841,78.16157171700227,79.68584546178677,190466,ONMOBILE.NS,90.07633819580079,91.29745544433594,85.2694094166335,88.72448547035702,30.83536544332756,0.030927951279864117
2016-11-18,73.41937255859375,79.60116797498614,72.23382841691281,79.60116797498614,505564,ONMOBILE.NS,88.70237121582032,90.91638610839844,83.44632682308891,87.590773402819,23.266202420663262,0.03317507062675224
2016-11-21,68.67716217041016,74.43554590815926,67.40693103361812,73.33467633864763,273970,ONMOBILE.NS,87.32628631591797,90.4514810180664,81.17414764575372,86.18976516338131,15.106352838430269,0.03429605916973899
2016-11-22,66.81417083740234,70.32847889270202,65.92500630098684,69.18526549995902,250790,ONMOBILE.NS,85.91844673156739,89.97133361816407,78.9649204444689,84.75453595404953,15.502154500451923,0.034371906949383545
2016-11-23,68.59249114990234,69.8203788392812,67.32225983231156,67.74567027150849,328281,ONMOBILE.NS,84.5402458190918,89.49626708984376,77.36916209145866,83.55734745003863,20.02172858522634,0.03514351132756285
2016-11-24,70.07443237304688,70.8789096770251,67.11055910047088,68.93122540291377,326707,ONMOBILE.NS,83.40127182006836,89.04575836181641,76.24689598093377,82.5586129998911,22.139826403781385,0.035839119620166046
2016-11-25,68.8465347290039,72.19147435838484,68.46546148645122,70.70953793460568,302368,ONMOBILE.NS,82.25171241760253,88.48855026245117,75.10837886525226,81.5429034983439,23.196438935088324,0.035846012422851424
2016-11-28,68.1267318725586,69.86271712480021,66.94118790205515,69.77803633558283,390604,ONMOBILE.NS,80.97512969970703,87.85682159423828,74.03427932791477,80.54911300754499,22.916657199493656,0.03498534937406779
2016-11-29,78.11923217773438,79.51648802915713,68.59249654630335,68.76185815101414,3277990,ONMOBILE.NS,80.05844650268554,87.49353546142578,74.66273361250241,80.36912183496642,37.56661874427107,0.0496025189545802
2016-11-30,78.0345458984375,79.55881961604496,75.5787640381064,78.9660475804305,633177,ONMOBILE.NS,79.28148803710937,87.22509307861328,75.18147396418473,80.19619028411243,42.94416408944545,0.04939360222013489
2016-12-01,73.84278106689453,78.11922926401363,72.8689421850335,78.07688563404975,381427,ONMOBILE.NS,78.37750625610352,86.89737319946289,74.97552121075546,79.72556737913334,32.13553911284862,0.050415456756118276
2016-12-02,73.84278106689453,78.54263972072916,73.29235264174903,74.4778967519678,500687,ONMOBILE.NS,77.45235443115234,86.55525756835938,74.80125349631533,79.28980543007862,36.99765136672055,0.050357048401060936
2016-12-05,74.30853271484375,75.49408324688483,73.67341705061432,74.22385191842595,137364,ONMOBILE.NS,76.70291786193847,86.2622573852539,74.72545029916586,78.92082226598714,42.463959267389235,0.05017657715271967
2016-12-06,74.01214599609375,76.84899464397309,73.29234954226325,74.52023723051936,228336,ONMOBILE.NS,75.95136451721191,85.95994232177735,74.6157111756163,78.55721661636541,42.463969295614724,0.05017106172438189
2016-12-07,73.20767211914062,74.85897692873964,72.82660525731932,74.09683674436559,268354,ONMOBILE.NS,75.11301231384277,85.64831237792968,74.39908978231234,78.16095406101543,41.752593118917744,0.04998336652957096
2016-12-08,73.41937255859375,75.11301443040196,72.9536249202851,74.26619349449786,256656,ONMOBILE.NS,74.58798332214356,85.3231332397461,74.2483640555864,77.80972580157679,50.0,0.048112096677192184
2016-12-09,80.0669174194336,82.734398043876,73.75809793726488,73.88512236241229,1930612,ONMOBILE.NS,74.16245613098144,85.16393096923828,75.14352611156289,77.97692518067728,69.13230899832831,0.05100541357147105
2016-12-12,75.87515258789062,79.60116590093146,75.4094049617173,79.60116590093146,660533,ONMOBILE.NS,73.79832344055175,84.92343368530274,75.25608403099793,77.82123832195234,64.1160816270255,0.050518766177526264
2016-12-13,77.23006439208984,79.09307427015159,75.91749585829378,75.91749585829378,698305,ONMOBILE.NS,73.70093879699706,84.64821670532227,75.55977331731975,77.77744766048104,63.63635268662203,0.049604083216038784
2016-12-14,74.64726257324219,77.56879205270242,74.30853292587838,77.56879205270242,273293,ONMOBILE.NS,73.48923377990722,84.43651153564453,75.41938704900012,77.54558209846336,56.97673606503566,0.05015968446265045
2016-12-15,74.47789001464844,76.21387531443602,73.33468317707795,73.75809359549149,274904,ONMOBILE.NS,73.28176231384278,84.26291320800782,75.27454135140756,77.3183456478104,58.878493206346214,0.05015852325618225
2016-12-16,73.58873748779297,75.57876531025867,72.4455305651621,75.11301123105723,403888,ONMOBILE.NS,73.29023056030273,84.00802017211915,75.01518691085147,77.042078376698,58.56575249632443,0.047891762670627044
2016-12-19,73.29235076904297,75.36705936964543,72.86894032314608,73.84277918012437,278610,ONMOBILE.NS,73.52098999023437,83.72941604614257,74.75013519672709,76.76432077613096,39.12212802027472,0.04536375907340473
2016-12-20,72.27616882324219,74.26619681956883,71.97978277455206,73.63108108920514,246314,ONMOBILE.NS,73.79408988952636,83.32209518432617,74.36952498542172,76.43186507591697,37.54578984260835,0.04497725422378941
2016-12-21,71.7257308959961,73.0383059347684,71.34466405802016,72.74191989848367,258490,ONMOBILE.NS,73.95075187683105,82.8190835571289,73.9627874332024,76.08326254407099,44.565219094416015,0.044756083113124644
2016-12-22,70.45549774169922,72.19148320661996,69.86272568382577,71.8527535475219,219656,ONMOBILE.NS,73.96980514526368,82.34147644042969,73.42320440374037,75.66639107722864,41.83673094149955,0.04476560222417318
2016-12-23,69.0582504272461,70.6672050489937,67.7456753824193,70.45549981342364,329004,ONMOBILE.NS,73.98039093017579,81.78257476806641,72.75167302274124,75.17689917722994,37.890631461253854,0.04481929198360911
2016-12-26,66.4754409790039,69.3546333453999,66.1367113251813,69.01590369157731,191962,ONMOBILE.NS,73.89782638549805,81.26093292236328,71.78609886216627,74.53234671810209,34.275612412424394,0.04558200346631259
2016-12-27,67.70333099365234,68.55015192645966,66.34841879330685,67.06821529404687,392086,ONMOBILE.NS,73.37703132629395,80.69525665283203,71.15798072854874,74.02649370147618,38.71526392860506,0.03026860192657142
2016-12-28,68.88888549804688,71.81042175833531,67.49162958753774,67.70333483274423,657968,ONMOBILE.NS,72.91974830627441,80.05760055541992,70.80888915462538,73.6459301308518,41.06845800872729,0.03073229265487709
2016-12-29,68.93122863769531,70.11677929450704,68.42313734498495,69.01590944302515,200436,ONMOBILE.NS,72.67417068481446,79.39115264892578,70.52001830586691,73.29669298321058,20.316050776704287,0.02859843184502892
2016-12-30,69.35464477539062,70.45550825582842,68.38079928293008,69.35464477539062,342782,ONMOBILE.NS,72.44976387023925,78.76027130126953,70.34073007040902,73.00468941226096,28.248644510547678,0.02866588083536892
2017-01-02,70.28614044189453,71.59871552841518,68.42313689399224,69.43931947271507,473011,ONMOBILE.NS,72.2486442565918,78.24201690673829,70.33233166602218,72.80331541445604,26.162821760551807,0.0288281221984766
2017-01-03,71.93743133544922,73.16532549068246,69.73569833458383,70.54018204885332,610280,ONMOBILE.NS,72.14490852355956,77.78134628295898,70.57927007670327,72.73917585304812,40.06209251090228,0.02939740647698372
2017-01-04,74.64726257324219,75.45173983259191,72.1067999091096,72.57254752109552,713507,ONMOBILE.NS,72.21688804626464,77.35116134643555,71.20511507617078,72.88051561009954,50.523586387508644,0.030523358543932545
2017-01-05,77.01836395263672,77.99220935162704,74.94365517887009,75.70579533724214,711073,ONMOBILE.NS,72.3968376159668,77.03445037841797,72.09946105716554,73.18702289473191,59.71223332451832,0.031270812063963864
2017-01-06,75.53641510009766,78.0345404134074,74.77428152522943,77.56878637478333,360253,ONMOBILE.NS,72.1703125,76.70842422485352,72.62822321761664,73.36105194698123,55.95502160242628,0.023814406603867033
2017-01-09,75.91749572753906,77.48411311587788,74.73194516367455,76.04452015594076,217401,ONMOBILE.NS,72.17242965698242,76.35360641479492,73.13426514222009,73.55041815294848,59.999974857378476,0.020771908984785425
2017-01-10,77.44176483154297,78.71199611775131,76.21387717250042,76.8066491884388,417450,ONMOBILE.NS,72.18301467895508,75.9733837890625,73.79695740211591,73.8386660550666,64.90062958725997,0.02087675463885106
2017-01-11,76.51026916503906,78.50029704361103,76.25622676436465,78.33093544316142,217886,ONMOBILE.NS,72.27616500854492,75.63211486816407,74.21438998102717,74.03656258173123,66.0674133645175,0.019560335736254503
2017-01-12,75.36705780029297,77.4417663576942,74.94364736321268,77.4417663576942,283044,ONMOBILE.NS,72.32062339782715,75.30100769042969,74.39172349168345,74.13511778310618,66.97034722689682,0.019888461638805584
2017-01-13,74.56258392333984,76.04452052008412,74.18151063630995,75.79047166206419,185621,ONMOBILE.NS,72.36931571960449,74.94534301757812,74.41800971193828,74.166781941642,74.05541470251566,0.019847870031077554
2017-01-16,74.98600006103516,76.38324950381798,73.80044940166766,74.90131279479144,246578,ONMOBILE.NS,72.4539981842041,74.65911773681641,74.50539284256857,74.22746476530075,72.75133258778968,0.019841141383440498
2017-01-17,73.58873748779297,75.79047053521738,73.29235146499693,74.98599326466659,188784,ONMOBILE.NS,72.51962661743164,74.35002822875977,74.36436894183386,74.18015163363351,64.49083459457731,0.0200607913521143
2017-01-18,72.36084747314453,74.35088187092751,72.02212426229144,72.95362601359965,226255,ONMOBILE.NS,72.55138244628907,73.99775085449218,74.05613486972781,74.04538836248618,59.853989957644636,0.020368149723624298
2017-01-19,72.44554138183594,73.67342928563721,72.06446804357465,72.65724663840386,177544,ONMOBILE.NS,72.6508846282959,73.76826263427735,73.80835125620598,73.9268811787343,59.05706219690934,0.019905315557207433
2017-01-20,72.61488342285156,74.0544761950476,71.89508703675355,71.97976782440097,222435,ONMOBILE.NS,72.82871627807617,73.44901107788085,73.6247408203053,73.82969615978003,57.14281034051047,0.01925682498023839
2017-01-23,72.3185043334961,73.50405485582827,72.06445548559256,72.6148903488965,161628,ONMOBILE.NS,73.12086944580078,73.23222503662109,73.4237813607962,73.71775602449974,51.274798959089445,0.01690340650612548
2017-01-24,72.99596405029297,74.9013112072282,72.36084833131456,72.36084833131456,533480,ONMOBILE.NS,73.38550109863282,73.10858917236328,73.35796331302646,73.66428995233628,43.60656880532319,0.01662355527491878
2017-01-25,72.44554138183594,73.96981535268596,72.19149248966175,73.58874847515638,172114,ONMOBILE.NS,73.56333389282227,72.97987274169923,73.21759070822792,73.57401228044736,29.38934421437841,0.01648731019202274
2017-01-27,72.44554138183594,73.46172402906929,72.06446804357465,73.12299432641427,129013,ONMOBILE.NS,73.73904953002929,72.85623718261719,73.098813888783,73.49042184351318,33.92078807098038,0.016491872661447325
2017-01-30,70.87890625,72.48786724089352,70.11677261391475,72.14913759111636,314947,ONMOBILE.NS,73.81526260375976,72.8054278564453,72.75728963666253,73.29697624399368,26.666610136675388,0.017327158605747926
2017-01-31,67.87269592285156,71.13295507148166,67.74567149664921,70.66720099564992,331907,ONMOBILE.NS,73.69459037780761,72.78933853149414,72.00581368069162,72.89517770168686,11.034478902013717,0.01960697068888406
2017-02-01,68.93122863769531,70.28614090516672,67.1105622498128,67.95738322457385,385640,ONMOBILE.NS,73.54428024291992,72.8316796875,71.53280059715372,72.6015518450949,19.45395954663698,0.019149954326594398
2017-02-02,70.45549774169922,71.47168671899338,67.99972224988277,68.93122396685428,459781,ONMOBILE.NS,73.33469200134277,72.86893981933594,71.36706169631456,72.442584874473,30.794694084066023,0.017718088124117355
2017-02-03,70.15911102294922,71.42934238652971,69.77804419816741,70.79422670473946,194361,ONMOBILE.NS,72.99172935485839,72.87063339233399,71.18122313118144,72.27343866324901,32.06894409166034,0.015747867396154292
2017-02-06,69.39696502685547,71.81040958155036,69.10057902597039,70.37081028181811,291116,ONMOBILE.NS,72.68475685119628,72.88164199829102,70.90672188436206,72.06036654203467,27.8522787876296,0.015444559069247344
2017-02-07,70.07443237304688,71.64104981069084,69.52399747313656,69.77804633793548,323585,ONMOBILE.NS,72.39260368347168,72.92059600830078,70.77867734415972,71.91326030729483,35.23132494118205,0.01562675870548435
2017-02-08,70.37081146240234,70.92124630798351,69.90506387054933,70.20144987640677,159751,ONMOBILE.NS,72.03905601501465,72.76562759399414,70.71592874696628,71.7990048373028,40.926603857857856,0.014723686125899034
2017-02-09,70.87890625,71.97977599659312,69.86272376139921,70.54018306095354,336816,ONMOBILE.NS,71.75748786926269,72.62251480102539,70.74100220897147,71.73084938639148,43.12259440515408,0.014846113541218146
2017-02-10,70.24378967285156,71.55636462602354,69.14292640119726,69.98974728434547,458765,ONMOBILE.NS,71.50132446289062,72.55053497314454,70.66450797264532,71.62069681501816,40.000025741284645,0.014667099844384803
2017-02-13,68.33844757080078,70.87891040184513,66.47544407899402,70.87891040184513,423370,ONMOBILE.NS,71.19011764526367,72.44044830322265,70.3066525262077,71.37756724137243,35.220142179289155,0.015531676584213403
2017-02-14,67.40693664550781,69.142921927943,66.98352623132658,68.80419230445196,213361,ONMOBILE.NS,70.8111644744873,72.30241638183594,69.86054239071541,71.08344645649358,29.629617270994643,0.015483203633075203
2017-02-15,66.94119262695312,68.25376110429247,66.22138971597448,67.74566987239561,231941,ONMOBILE.NS,70.47878723144531,72.16099731445313,69.41141165782889,70.77661283949058,29.813644437032963,0.015166467347489936
2017-02-16,68.29611206054688,69.35463826588477,66.47544569521946,67.06821778591619,224014,ONMOBILE.NS,70.27555046081542,72.06276611328126,69.23982710440089,70.59287204105031,36.15819151524529,0.015851483157566272
2017-02-17,71.1329574584961,71.64104871962489,68.71951912258616,69.01590515318371,736228,ONMOBILE.NS,70.20992126464844,72.0170378112793,69.53107792810785,70.63287836826852,50.78126503041864,0.018694131667329684
2017-02-20,73.67342376708984,74.01215344437213,72.3185115186919,72.82660280424973,596343,ONMOBILE.NS,70.26284828186036,71.88916793823242,70.16836190333585,70.8581039533664,68.36461359127247,0.020396329040084052
2017-02-21,73.12297821044922,74.13916709445095,72.06445216090384,73.75809384017646,349079,ONMOBILE.NS,70.30307197570801,71.83412445068359,70.62291825827637,71.02587241685401,63.71185148840527,0.020454093962477774
2017-02-22,70.45549774169922,73.41937095252818,70.28613614251563,72.44553206612623,346527,ONMOBILE.NS,70.17604866027833,71.69863311767578,70.59716125572604,70.98362244091662,50.0,0.02195192484583288
2017-02-23,71.21763610839844,71.89509540993728,70.28613441433056,70.54018326759031,293064,ONMOBILE.NS,70.11465339660644,71.6300405883789,70.69261892536795,71.000956786656,53.13282540238798,0.022071322629384788
2017-02-27,66.94119262695312,69.4393116192055,64.57009159712706,69.4393116192055,954089,ONMOBILE.NS,69.83943595886231,71.479306640625,70.11547641791952,70.70023351556691,43.98342560231539,0.025758348986538053
2017-02-28,67.27991485595703,68.38078456010226,66.89884805260778,67.5763073260403,580933,ONMOBILE.NS,69.65948638916015,71.35313018798828,69.6792361776176,70.44687657781803,43.03795110487503,0.02546637394815716
2017-03-01,67.83036041259766,68.93123029047534,67.32226910770467,67.32226910770467,276986,ONMOBILE.NS,69.65736961364746,71.24389038085937,69.39479375222992,70.25306056557949,43.75003284694824,0.023724350089213593
2017-03-02,66.00968933105469,68.46547133589502,65.75564692686977,68.42313416556303,401375,ONMOBILE.NS,69.51129264831543,71.11856079101562,68.8740084566645,69.9387367704295,38.74757044647366,0.024172099892535905
2017-03-03,66.4754409790039,66.8565078015976,65.28989042099016,66.05203052690834,263482,ONMOBILE.NS,69.31228981018066,71.01355499267578,68.50499807548594,69.68219634143502,41.22289657829353,0.02361342397897198
2017-03-06,66.56012725830078,67.74567791394101,66.17906040432739,66.68715169653568,264564,ONMOBILE.NS,69.13234062194825,70.9356475830078,68.20578718053439,69.45093196490656,45.47415299587274,0.02362603249632966
2017-03-07,66.17906188964844,67.5763178201297,65.67097058603656,66.89885844149289,262870,ONMOBILE.NS,68.9714454650879,70.87806381225586,67.89398328962886,69.20857121859115,46.78496544846675,0.023556559692963417
2017-03-08,65.37457275390625,66.85650937102864,64.654776260593,66.85650937102864,372886,ONMOBILE.NS,68.73645248413087,70.85604644775391,67.50638166874846,68.92457133231818,45.96950216069544,0.023485156830748904
2017-03-09,65.12052917480469,66.39076053792546,64.73945588942996,65.62862042790684,299152,ONMOBILE.NS,68.47393836975098,70.80439041137696,67.13932743891095,68.64279043176163,41.33948999473166,0.02342003880494787
2017-03-10,63.977325439453125,65.84032894756773,63.72327656983244,65.41691847202067,435428,ONMOBILE.NS,68.12885932922363,70.70615921020507,66.65286559284053,68.29720043233137,28.498770084982198,0.023472400441886535
2017-03-14,64.06199645996094,65.62861368811177,63.9349720445476,64.9934980717752,518393,ONMOBILE.NS,67.8197696685791,70.6087745666504,66.25427034162828,67.98348161956318,16.119385162861278,0.02349014268757161
2017-03-15,64.06199645996094,65.96734330897064,63.6385860490699,63.85029125451542,761127,ONMOBILE.NS,67.6059471130371,70.5029216003418,65.91699743675639,67.69300123737042,16.77018216451941,0.022879978810968902
2017-03-16,66.43309020996094,67.2375738589234,64.48540621607673,64.57008700524906,995439,ONMOBILE.NS,67.55725479125977,70.42586059570313,65.99639632494171,67.59967449459936,34.92059950931349,0.024391092480447407
2017-03-17,65.92501068115234,67.49162817064519,65.75564907283521,66.4754455992799,600314,ONMOBILE.NS,67.50644569396972,70.30561218261718,65.98541391820488,67.47562532323292,29.77345712164761,0.024401954822940233
2017-03-20,68.71952056884766,69.43931707565642,65.79798444959178,66.00968968457853,1129262,ONMOBILE.NS,67.52761611938476,70.1870573425293,66.40604571061147,67.56776571179697,57.6642599776539,0.02585133993213741
2017-03-21,67.53396606445312,68.9735589950144,66.68714517336281,68.9312218268983,476412,ONMOBILE.NS,67.34766654968261,69.99736938476562,66.5795719188948,67.56526203421593,51.02042817594059,0.02424742987185398
2017-03-22,70.15911102294922,70.62486510722105,66.51778499045699,66.89885181523881,958826,ONMOBILE.NS,67.17195091247558,69.88982330322266,67.13027024259549,67.75739899634432,58.01747678290188,0.024516799466644833
2017-03-23,70.5401840209961,72.19148220262902,69.86272471222163,71.21763686903977,750868,ONMOBILE.NS,67.04281120300293,69.78227706909179,67.65487236234942,67.9635312203926,67.31394869444381,0.024539263413971415
2017-03-24,70.70954895019531,71.9374367368943,70.32848210900765,70.32848210900765,467480,ONMOBILE.NS,67.05551376342774,69.64763275146484,68.1248226066334,68.16693994111873,66.55632556987855,0.023122202200687152
2017-03-27,68.97356414794922,70.58252525337058,67.99972521902552,70.5401880820915,787458,ONMOBILE.NS,66.94331016540528,69.49689865112305,68.25539822837429,68.22668988236543,58.35777250067901,0.023633237301618575
2017-03-28,73.25000762939453,74.09682852684418,67.44928577401059,69.01590314214629,1740043,ONMOBILE.NS,67.25875091552734,69.45455764770507,69.0237996746851,68.59878749325648,69.28405774545377,0.023430889473815674
2017-03-29,74.30853271484375,75.02832917549098,72.91127696139287,74.43555713983577,1133501,ONMOBILE.NS,67.61018180847168,69.44947662353516,69.8368355270172,69.02173158374443,74.03192347822089,0.02353090148249595
2017-03-30,75.36705780029297,75.66344381410306,73.25000561489148,74.73194214467252,683450,ONMOBILE.NS,67.98701667785645,69.45709777832032,70.68763895367502,69.49175574793321,76.41923682345892,0.023609739991276784
2017-03-31,76.51026916503906,77.39943371922678,74.64726571716976,74.64726571716976,944606,ONMOBILE.NS,68.51204566955566,69.51552841186523,71.58342821696179,70.0116456306818,82.31442473990586,0.022415582003617898
2017-04-03,77.18772888183594,78.16157424121354,76.63729398647199,77.06070445048564,558034,ONMOBILE.NS,69.04766006469727,69.61206604003907,72.44562831925012,70.54320735298951,82.8390094179357,0.022416712268667174
2017-04-05,75.45174407958984,78.37328018422699,74.6896039453049,77.82284528386947,794464,ONMOBILE.NS,69.49224090576172,69.67219009399415,72.9081076669947,70.90680266607102,76.21834001929744,0.023385943924841397
2017-04-06,76.42559051513672,77.90752717332497,75.40940796238579,75.79047480448462,592989,ONMOBILE.NS,70.00456733703614,69.74840423583984,73.44925887440115,71.3156017660018,74.58335976731588,0.023242126282471503
2017-04-07,74.47789001464844,77.2300577343364,73.54638838628472,76.12919452289937,698610,ONMOBILE.NS,70.45973320007325,69.79159194946288,73.60750981905458,71.54984533997563,69.64975006686969,0.024012982729184416
2017-04-10,76.63728332519531,78.50028652339422,74.39320688595794,74.73193650219322,612695,ONMOBILE.NS,71.03557090759277,69.86441833496093,74.07362881999931,71.92669259814005,68.73741792651401,0.02436514113482661
2017-04-11,78.41561889648438,80.27862886811731,76.8066577948522,77.44177350912297,1019441,ONMOBILE.NS,71.75748558044434,69.98381988525391,74.74162729330472,72.4073538054248,75.04870014689075,0.02377263186363084
2017-04-12,76.84900665283203,79.51649412631632,75.36706988542205,78.20391897660342,503762,ONMOBILE.NS,72.39683609008789,70.07188919067383,75.06583950246277,72.73636512745497,66.18852625476781,0.024665431872396656
2017-04-13,76.1715316772461,77.73815539373298,75.79046488502134,77.06069614007755,416717,ONMOBILE.NS,73.00231285095215,70.17774169921876,75.23594599089097,72.99082190892098,63.434287544774165,0.02492020496244095
2017-04-17,76.1715316772461,76.84899093090152,74.4778900038378,75.79046488502134,324957,ONMOBILE.NS,73.4892349243164,70.34371841430664,75.37988225033021,73.22643003990802,63.13639918368276,0.024089798437469508
2017-04-18,75.45174407958984,76.76431911423232,74.52024234245536,76.21388421387479,647115,ONMOBILE.NS,73.96557159423828,70.47412872314453,75.39093791637015,73.3912681169215,66.38112979535646,0.02415127512929612
2017-04-19,74.0968246459961,77.01835400488893,73.71575784639455,76.12919598557521,315420,ONMOBILE.NS,74.2344367980957,70.54695526123047,75.19184356708183,73.44353156351961,52.5125452961704,0.02325623755594437
2017-04-20,73.63107299804688,75.62110723642431,73.25000618599579,73.885121846568,331211,ONMOBILE.NS,74.53929214477539,70.61639450073243,74.95172501799954,73.45742352163275,47.91666275632302,0.0228539160282182
2017-04-21,72.40319061279297,74.81662900773986,71.81041853709762,74.18151330061009,378718,ONMOBILE.NS,74.65149612426758,70.67651901245117,74.55964280181391,73.37933219505203,40.97941854773469,0.021818515681681867
2017-04-24,70.70954895019531,72.82660131397361,70.45550008224949,71.55636989570664,408882,ONMOBILE.NS,74.65996437072754,70.68922134399413,73.96732067079566,73.18157047321078,32.917745852063675,0.02250697504712787
2017-04-25,72.3185043334961,73.5887356515526,71.13295381116392,71.13295381116392,340658,ONMOBILE.NS,74.74041213989258,70.72817520141602,73.71365661890341,73.11763964804673,36.406625326885155,0.02305765938731267
2017-04-26,71.09060668945312,73.50405124374518,70.62485910549152,73.08064082519995,270368,ONMOBILE.NS,74.84626426696778,70.73240921020508,73.31011047591106,72.96748905852128,37.46957944111662,0.022668443535382426
2017-04-27,69.69336700439453,71.38700891010782,69.5239989373845,71.17530367189366,249849,ONMOBILE.NS,74.66843223571777,70.72140075683593,72.75368840337005,72.72496149895633,31.116409779681533,0.018149154064619078
2017-04-28,70.75189208984375,73.25001127744093,69.1005873811391,69.69336591531426,320106,ONMOBILE.NS,74.49060020446777,70.7696696472168,72.44571973975061,72.57880820939243,39.00004054254941,0.01818575242348521
2017-05-02,72.06446075439453,74.01215150210697,71.25998344510042,72.74192009118087,343842,ONMOBILE.NS,74.32547035217286,70.86282012939454,72.38706451123429,72.5407083979111,35.789501136851285,0.01841591690935992
2017-05-03,72.40319061279297,73.25001155563265,71.47168886781553,72.74192028207506,209410,ONMOBILE.NS,74.12011642456055,70.97206008911132,72.38954544993562,72.53052189530976,29.479747714173968,0.018044997538649247
2017-05-04,72.44554138183594,73.63108565003094,72.06446804357465,72.78426462375926,229165,ONMOBILE.NS,73.88300704956055,71.05504867553711,72.39816020868952,72.52422704245984,33.22582051423639,0.017862528457596973
2017-05-05,70.11677551269531,72.65723829995629,69.60867778665835,72.57255103846282,231654,ONMOBILE.NS,73.61625862121582,71.0347250366211,72.04717794776734,72.34589729951432,29.51292638109345,0.01853440143229917
2017-05-08,70.11677551269531,71.47168770708831,69.77804584891433,70.28613711422032,238673,ONMOBILE.NS,73.30081787109376,70.9635920715332,71.75019295775625,72.18077716715734,29.51292638109345,0.018153987688121865
2017-05-09,70.79422760009766,71.8104165802526,70.0744311104447,70.37081714021582,189599,ONMOBILE.NS,73.11663475036622,70.91701705932617,71.60312136427032,72.07806979181959,34.19539337152514,0.01767400240355281
2017-05-10,70.03208923339844,71.47168870947522,69.65102239425724,70.66720493912115,208819,ONMOBILE.NS,72.78637504577637,70.90854888916016,71.36142411336695,71.92651567638097,35.62874978353017,0.01612717765455386
2017-05-11,69.86272430419922,70.92125043002042,69.69336270836013,70.32847838385285,172051,ONMOBILE.NS,72.35873031616211,70.88145065307617,71.13085491195653,71.77364224140454,36.3914437123607,0.014782852012593314
2017-05-12,69.56633758544922,70.92124972080504,69.26995156532931,69.77804280849641,181323,ONMOBILE.NS,71.99459686279297,70.9339535522461,70.89015993864771,71.61013819281526,39.01638007734544,0.014393967975914973
2017-05-15,69.48165893554688,70.49784145328384,69.2276100757472,70.24379259348416,141758,ONMOBILE.NS,71.66010322570801,70.9779884338379,70.6734674766322,71.45247306264723,44.569287125719406,0.01438453422809892
2017-05-16,68.5501480102539,69.65101774430416,68.2537619928498,69.26995093060326,209038,ONMOBILE.NS,71.2790340423584,70.99238418579101,70.34680294334323,71.2374860217292,32.27091233052545,0.014476512625154345
2017-05-17,69.31228637695312,70.03208281869506,68.16907950351236,68.5924899352112,151301,ONMOBILE.NS,70.97206115722656,71.05843612670898,70.187646548514,71.09487864063468,41.25001689272892,0.014880457256620632
2017-05-18,67.99972534179688,69.43931838250762,67.78802010282581,69.0159079045655,97811,ONMOBILE.NS,70.66720619201661,71.08892181396484,69.85104328594213,70.86560802590596,41.59664151843341,0.014929894238881098
2017-05-19,67.53396606445312,69.18526421778698,66.98353119309829,68.63483580716282,96449,ONMOBILE.NS,70.36235084533692,71.10839859008789,69.49456986725151,70.61881973246501,33.035699921167364,0.014934614137885514
2017-05-22,67.0682144165039,68.63483829028401,66.8141720164243,67.95737896860986,116066,ONMOBILE.NS,70.09560203552246,71.126181640625,69.12128441329034,70.35581193128272,21.078465144954805,0.014662460430506294
2017-05-23,64.27371215820312,67.49162792986739,63.72327724203927,67.19524188600414,248700,ONMOBILE.NS,69.77381019592285,71.10416442871093,68.37550406635384,69.90528602216571,13.358811963172684,0.016417470470415557
2017-05-24,65.20520782470703,69.43931222890879,64.78179738428685,64.78179738428685,559519,ONMOBILE.NS,69.4181453704834,71.10585800170898,67.88776618302356,69.55713208161322,19.787898796042967,0.015783858467437333
2017-05-25,65.5862808227539,67.40694718042823,65.28989477865139,66.85651226382001,159829,ONMOBILE.NS,69.14292907714844,71.138037109375,67.53369151221284,69.26299495132734,27.426112859361822,0.015700381652960373
2017-05-26,65.62862396240234,68.59249730263987,64.95116461462702,65.67096759441249,575485,ONMOBILE.NS,68.93969192504883,71.16936965942382,67.24060419685739,68.99378228548105,27.731060626135175,0.015279005597717754
2017-05-29,63.34220886230469,65.58627918351574,62.66474952637577,65.20521234501263,236387,ONMOBILE.NS,68.56920776367187,71.1549739074707,66.64085106846467,68.57514721709761,18.115938717379052,0.01622941533122633
2017-05-30,61.77558517456055,63.63859512460407,60.84408342990432,63.63859512460407,232316,ONMOBILE.NS,68.05476398468018,71.06182380676269,65.89234862324865,68.07147595468746,16.9491411543772,0.015747699084107877
2017-05-31,61.47919845581055,63.384545555437306,61.01345081900705,62.41070019014855,160965,ONMOBILE.NS,67.50856437683106,70.97290756225586,65.21340244364279,67.5831591029188,16.77851395332314,0.015499978936441524
2017-06-01,60.166629791259766,62.41070009204111,59.70087569445742,61.81792802404811,332438,ONMOBILE.NS,66.89461879730224,70.80184974670411,64.43697588173771,67.03378656131443,15.527944575591462,0.015633893726209533
2017-06-02,60.08193588256836,61.479191557664656,59.78554988136133,61.479191557664656,158607,ONMOBILE.NS,66.3928768157959,70.6528091430664,63.76696972801935,66.51883465918509,15.52792719692782,0.014736909712332767
2017-06-05,61.30983352661133,61.56387591633785,59.53151095560308,61.30983352661133,219759,ONMOBILE.NS,65.9525297164917,70.47582359313965,63.38894877395658,66.13298272343889,24.012184939649003,0.015949433419693723
2017-06-06,60.67472076416016,61.81792772445247,59.70087540512191,61.81792772445247,95229,ONMOBILE.NS,65.44655437469483,70.27851432800293,62.9713752339879,65.72866702275158,18.71169255548415,0.015499227891259354
2017-06-07,60.54769515991211,61.479196870226126,59.78555504757124,60.97110561557583,157602,ONMOBILE.NS,64.9723346710205,70.07527725219727,62.59850137643778,65.34489132920791,20.46981519457522,0.015526327116685017
2017-06-08,58.30362319946289,60.97111057946056,58.04958078182062,60.547700089325424,282396,ONMOBILE.NS,64.39437961578369,69.86187843322755,61.937750887672415,64.82331591218976,17.941208034840088,0.016848821654927168
2017-06-09,54.87399673461914,58.3459611217375,54.450586285928345,58.30361749257613,692774,ONMOBILE.NS,63.65976257324219,69.49435821533203,60.85101947951037,64.08632930644379,14.878074667249138,0.020156226644709493
2017-06-12,56.5676383972168,62.071974217336695,53.43439720778704,54.74697217995407,2424486,ONMOBILE.NS,63.014061546325685,69.13954032897949,60.19203777454213,63.52938923909364,26.302093781299902,0.022198654531182346
2017-06-13,56.355934143066406,58.09191313207475,55.55145040215256,56.99104982554695,1517283,ONMOBILE.NS,62.40435085296631,68.75931785583496,59.601867985084326,62.99802219494347,21.525939338711822,0.022225557813269573
2017-06-14,56.525299072265625,58.38830259971823,56.31359383229459,56.73700431223666,691545,ONMOBILE.NS,61.765001487731936,68.3596184539795,59.128549690804526,62.51856122289326,20.442030201049974,0.02190096953647829
2017-06-15,56.0172004699707,56.90635848524399,55.89017605043728,56.736996899686325,241522,ONMOBILE.NS,61.16587524414062,67.93620788574219,58.64988057990702,62.036978944899,19.571068435286975,0.021797972205378935
2017-06-16,55.84783554077149,56.39827041565139,55.72081757487904,56.39827041565139,292154,ONMOBILE.NS,60.58156871795654,67.54412971496582,58.218796727732325,61.578523877926585,22.60063724345764,0.021838433117229328
2017-06-19,53.68844604492188,56.22890873038445,53.05333037355623,56.22890873038445,665154,ONMOBILE.NS,59.91258029937744,67.08938682556152,57.52181969960764,60.994073668074385,21.66175335561725,0.022794627866144477
2017-06-20,55.76315689086914,56.44061621846316,53.18035370310478,54.06951503261507,533704,ONMOBILE.NS,59.487052536010744,66.71509216308594,57.25125619057095,60.60659835124437,32.18998948343305,0.024109242087377417
2017-06-21,60.378326416015625,60.80173682156768,55.42441950247248,55.720811954942974,1320459,ONMOBILE.NS,59.24570846557617,66.38991302490234,57.73234391756244,60.58968931900521,50.54702330410946,0.03110151894139899
2017-06-22,57.96489334106445,61.098134835090114,57.32977760776981,60.124289418558746,491240,ONMOBILE.NS,58.864639091491696,65.98089851379395,57.768120751947365,60.3952599873059,45.11720915205885,0.032058604903411815
2017-06-23,56.90636444091797,58.72703074949575,56.73700283763535,58.00723424444808,195091,ONMOBILE.NS,58.42852611541748,65.58204566955567,57.63554285794284,60.136823280166055,39.76377484938864,0.03214107781164307
2017-06-27,55.1280403137207,57.71084669060743,54.74697348599093,57.668503060534846,195923,ONMOBILE.NS,58.017817687988284,65.16117584228516,57.249773235754816,59.76580231968862,37.75699895843943,0.03198488926010908
2017-06-28,57.83787155151367,59.27746453448743,55.97486164684838,56.73700176872369,541582,ONMOBILE.NS,57.82093200683594,64.79450263977051,57.34024989971772,59.62299263315714,44.63087836751081,0.03396669439936059
2017-06-29,58.21894073486328,59.1927861265745,57.41446341081945,58.21894073486328,194121,ONMOBILE.NS,57.65791912078858,64.44984657287597,57.47543310512472,59.518988788839074,49.81883978137709,0.034025874456580965
2017-06-30,57.245094299316406,58.89639901012415,56.90636463088935,57.583823967743456,163612,ONMOBILE.NS,57.51184234619141,64.11281196594238,57.439996365769595,59.35055215998554,55.66801364695232,0.03390426979166137
2017-07-03,56.27124786376953,57.88020891289567,55.29740896891904,57.58382288138765,178771,ONMOBILE.NS,57.32130794525146,63.765615463256836,57.260188903923435,59.12245554545102,49.26623953925997,0.0340703657210089
2017-07-04,57.41446304321289,58.47298923161482,56.73700369834321,56.90636530419506,229093,ONMOBILE.NS,57.126539421081546,63.465840911865236,57.28392338689105,58.99593758232227,52.505015230303385,0.034066050053869285
2017-07-05,57.83787155151367,58.0919139516515,57.45679826021056,58.0919139516515,127665,ONMOBILE.NS,56.98469696044922,63.2084073638916,57.36914618144837,58.91015491337349,53.06930587086157,0.03408787095909701
2017-07-06,58.30362319946289,60.37833847756391,57.49914585249866,57.49914585249866,489331,ONMOBILE.NS,56.87249336242676,62.92810974121094,57.512911876527525,58.865226638269,55.3571569024927,0.03415941219190664
2017-07-07,57.83787155151367,59.235120904099006,57.372117460164624,59.235120904099006,196002,ONMOBILE.NS,56.849205780029294,62.66305503845215,57.56290567267924,58.78912626147231,54.59884128903948,0.03316319559642352
2017-07-10,58.6423454284668,59.10809949269629,57.62616296562312,58.04957340192974,96691,ONMOBILE.NS,57.03762321472168,62.442034606933596,57.728973327415794,58.77825360717561,62.21293648597788,0.030216855993222047
2017-07-11,59.40449523925781,61.69090938564516,58.38830614918331,58.43064978404409,676345,ONMOBILE.NS,57.17946605682373,62.215086669921874,57.98674592923764,58.82464187621873,59.598230849842444,0.0296315453312972
2017-07-12,62.91879653930664,63.7656174539098,59.27746402222074,59.27746402222074,1045463,ONMOBILE.NS,57.50760917663574,62.03217338562012,58.745522946171334,59.127912592003014,57.10902138377885,0.03212708451313497
2017-07-13,62.74943542480469,64.65478269353801,61.90261441647876,63.51157562444433,634457,ONMOBILE.NS,57.81881599426269,61.83909828186035,59.36150948134569,59.39617354258091,65.31165238868755,0.03218028148442444
2017-07-14,62.91879653930664,64.35838950983967,62.45304245198257,63.17283893724908,418730,ONMOBILE.NS,58.163895797729495,61.648563385009766,59.90878441333969,59.657108579375404,70.40230041285545,0.032004777736097945
2017-07-17,62.029632568359375,63.59624998271783,61.86027096816475,63.08815872140305,340589,ONMOBILE.NS,58.472985649108885,61.48682052612305,60.235068744881175,59.83285109707792,74.92353678431022,0.032270445218784874
2017-07-18,60.03960418701172,62.24133727464905,59.70087452874501,62.24133727464905,253653,ONMOBILE.NS,58.79054355621338,61.285277099609374,60.20499727443972,59.84816614077672,58.387087305363146,0.0318240388116676
2017-07-19,60.92876052856445,61.81792504848563,60.20896406329672,60.335988489104125,300005,ONMOBILE.NS,59.04882373809814,61.08796775817871,60.316345467381986,59.92821016950173,59.93786273899189,0.03097528563535023
2017-07-20,59.5738525390625,60.8864275958265,59.02341762942821,60.67472235833109,328672,ONMOBILE.NS,59.008600044250485,60.87880302429199,60.20211578610206,59.901961456135865,58.30816491177262,0.025494316388445147
2017-07-21,58.93873596191406,60.420672602641154,58.60000629474453,59.02341676352369,277703,ONMOBILE.NS,59.05729217529297,60.66032325744629,60.00774965930391,59.83061141952684,59.75233743919311,0.02388963016391179
2017-07-24,58.93873596191406,59.82790053064273,58.43064469152527,58.43064469152527,302941,ONMOBILE.NS,59.15891075134277,60.44777122497558,59.84328601355163,59.76454657081478,56.08107059252159,0.023455679535244182
2017-07-25,58.09190368652344,59.27745405986673,57.668493300381535,59.27745405986673,210549,ONMOBILE.NS,59.30710391998291,60.21997611999512,59.57384257862421,59.640647097904306,50.98033788997921,0.022479040153917777
2017-07-26,57.20275115966797,58.64234402434901,56.73699710659037,57.922547592008485,327334,ONMOBILE.NS,59.27534790039063,59.9930281829834,59.20905928340017,59.460062213590504,45.88605366390082,0.019973107825745066
2017-07-27,57.32977294921875,59.78555487721694,56.73700089727093,58.134256689126005,956706,ONMOBILE.NS,59.2308895111084,59.75337791442871,58.919938308910716,59.30226300882223,48.05192259933593,0.019916872402830018
2017-07-28,56.31359100341797,58.261281697602975,55.72081894556908,57.32977351993918,268401,ONMOBILE.NS,59.18431434631348,59.51965522766113,58.51896180037337,59.0808798973108,41.2140610945202,0.0199606454979383
2017-07-31,54.70463562011719,56.73700732386462,54.28122511770029,56.10189157023927,281954,ONMOBILE.NS,59.10598373413086,59.26306861877441,57.932142388026264,58.75671365455572,33.33328824088028,0.020616441177119298
2017-08-01,53.47674560546875,55.17038754730002,52.92631068222733,54.28122294354609,308266,ONMOBILE.NS,58.909097862243655,58.99123924255371,57.24669672917126,58.3656049101789,10.035776320977433,0.02048331724511811
2017-08-02,53.18034744262695,55.00101028769937,52.92630183986861,53.47673667114928,284824,ONMOBILE.NS,58.676221656799314,58.76937194824219,56.62110453124137,57.98151176443431,9.92900097538596,0.02033045768196387
2017-08-03,52.75694274902344,53.77312850062005,52.62992154905227,52.92630757935045,151372,ONMOBILE.NS,58.398887634277344,58.52040664672852,56.02661810320784,57.59450665218165,8.333283802143441,0.020145495310445547
2017-08-04,52.79928207397461,53.34971695373871,52.54523644883941,52.841625703468296,123034,ONMOBILE.NS,58.14695816040039,58.26466667175293,55.53010486794119,57.23930483157372,9.328293859208273,0.020168065546098343
2017-08-07,53.81546401977539,55.255060101441536,52.841621986857966,52.841621986857966,317415,ONMOBILE.NS,57.90561408996582,58.02840347290039,55.26631396822337,56.98568699366273,19.999919098641186,0.020455719723239174
2017-08-08,51.91012191772461,55.46677043929444,51.3173466257354,53.900153024376586,203116,ONMOBILE.NS,57.53089542388916,57.79976173400879,54.7499767296851,56.60971921025991,10.408882464293697,0.021178293463813367
2017-08-09,49.75072479248047,51.65607169942653,49.24263357610759,51.65607169942653,196479,ONMOBILE.NS,56.87249183654785,57.55926452636719,53.98086104703823,56.10164554968366,9.722177035887682,0.016113364534407492
2017-08-10,46.65982818603516,50.555206087950005,45.940031745759214,49.53902040786938,507733,ONMOBILE.NS,56.06801147460938,57.26287712097168,52.854548299191606,55.402251670894884,8.092447469123073,0.019515799678524282
2017-08-11,45.85535430908203,48.60752231102185,44.03468803103719,45.72832987838478,332855,ONMOBILE.NS,55.21483936309814,56.97665161132812,51.77774922379013,54.69507408853838,7.671199537135763,0.01909466580273362
2017-08-14,50.936279296875,51.65607578201927,47.16792558145789,47.16792558145789,704933,ONMOBILE.NS,54.66017169952393,56.793738479614255,51.648292311957036,54.416644844711456,31.827964530990428,0.03410650391066899
2017-08-16,51.48671340942383,53.13801491747423,50.89393809494861,51.61373784479908,190295,ONMOBILE.NS,54.23252716064453,56.59727607727051,51.62343401925962,54.199612886542006,35.22975606438315,0.033944606331643985
2017-08-17,50.38584518432617,51.78310100679401,50.047115521192914,51.65607657552768,189394,ONMOBILE.NS,53.70538139343262,56.39149856567383,51.43303573696216,53.91711157526676,32.91666455507436,0.03367735093501226
2017-08-18,49.24264144897461,50.42818888684393,48.69220651793,49.877757186165,245447,ONMOBILE.NS,53.18882083892822,56.16539749145508,51.09605200034869,53.57085452887475,32.71221524367235,0.033686885615781245
2017-08-21,48.77688217163086,50.72457281090034,48.311131326296334,49.32731704453143,109183,ONMOBILE.NS,52.680728149414065,55.97486267089844,50.73925664208441,53.21574546537521,34.649102442846754,0.0336847578138619
2017-08-22,46.91387939453125,49.58136330509384,46.57514974063502,49.32731767985436,212635,ONMOBILE.NS,52.07948532104492,55.81566032409668,50.15073706553777,52.74894057123861,33.54563261308685,0.03423204180452911
2017-08-23,46.40578079223633,48.01474165979821,45.89768958688264,48.01474165979821,212110,ONMOBILE.NS,51.495179176330566,55.61242317199707,49.57458994656832,52.279076883905105,33.19327031254495,0.034221810802023765
2017-08-24,49.58135986328125,50.30115952025272,46.321100899901886,46.57514650750616,493593,ONMOBILE.NS,51.11410961151123,55.476931686401365,49.575631472216465,52.07924599348853,43.06838093912172,0.03847737034286898
2017-08-28,49.70838928222656,50.30116457983812,49.36965961777268,50.30116457983812,176447,ONMOBILE.NS,50.73304042816162,55.34059349060058,49.596055750679554,51.903626977839494,43.2780936063911,0.03848149275987097
2017-08-29,50.316707611083984,51.70715067289545,48.96971195829929,48.96971195829929,188124,ONMOBILE.NS,50.433196258544925,55.22658363342285,49.70692526766486,51.78607739511686,42.25367410327286,0.038601514435485776
2017-08-30,52.35892105102539,53.79281814027959,50.40360864663025,50.620865580451934,535561,ONMOBILE.NS,50.315910530090335,55.15680534362793,50.11492461895109,51.82851025851749,50.98766547279332,0.039460130007897075
2017-08-31,51.75060272216797,53.48865825147724,51.359539565057815,52.48927831117111,152302,ONMOBILE.NS,50.229603385925294,55.11804847717285,50.36656740406138,51.82273932989901,54.72357342957509,0.03923081250006274
2017-09-01,51.35953521728516,52.7934322336118,50.92502137174103,51.35953521728516,256308,ONMOBILE.NS,50.138562774658205,55.02997604370117,50.51933168301888,51.788427914149835,62.72302996480099,0.03924586285069822
2017-09-04,49.44768142700195,52.27202167881487,49.31732593550252,51.22918769205299,201650,ONMOBILE.NS,49.97309970855713,54.8113631439209,50.35446241286243,51.615039285472214,59.17502012409812,0.040055067534789685
2017-09-05,49.75183868408203,50.66431715850379,49.27387408463043,49.578032471078416,269202,ONMOBILE.NS,49.8207275390625,54.64710205078125,50.26175106997314,51.47702442610998,45.99848545224819,0.04009605879397371
2017-09-06,49.23042297363281,50.27325361331151,49.01316603785346,49.317324421913455,169518,ONMOBILE.NS,49.59147548675537,54.49358322143555,50.1030852089977,51.31060950370426,42.36237244967136,0.03980818241562794
2017-09-07,51.96785736083984,54.2707821611722,49.10006652755567,49.62148183721545,1034966,ONMOBILE.NS,49.59436225891113,54.43037956237793,50.389973232358024,51.35929453015875,54.82101734085229,0.04117286533353521
2017-09-08,50.8381233215332,53.0106926942483,50.620866384261696,52.14166494516226,351738,ONMOBILE.NS,49.64873218536377,54.29038459777832,50.45891939992343,51.32068925544574,54.86605962792118,0.040326284711035575
2017-09-11,50.273250579833984,51.88095379663938,49.79528601297524,51.27263375014754,194866,ONMOBILE.NS,49.82940330505371,54.13147079467773,50.43035496606352,51.24310120540043,54.536348005327085,0.03758815937479816
2017-09-12,51.01192855834961,52.489276366545184,50.49050992982768,50.664316139334986,275047,ONMOBILE.NS,50.08723201751709,54.006807479858395,50.519827826415224,51.22597730561888,63.33239095906481,0.0372983957183572
2017-09-13,49.96909713745117,51.31608952770601,49.70838946757569,51.01193113203095,284755,ONMOBILE.NS,50.0388729095459,53.88076446533203,50.43510002811306,51.13287507093979,61.20292885022049,0.028359619870129832
2017-09-14,50.707767486572266,51.48989378143529,48.88281055199553,49.70838757100034,445573,ONMOBILE.NS,49.99992561340332,53.74663055419922,50.477048867876015,51.1013856202459,54.18222887342796,0.02845743189492944
2017-09-15,49.18696975708008,50.794673097783225,48.96971281766704,50.66431760810428,376270,ONMOBILE.NS,49.939981842041014,53.57361251831055,50.2785751585228,50.959577037789174,48.24560300136951,0.0288541506296303
2017-09-18,49.70838928222656,50.92502617546822,49.36077684697016,49.66493855658898,148482,ONMOBILE.NS,49.96326923370361,53.40170783996582,50.19085425447722,50.86689646330305,47.94117912866098,0.02848367627091586
2017-09-19,52.48927307128906,53.22794527147444,49.57802836127212,50.27324984057792,1076469,ONMOBILE.NS,50.148888778686526,53.29473587036133,50.544457149371354,50.987072508339054,50.42016145433333,0.030890529170513485
2017-09-20,50.8381233215332,52.83688648141553,50.57741565982295,52.83688648141553,308134,ONMOBILE.NS,50.34510097503662,53.13865142822266,50.589636560473174,50.976039235242325,47.24409158518221,0.030438209690928964
2017-09-21,50.447059631347656,51.48989358210198,49.36077495661976,51.09883043618439,130923,ONMOBILE.NS,50.54716491699219,52.959502716064456,50.567701648300016,50.936855560879756,47.244102471459385,0.03036325228469023
2017-09-22,48.75245666503906,50.44706148282445,48.66555521390252,50.44706148282445,238093,ONMOBILE.NS,50.50571975708008,52.676175918579105,50.288433189336786,50.77504823526193,47.87233123495592,0.027513911376571117
2017-09-25,48.23103713989258,49.6214801278044,47.83997401358064,49.05661411431166,195203,ONMOBILE.NS,50.431852149963376,52.38580795288086,49.971910720191524,50.58660296893827,45.40681374454552,0.027596158555039493
2017-09-26,48.0137825012207,49.1869686209208,47.79652556682604,48.231039435615365,212693,ONMOBILE.NS,50.31670589447022,52.08770767211914,49.670660224965246,50.39602367503326,46.2566780272452,0.0274220590953237
2017-09-27,47.18820571899414,48.75245499129383,46.53643491261279,48.535198055833376,300700,ONMOBILE.NS,50.05817012786865,51.79087913513184,49.28874414712354,50.15840753014148,33.33333333333336,0.025689622549382233
2017-09-28,46.53643798828125,48.23104285988748,46.058473361694354,48.23104285988748,146502,ONMOBILE.NS,49.797461891174315,51.52081581115723,48.865312430378566,49.890113490003685,34.48276146770053,0.025724585682781683
2017-09-29,46.970947265625,47.7530735340386,46.75369033718541,46.92749654295261,133288,ONMOBILE.NS,49.57803249359131,51.241659545898436,48.5738716358011,49.67387895486453,37.97467967586829,0.02591239975664763
2017-10-03,46.970947265625,47.88342570205577,46.53643340874581,47.79652425671099,95763,ONMOBILE.NS,49.45419578552246,50.98960144042969,48.32726788654324,49.473661792698636,34.448130682100114,0.024720469118641605
2017-10-04,46.40608215332031,47.970331405831374,46.18882522060829,46.88404674227123,172889,ONMOBILE.NS,49.28690795898437,50.738948364257816,48.03170085066279,49.246433671263205,35.76386274506815,0.024728323720569018
2017-10-05,46.44952774047852,47.535812283917785,46.18882011306856,46.40607702175642,169431,ONMOBILE.NS,49.14786319732666,50.489164199829105,47.78828960294213,49.03925545416805,31.98524570268829,0.024682875320764356
2017-10-06,45.92811584472656,47.36201297646725,45.710858904467536,46.88404837091296,341156,ONMOBILE.NS,48.845876121520995,50.24588844299316,47.502109024755114,48.808800668283496,34.93972462770162,0.020566397715335746
2017-10-09,46.27573013305664,46.79714548458102,45.97157173051374,46.232279406275936,167383,ONMOBILE.NS,48.61775646209717,50.027348022460934,47.3134353491092,48.62116581382225,33.87751547925214,0.020426536151833753
2017-10-10,48.66555404663086,49.31732485975538,46.31917845636703,46.88404782043939,661084,ONMOBILE.NS,48.53737163543701,49.85406364440918,47.52145361026638,48.624453831067335,31.35590666765374,0.023883841787571358
2017-10-11,47.83997344970703,50.142898143562114,47.01439648501874,49.53457810036666,213313,ONMOBILE.NS,48.378773880004886,49.68459129333496,47.57045666248802,48.56634417318879,34.101335132876116,0.023813120188951136
2017-10-12,50.62086486816406,51.011928006555976,47.188204699067015,48.23103862975289,628657,ONMOBILE.NS,48.41136226654053,49.602915878295896,48.03975023259203,48.71853089133511,50.735293642990904,0.027036533818327355
2017-10-13,51.01192855834961,51.70715008130114,49.96909461638345,51.31608693867912,639124,ONMOBILE.NS,48.42657032012939,49.55361953735351,48.49700843655474,48.88841220000285,60.7438119965768,0.026892711102764887
2017-10-16,53.40176010131836,53.87972473840147,51.272641283317526,52.14166910167884,866640,ONMOBILE.NS,48.637309837341306,49.55804779052735,49.25158561574914,49.22273426676696,70.87723978343315,0.027761580541908106
2017-10-17,53.40176010131836,54.35768937548458,52.83689069335229,53.40176010131836,422171,ONMOBILE.NS,48.821978378295896,49.57094413757324,49.89007399814441,49.53229173599299,72.14289208062847,0.02773972774683734
2017-10-18,51.880958557128906,53.27140166377082,51.7071523400292,53.27140166377082,202644,ONMOBILE.NS,48.79156265258789,49.55257766723633,50.196363930295874,49.70626705607714,68.24326067826097,0.025764085026359417
2017-10-19,52.35892105102539,53.27139951006091,51.92440718338203,52.57617798484707,150269,ONMOBILE.NS,48.8676025390625,49.523446807861326,50.52906502579272,49.90275994459182,72.94520105194448,0.02475861246129146
2017-10-23,56.83441162109375,58.78972390188719,51.96785462207245,52.14166082115848,1701853,ONMOBILE.NS,49.1869701385498,49.62193260192871,51.49911834814672,50.41621562433271,79.4805203689557,0.03089185214457026
2017-10-24,56.48680114746094,59.0504302397836,56.052287292480464,57.18202596749179,931345,ONMOBILE.NS,49.573687362670896,49.75665412902832,52.266454163425834,50.86588862604591,77.86259900091007,0.029602931936513113
2017-10-25,55.226707458496094,57.26892446069052,54.87909838147483,56.9213120685918,240114,ONMOBILE.NS,49.92347087860107,49.92799171447754,52.7218777472828,51.18891224326444,74.8166021425609,0.03009444506873982
2017-10-26,55.31361770629883,56.31300094650603,53.87972059036289,55.57432536872051,333263,ONMOBILE.NS,50.28846263885498,50.117156982421875,53.1206069717468,51.494445981266985,74.87804376677417,0.03000043819027103
2017-10-27,56.61715698242188,57.39928325228642,55.00945371993978,55.00945371993978,421282,ONMOBILE.NS,50.75991020202637,50.23077453613281,53.658537742619885,51.8739060554266,78.73828650945572,0.029615430064781883
2017-10-30,55.35706329345703,56.92131243789514,54.74874326087624,56.92131243789514,276760,ONMOBILE.NS,51.200941467285155,50.308181533813475,53.9198493658256,52.13191770268811,73.27390054921945,0.030023471788007808
2017-10-31,51.7071533203125,54.31423668100053,51.09883320646971,53.27140267370974,770807,ONMOBILE.NS,51.43775177001953,50.334607696533205,53.579434589592815,52.100453674364,57.32217527113198,0.034395809629176786
2017-11-01,51.27263641357422,52.53272729353354,50.92502399321381,51.7940517290371,305608,ONMOBILE.NS,51.65283622741699,50.375207595825195,53.22454256251303,52.03913387726846,58.42217695545508,0.03451596028710123
2017-11-02,51.27263641357422,52.05476270184627,50.88157326943819,51.48989334753004,283537,ONMOBILE.NS,51.89616394042969,50.42512268066406,52.924249308830134,51.982356287365185,51.851852654707265,0.03430882073204948
2017-11-03,51.6202507019043,52.5761799198708,51.27263826896492,51.31608899431288,377183,ONMOBILE.NS,52.154700088500974,50.519250106811526,52.72363413853385,51.95553365140512,51.73267961442696,0.03429234166534129
2017-11-06,51.40298843383789,52.8803328330569,50.7512176759198,51.70714679483533,364118,ONMOBILE.NS,52.42844371795654,50.61919425964356,52.520457876272935,51.91460437602977,43.50280538300224,0.03414411747003994
2017-11-07,49.53458023071289,52.01130791621747,48.57865106106354,52.01130791621747,272782,ONMOBILE.NS,52.591386222839354,50.61825866699219,52.061092084648315,51.738306291191485,38.7909217963574,0.03543860633453471
2017-11-08,48.49174499511719,49.8821913041102,48.23103734814274,49.8821913041102,166671,ONMOBILE.NS,52.58269577026367,50.59392578125,51.511961763181986,51.49782026926006,39.896364218612696,0.03399309820584755
2017-11-09,47.97032928466797,49.05661390019452,47.622716881668445,48.75245221880055,323853,ONMOBILE.NS,52.58921356201172,50.54699821472168,50.96709522802598,51.236524640771755,36.95091007875214,0.033854554165920266
2017-11-10,48.14413833618164,49.53458140033539,47.57926897663794,47.97033212439298,182665,ONMOBILE.NS,52.465377235412596,50.4627025604248,50.53279416774224,51.00745898857989,15.277848482308244,0.031064801843282218
2017-11-13,49.66493606567383,50.57741451860973,48.14413753908809,48.535197365290834,346395,ONMOBILE.NS,52.39802761077881,50.420989227294925,50.39927753665479,50.908012846142405,25.079410114606446,0.031906982106413406
2017-11-14,48.7959098815918,50.27325441642987,48.66555439201065,49.96909602751093,100493,ONMOBILE.NS,52.16773509979248,50.36971672058105,50.15260558972202,50.75156077469421,25.817048500603818,0.030032281082775406
2017-11-15,48.70900344848633,50.31670673291704,48.49174651667767,49.27387279721992,180423,ONMOBILE.NS,51.93309726715088,50.354943161010745,49.93051295260884,50.60026023201215,25.163405443462693,0.030022195380489742
2017-11-16,49.01316833496094,49.2304252809225,48.49174967560643,48.53520040178316,152067,ONMOBILE.NS,51.78970775604248,50.340169754028324,49.789383011432236,50.48269786926762,19.08133401912565,0.02954238380167071
2017-11-17,49.143516540527344,50.229801182515466,48.92625961212972,49.5345796746586,128335,ONMOBILE.NS,51.628937530517575,50.33843162536621,49.69001893898533,50.383499252323894,22.17901690461663,0.0294426330941791
2017-11-20,50.012542724609375,51.18573209112408,48.66555047275401,48.752451915424345,269226,ONMOBILE.NS,51.28784408569336,50.2993253326416,49.73963798292749,50.35602099101171,39.89635066644711,0.02161043902677615
2017-11-21,50.273250579833984,51.01192610595891,49.70838456993821,50.273250579833984,210884,ONMOBILE.NS,50.97716655731201,50.288027877807615,49.82173222860541,50.34988984944299,43.91532744862415,0.02175925500309454
2017-11-22,49.66493606567383,50.92502362135413,49.44767913330443,50.92502362135413,210236,ONMOBILE.NS,50.6990779876709,50.27586158752442,49.79760974200056,50.299152532126755,40.88671037250295,0.021463965720058455
2017-11-23,49.44768142700195,50.490512098685976,49.18697044400309,50.229804430764965,288944,ONMOBILE.NS,50.40578117370605,50.244576644897464,49.74377461661616,50.23608059841381,37.5,0.021408199019368006
2017-11-24,49.18696975708008,50.31670849409011,48.83936064306591,49.40422669649311,182389,ONMOBILE.NS,50.034271812438966,50.228934097290036,49.65811233053368,50.15836868424094,37.313441310612745,0.020299290336042292
2017-11-27,48.9262580871582,49.534578130726494,48.53519496521591,49.491127409416805,503146,ONMOBILE.NS,49.712731552124026,50.19330390930176,49.54551937001438,50.06710123260518,45.731689690724956,0.019971636157191393
2017-11-28,51.22918701171875,52.70653486375544,48.88281140143434,48.92626212633117,1264836,ONMOBILE.NS,49.688833236694336,50.23414825439453,49.80454516104582,50.153181660687665,66.32125955024901,0.017999415957246776
2017-11-29,51.01192855834961,52.31547015703787,50.577414692120186,51.62024863408634,343737,ONMOBILE.NS,49.675797843933104,50.26021903991699,49.99029645293871,50.21679254199596,68.81719821073813,0.01792483685526789
2017-11-30,49.40422439575195,51.53334296586279,49.10006602076941,50.96847693874125,299350,ONMOBILE.NS,49.58237724304199,50.19851806640625,49.90013152106383,50.15660230894084,56.6209772918783,0.019251501861616907
2017-12-01,49.18696975708008,50.70776833297133,48.9262620928,49.62148363590615,258015,ONMOBILE.NS,49.46071319580078,50.165494995117186,49.79041432660479,50.084777675469674,47.08994291182223,0.019155011013198706
2017-12-04,48.7959098815918,49.88219457784204,48.274491238345,49.57803287384528,159410,ONMOBILE.NS,49.330359268188474,50.13247200012207,49.637413642756634,49.98930598703428,50.0,0.019193504757076218
2017-12-05,48.36139297485352,49.44767760308403,47.926879123561314,48.882808270373125,163369,ONMOBILE.NS,49.271699905395515,50.12465072631836,49.441102770771536,49.86871983798385,47.8494674408748,0.01755139211064439
2017-12-06,48.05723190307617,48.83935817141252,47.796524251989936,48.66555196566248,171273,ONMOBILE.NS,49.24997425079346,50.12117462158203,49.22819956035687,49.73453554650921,44.085985470847525,0.016966702280801476
2017-12-07,47.97032928466797,48.53519529569524,47.7965230831682,48.36139240927304,235804,ONMOBILE.NS,49.24997425079346,50.12030555725098,49.03468105640473,49.60385360118763,42.702709885120306,0.016794098073544057
2017-12-08,48.0137825012207,48.5351978177368,47.83997629068943,48.0137825012207,170621,ONMOBILE.NS,49.24345645904541,50.136817092895505,48.87761974022257,49.48607055674563,36.14462227943405,0.01677535098177324
2017-12-11,47.83997344970703,48.40484277161942,47.6227165282142,48.05723037119987,163083,ONMOBILE.NS,49.15220832824707,50.162887802124025,48.71798184937403,49.36413743770573,32.92686647941248,0.015043591526336074
2017-12-12,48.18758773803711,50.57741396808777,47.53581694802329,47.79652460101328,563250,ONMOBILE.NS,49.121792221069335,50.187220611572265,48.636382755322195,49.276985608100645,39.24053235302616,0.014695521738677598
2017-12-13,46.84059524536133,48.49174591766404,46.23227518079605,48.49174591766404,268130,ONMOBILE.NS,49.028371810913086,50.18461357116699,48.360107753789755,49.09651224789773,33.69568225388886,0.015926881483011447
2017-12-14,46.57988357543945,47.36200983451757,46.058468279439104,47.36200983451757,103701,ONMOBILE.NS,48.90670757293701,50.18808959960938,48.08622711096663,48.91009530919711,33.69568225388886,0.01583023132010356
2017-12-15,46.49298477172852,47.57926946265675,46.27572783354287,47.27511107522796,109412,ONMOBILE.NS,48.77418098449707,50.188958740234376,47.84111290493,48.73105008419944,34.44450514022843,0.01578601503313847
2017-12-18,46.31917572021485,47.66616799142085,44.92873272704947,46.05846807338104,150707,ONMOBILE.NS,48.58951263427734,50.19677993774414,47.60696872266613,48.55239272390428,6.870299605538804,0.015042941079839008
2017-12-19,46.57988357543945,47.36200983451757,46.36262664959304,47.14475290867116,143257,ONMOBILE.NS,48.40484428405762,50.2028630065918,47.44895562309279,48.40628093512911,11.363690780232304,0.015056216472477348
2017-12-20,49.40422439575195,50.96847693874125,46.49298286922412,46.57988431491123,999337,ONMOBILE.NS,48.391808700561526,50.21763641357422,47.7497662035019,48.48020267295302,50.0,0.020661606669200028
2017-12-21,51.48989486694336,51.96785947273487,49.534582403641714,49.534582403641714,708677,ONMOBILE.NS,48.493919372558594,50.290634841918944,48.325170613262124,48.70314283547083,63.054171640112806,0.022678208599485116
2017-12-22,51.35953521728516,53.358301558850194,50.664313727430056,52.57617531083974,2488947,ONMOBILE.NS,48.60254764556885,50.305408248901365,48.791995936957974,48.89991264153115,64.97453807790683,0.02263851193845927
2017-12-26,51.7071533203125,52.57618110720851,51.31609015319371,51.40299492093007,629838,ONMOBILE.NS,48.74159240722656,50.319312744140625,49.240481688243285,49.10785639551496,69.74354379853041,0.02258317893445355
2017-12-27,49.83873748779297,52.31546843271396,49.53457911748856,51.70714837702753,407313,ONMOBILE.NS,48.67206993103027,50.24805229187012,49.33252104202016,49.1619957356837,58.874422843556566,0.021684516026760026
2017-12-28,49.83873748779297,50.70776519160856,49.62148056183907,49.83873748779297,208813,ONMOBILE.NS,48.61341037750244,50.17679183959961,49.41040049521598,49.21212475435846,59.38860728144586,0.02167348271034348
2017-12-29,49.317325592041016,50.70776868798813,49.10006865110692,50.31670884636902,273091,ONMOBILE.NS,48.60906543731689,50.12551918029785,49.39608127934291,49.21991740900162,56.24999085499239,0.02059480435681054
2018-01-01,50.79467010498047,51.44644088481749,49.230420896387145,49.96909312083805,445511,ONMOBILE.NS,48.68945045471192,50.09423416137695,49.61124879097946,49.3365657568519,62.59258006806171,0.02160681241602969
2018-01-02,54.531494140625,55.83503583322958,49.70839054100364,51.35954136258934,4281682,ONMOBILE.NS,48.976229667663574,50.04817581176758,50.368209614001856,49.721375266761015,70.97699315347211,0.02674336826080543
2018-01-03,55.05290985107422,55.70468070163189,53.48866047275138,55.13981462019536,2692139,ONMOBILE.NS,49.31080551147461,50.01949798583984,51.0889327273976,50.116303754487916,78.72336848666859,0.026523074167388777
2018-01-04,55.70467376708984,56.8344124194804,55.18325847758463,55.48741684394975,1537490,ONMOBILE.NS,49.69317760467529,50.029057312011716,51.7990467335041,50.53025708875472,81.06506001689876,0.026360509492918727
2018-01-05,54.314231872558594,56.31299825753085,53.923168740060646,55.878484402550384,603602,ONMOBILE.NS,50.010372734069826,50.00906959533691,52.18599829335864,50.81055151718464,74.45649334460958,0.02729345138936725
2018-01-08,53.70591354370117,55.18326136127042,53.44520588532489,54.44458911002466,456184,ONMOBILE.NS,50.29497928619385,49.9508447265625,52.41983140879594,51.025022778408086,72.48676671112797,0.027558754188418494
2018-01-09,52.793434143066406,55.53087279503425,52.05476190495581,54.66184507251464,659402,ONMOBILE.NS,50.54265232086182,49.899572143554686,52.477308752529865,51.156016212827225,68.19338064285824,0.0279628418947769
2018-01-10,52.01131057739258,53.27140150373253,51.6202507339404,52.79343689445265,687449,ONMOBILE.NS,50.73383846282959,49.90565528869629,52.405616725585666,51.21937135094318,58.67052580458054,0.02831489066242959
2018-01-11,54.92255783081055,55.35707173245449,51.66370356848094,52.09821747012489,1838273,ONMOBILE.NS,51.13793659210205,49.97865371704101,52.7928384340818,51.49368146056298,60.82192314593578,0.029493789606098653
2018-01-12,55.661231994628906,57.3123794735,53.705916173371854,55.18326406327835,2446308,ONMOBILE.NS,51.592004013061526,50.06642562866211,53.23412975108904,51.802388907530826,63.06071241934228,0.029326102935877202
2018-01-15,55.09635925292969,57.2689285718137,54.22733152537608,56.31299939753581,984726,ONMOBILE.NS,52.02217273712158,50.13594779968262,53.52062659752606,52.04638671089371,60.156242855444496,0.02955037430139328
2018-01-16,52.18511581420898,56.399902398002354,51.92440815177629,55.70467754474479,911219,ONMOBILE.NS,52.31546974182129,50.15159034729004,53.315163400092665,52.05666294076891,56.61765860877995,0.03254610012479949
2018-01-17,55.00945663452149,55.44397051522873,51.01193025804597,52.1851164099244,1252244,ONMOBILE.NS,52.73694839477539,50.26108787536621,53.5758238976971,52.275388399565394,62.57929381936499,0.03424183781989627
2018-01-18,51.22918701171875,55.57432580295736,50.403609978367854,55.35706886339543,725281,ONMOBILE.NS,52.82819652557373,50.31583671569824,53.21480283831582,52.19789200046564,54.01459947564924,0.03612076219379324
2018-01-19,50.14290237426758,51.794053127879096,48.96971291017426,51.707151677980846,723950,ONMOBILE.NS,52.76084690093994,50.359288177490235,52.74220276692378,52.04567054667319,48.608541001200265,0.03521685819719595
2018-01-22,50.273250579833984,51.01192610595891,50.05599365716387,50.751218461770286,266058,ONMOBILE.NS,52.706532669067386,50.40187042236328,52.36236396890997,51.914380178759174,39.25436194125038,0.03522179743123325
2018-01-23,49.62148284912109,51.66370003626946,49.40422591315283,51.09883067672086,480197,ONMOBILE.NS,52.60224914550781,50.401001358032225,51.9406899504809,51.74453593211931,36.38342572250808,0.03528433656979594
2018-01-24,50.40360641479492,51.92440488420684,48.27448789460273,49.92564184456669,781772,ONMOBILE.NS,52.63049259185791,50.43315528869629,51.70421556037537,51.64520781972491,36.79653786595104,0.0345003416684487
2018-01-25,49.23042297363281,50.838122972368936,48.88281055035475,50.40360910081023,401483,ONMOBILE.NS,52.600076866149905,50.44358367919922,51.323632085491894,51.466334868162534,37.199128761959095,0.03493023093158476
2018-01-29,48.7959098815918,50.01254675234538,48.31794196317944,49.88219457784204,170188,ONMOBILE.NS,52.57400608062744,50.43923851013184,50.93475174643034,51.268525609898035,37.52759741266506,0.03490644329135371
2018-01-30,48.05723190307617,49.14351654516685,47.796524251989936,48.66555196566248,217794,ONMOBILE.NS,52.437134170532225,50.417512817382814,50.49205638591431,51.0306520019853,37.86191109982262,0.034324196331777676
2018-01-31,47.83997344970703,48.92625805717121,47.79652272842397,48.36139205033636,204174,ONMOBILE.NS,52.10255813598633,50.37406143188477,50.08404362649781,50.79430544255728,38.99081543541661,0.029328490740114045
2018-02-01,48.0137825012207,49.01316572546725,47.79652556682604,48.18758871175198,324965,ONMOBILE.NS,51.75060176849365,50.3288720703125,49.76554191491672,50.58834078023605,28.686311744115386,0.029191344444197284
2018-02-02,43.407936096191406,47.62271929169992,43.14722843828698,47.40546235759994,780978,ONMOBILE.NS,51.13576488494873,50.203732070922854,48.787448712035896,50.0564589517883,19.480505166824457,0.03501125688160961
2018-02-05,40.97465896606445,42.01748959434247,39.5407618795656,41.71333121360767,819286,ONMOBILE.NS,50.46878623962402,50.0342716217041,47.58548105880952,49.38373302691987,17.82177322772067,0.03629342321491833
2018-02-06,41.84368515014648,42.75616357363816,38.1068633819121,38.93244036129127,634802,ONMOBILE.NS,49.87567481994629,49.88740592956543,46.702127842092125,48.825210961973696,24.017454190800024,0.03710901350343467
2018-02-07,43.016876220703125,44.3204179243608,42.62581304659023,43.3644886677097,289008,ONMOBILE.NS,49.386846923828124,49.76921829223633,46.13516605418612,48.3949639441018,17.142852962270013,0.0381253191152976
2018-02-08,44.363868713378906,45.971572139180445,43.103777735069045,43.45139018256073,485833,ONMOBILE.NS,49.004474830627444,49.63191192626953,45.862658770985014,48.09636429738158,28.296698525957126,0.03916679816249714
2018-02-09,44.016258239746094,45.49360280887461,42.79961802567544,43.190681188418,356960,ONMOBILE.NS,48.45915985107422,49.491998519897464,45.578597150794415,47.794134219038206,29.68299376421409,0.036241674559046734
2018-02-12,44.9287338256836,45.66740606228827,44.45076924228777,44.66802617247475,219090,ONMOBILE.NS,47.92253494262695,49.402488708496094,45.47861817770045,47.58188233804898,33.15069323462755,0.036528931378770245
2018-02-14,43.84244918823242,45.4935998691147,43.40793532772482,45.23289221582568,301723,ONMOBILE.NS,47.35983943939209,49.29559829711914,45.22689987162844,47.30488728991442,32.26666853956921,0.036666328508795414
2018-02-15,42.49546051025391,44.32041755409732,42.36510501494597,44.27696682735399,207746,ONMOBILE.NS,46.875356674194336,49.169589309692384,44.80667843141697,46.94863345438401,26.54640627344007,0.035648079539233296
2018-02-16,44.62457656860352,46.92750158345228,42.01749314730061,42.97342572415848,2253609,ONMOBILE.NS,46.35611267089844,49.094852981567385,44.7786627602149,46.77648109247435,37.07317146287469,0.035279370402056365
2018-02-19,46.88404846191406,47.622720734197365,45.27634511183007,47.622720734197365,1252035,ONMOBILE.NS,46.1388557434082,49.07138931274414,45.102568252784,46.78444904576618,45.132742159632436,0.034880337817737916
2018-02-20,45.75431442260742,47.18820828559012,44.84183259198088,46.5798881701984,325781,ONMOBILE.NS,45.919426345825194,49.02706901550293,45.2028368942953,46.70814277738405,44.251639869374145,0.03496204620203053
2018-02-21,44.841827392578125,46.27572440437862,44.14660590491752,45.97156603948884,170154,ONMOBILE.NS,45.6478551864624,48.96362991333008,45.147296970954194,46.569897193324344,42.76729443993111,0.03510199249291903
2018-02-22,43.84244918823242,44.92873383950143,43.5817415349434,44.92873383950143,139122,ONMOBILE.NS,45.35890350341797,48.883679428100585,44.94655115822776,46.36786400776198,40.32257664837187,0.03527334999381973
2018-02-23,45.01564025878906,45.71086184939206,43.92935548751,43.92935548751,301670,ONMOBILE.NS,45.089505195617676,48.82024047851562,44.95718025062181,46.26769928561584,54.436459624164655,0.035706441521390624
2018-02-26,45.40670394897461,46.492988732442896,45.05909149223353,45.450154677297725,488172,ONMOBILE.NS,44.898319244384766,48.79156265258789,45.026337742676084,46.20392185327204,63.78379648128411,0.03556132731877727
2018-02-27,44.2769660949707,45.7543139853528,43.97280438264262,45.49360299904932,136161,ONMOBILE.NS,44.672372055053714,48.74550430297852,44.91104979687526,46.06118438969416,57.44681794960164,0.035869606754516156
2018-02-28,43.53828430175781,44.19005504468878,42.79961211913368,44.19005504468878,164725,ONMOBILE.NS,44.446424674987796,48.6864102935791,44.69985510531873,45.874302901698876,51.63931673627682,0.0358960043890968
2018-03-01,43.06032180786133,43.92934950656722,42.929969642102,43.92934950656722,155584,ONMOBILE.NS,44.207442092895505,48.62123321533203,44.447619213402206,45.66585985771091,45.66472331095645,0.03592710772558664
2018-03-05,42.14784622192383,43.58174334725752,41.93058928263556,43.58174334725752,197250,ONMOBILE.NS,43.91414527893066,48.53259246826172,44.093807983944,45.40526625506002,44.01113470444197,0.03605539411033522
2018-03-06,41.1919174194336,43.1906806174903,40.7574035365918,42.71271600937989,216469,ONMOBILE.NS,43.803344345092775,48.36834632873535,43.64736328171163,45.09316634130991,38.055566665073385,0.029560927921773065
2018-03-07,39.06279754638672,41.49607455352555,38.67173440066779,40.84430374901992,672505,ONMOBILE.NS,43.70775127410889,48.11980438232422,42.94204547627703,44.64647235650079,35.67708994204564,0.029155447826717328
2018-03-08,39.75801849365234,40.322887841997606,38.10686448701057,39.14969842199076,654754,ONMOBILE.NS,43.60346794128418,47.887774047851565,42.45219517125784,44.284364662956456,41.46340418890415,0.029022292750943698
2018-03-09,38.93244552612305,40.19253652338533,38.6717378441221,39.888378113563896,238496,ONMOBILE.NS,43.39924640655518,47.63227989196778,41.910695225852486,43.88792620837621,30.67847623704216,0.02839497810202101
2018-03-12,39.19314956665039,39.584212710856775,38.45447731709879,39.19314956665039,145236,ONMOBILE.NS,43.14071044921875,47.41936813354492,41.49261127828293,43.54016497565578,19.795213252860023,0.027267687064293673
2018-03-13,38.80208969116211,39.93182508357031,38.32412178488219,39.019346624897445,269254,ONMOBILE.NS,42.88000202178955,47.1986351776123,41.07868488026434,43.18919643606365,21.01448445567503,0.027280200693850665
2018-03-14,39.323509216308594,39.8449245870682,38.584836888552815,38.802093845549,396342,ONMOBILE.NS,42.5997407913208,46.99875885009766,40.80865785504038,42.90284923460032,26.217255434246468,0.02695181835119882
2018-03-15,39.88837432861328,40.58359585300658,39.32350497531251,39.32350497531251,272124,ONMOBILE.NS,42.40203704833984,46.78063293457031,40.6670757740516,42.67955479711979,32.29572143939782,0.026983983774035443
2018-03-16,38.758636474609375,40.58359674574899,38.45447808695834,39.97527665536912,465571,ONMOBILE.NS,42.21519584655762,46.46517578125,40.37346972798356,42.38911640285976,21.874969992853124,0.026865657876306286
2018-03-19,38.19377136230469,39.149700588474175,37.67235270842125,39.149700588474175,176182,ONMOBILE.NS,41.89365558624267,46.12799301147461,40.03813151787912,42.07835010355939,18.076887882052944,0.023682871321082016
2018-03-20,36.846778869628906,38.10686648733587,36.6729726521624,37.88960954427221,494096,ONMOBILE.NS,41.391792106628415,45.75083511352539,39.54715418737909,41.690826308453424,17.735817802639374,0.02010760513470782
2018-03-21,36.7164192199707,37.71580237092398,36.2384546623712,37.06403161553988,793625,ONMOBILE.NS,40.93989734649658,45.39887886047363,39.111656500085495,41.32235170930655,18.725072288832095,0.019969829338607404
2018-03-22,35.58668518066406,37.150934386556166,35.32597753219498,37.02057890478282,346930,ONMOBILE.NS,40.477140235900876,45.03649429321289,38.569353220174506,40.8974875219997,17.669144766698253,0.020374707979225783
2018-03-23,37.54199981689453,39.01934766883589,34.32659644856989,35.195624206761536,1037050,ONMOBILE.NS,40.16211776733398,44.731465606689454,38.411298850439124,40.648932877177096,31.724129788580854,0.024979798986093843
2018-03-26,38.32412338256836,38.84554203431711,36.15155395464322,37.23783866860579,572287,ONMOBILE.NS,39.82754192352295,44.457721862792965,38.397887239997466,40.47672476646534,38.46152193258588,0.024584927553398278
2018-03-27,37.846153259277344,39.10624400696158,37.58544562891308,38.80208565738283,718851,ONMOBILE.NS,39.449514389038086,44.116193771362305,38.313005089117446,40.28186761778474,44.35481130312144,0.024294929433509912
2018-03-28,37.54199981689453,38.36757685019216,36.32535962939511,37.62890126668257,516890,ONMOBILE.NS,39.112766075134275,43.753809127807614,38.19438889339084,40.07891444734843,39.33054454783622,0.02399776156379108
2018-04-02,39.149696350097656,39.80146711058234,36.67296878628687,38.019961028273045,245514,ONMOBILE.NS,38.89333667755127,43.434875869750975,38.34135927134573,40.01008347718171,50.972736194818474,0.02642351168285002
2018-04-03,41.1919174194336,42.40855430234392,38.28067241534684,38.71518629818864,952878,ONMOBILE.NS,38.799916458129886,43.21501190185547,38.77990667874386,40.09762673216333,57.71813662308969,0.02928488224141213
2018-04-04,39.75801849365234,42.23474618853732,39.54076156199304,41.452623223610445,723533,ONMOBILE.NS,38.68042507171631,42.90998313903808,38.93038541949902,40.0724705663477,53.41614161710626,0.029910909740116755
2018-04-05,40.583595275878906,41.40917227470216,40.062176653690585,40.322887622323584,609527,ONMOBILE.NS,38.65000896453857,42.69707130432129,39.18472539740362,40.1103316559426,54.40727934116828,0.029945142628190948
2018-04-06,40.3228874206543,41.19191513821083,40.10563049126516,40.36633814351659,423388,ONMOBILE.NS,38.71301345825195,42.500671005249025,39.35982724713449,40.12607652740273,51.55279164413922,0.02746638946403671
2018-04-09,40.01872634887695,41.14846173614285,39.58421248338409,40.45324021436981,325945,ONMOBILE.NS,38.72604885101318,42.29558052062988,39.461196339710256,40.11812466232675,54.785475392232954,0.027280408114830134
2018-04-10,39.84492111206055,40.71394886425448,39.28005506218116,40.71394886425448,160417,ONMOBILE.NS,38.77167263031006,42.10004928588867,39.52023092007184,40.09788736230703,56.46256959551362,0.02684474597128903
2018-04-11,41.49607467651367,43.79899951862354,38.97589289892467,39.97527612815976,789260,ONMOBILE.NS,38.88681888580322,41.921898651123044,39.82420688260135,40.201456792989006,67.77406418866985,0.02828439872512999
2018-04-12,41.23536682128906,42.01748979625604,40.322888359622056,41.32226826903726,403303,ONMOBILE.NS,39.00848274230957,41.76199752807617,40.04130841163023,40.27804272101123,67.10527189760413,0.028205510306693958
2018-04-13,40.54014587402344,41.669881286300274,40.23598417239805,41.62643056180458,181154,ONMOBILE.NS,39.069314575195314,41.5968822479248,40.118052636613804,40.29745776938251,69.38775936794335,0.028451671370633383
2018-04-16,40.01872634887695,40.67049714711624,39.84492013966427,40.40978949083607,162239,ONMOBILE.NS,39.07583217620849,41.43611213684082,40.10277166926967,40.276810997493214,60.91952476465111,0.028475466447030202
2018-04-17,40.01872634887695,40.54014497651501,39.80146941613052,39.97527562534321,130820,ONMOBILE.NS,39.13883666992187,41.27968719482422,40.089841619978486,40.25769361611424,58.024681545345935,0.02765686468459936
2018-04-18,39.97527694702149,41.10501237163914,39.80147073206235,40.01872767199182,350858,ONMOBILE.NS,39.227911949157715,41.118917083740236,40.07221628567741,40.23677386284811,60.5150507292602,0.027395701025850795
2018-04-19,40.01872634887695,40.93120480339642,39.88837417827572,39.97527562534321,385283,ONMOBILE.NS,39.386509323120116,41.051132888793944,40.06398706463119,40.22062219514655,62.555049041845955,0.025914608820599035
2018-04-20,39.323509216308594,40.36634327290587,38.758639802087295,39.88837863052989,232517,ONMOBILE.NS,39.51686382293701,41.01810989379883,39.95006739565848,40.154169381899294,50.97091433519941,0.02632054781091818
2018-04-23,39.280052185058594,40.40978751714609,38.88898906219973,39.41040434929318,293972,ONMOBILE.NS,39.701532173156735,40.96683723449707,39.846988132489265,40.08941995991109,36.24997530842517,0.025078893492267787
2018-04-24,39.19314956665039,39.71456819728481,38.88899118508861,39.71456819728481,199675,ONMOBILE.NS,39.78408966064453,40.89036270141602,39.74639758389867,40.0230295604103,44.96123186901666,0.02220954222181219
2018-04-25,38.32412338256836,39.23660519435921,38.2372219314825,39.14970042819549,117451,ONMOBILE.NS,39.78408966064453,40.769567794799805,39.52758616830939,39.89718465834793,29.999993246743017,0.02241041282219912
2018-04-26,37.368194580078125,38.41102858021217,36.97713141564312,38.32412381307222,178897,ONMOBILE.NS,39.76019172668457,40.636606521606446,39.19537207781227,39.70985205995757,26.71232670781677,0.022949612036078922
2018-04-27,36.93367767333984,38.28066996076377,36.75987146833213,37.10748387834756,213667,ONMOBILE.NS,39.72977561950684,40.476705398559574,38.84741909250882,39.5042095128007,26.174487549103233,0.023026524896460687
2018-04-30,36.021202087402344,37.19438826252733,35.84739586865993,37.19438826252733,182461,ONMOBILE.NS,39.57335090637207,40.32028045654297,38.41261647633859,39.24620896277119,23.49397749659535,0.021208145806668754
2018-05-02,34.71765899658203,36.238457546863415,34.50040206082755,36.02120061110893,233731,ONMOBILE.NS,39.24963798522949,40.16472442626953,37.844161479452964,38.91076081712755,0.6328829066605124,0.017839964573626053
2018-05-03,33.97898864746094,34.67421360077147,32.63199610180874,34.67421360077147,459834,ONMOBILE.NS,38.96068649291992,39.95181266784668,37.24951950530034,38.54544436011521,0.5916895411729683,0.017021891216789816
2018-05-04,35.23907852172852,38.15032379730791,33.892086022318665,34.41350140432307,611801,ONMOBILE.NS,38.693460655212405,39.71891326904297,36.940220892443136,38.30052837208657,16.48350058102153,0.018759909050504973
2018-05-07,36.7164192199707,37.020577579785616,34.89146243092623,35.543233186310324,431120,ONMOBILE.NS,38.51313724517822,39.53815536499023,36.905789865908915,38.183186953411315,31.372505984088875,0.021704280994917308
2018-05-08,37.62889862060547,38.15031722790081,36.542613999253824,36.7164202016856,239550,ONMOBILE.NS,38.39364585876465,39.39389678955078,37.01703736663146,38.14212855838866,37.77775089811666,0.022649693129022958
2018-05-09,38.54137802124024,38.80208898906745,37.41164264927375,37.71580434004627,301593,ONMOBILE.NS,38.32846870422363,39.28787536621094,37.25155131349435,38.17170259267397,43.26528286714965,0.023437980702753592
2018-05-10,36.49916458129883,39.10624776567732,36.06465071723575,37.976512382128846,264679,ONMOBILE.NS,38.07862319946289,39.11754585266113,37.1357995085412,38.04781088812766,36.082462096916785,0.023860464806581095
2018-05-11,35.6301383972168,37.15093698734191,35.282525964871354,37.15093698734191,109312,ONMOBILE.NS,37.79836177825928,38.92201454162598,36.90415933756822,37.868724036949075,35.59319814499193,0.024186223933421697
2018-05-14,35.021820068359375,35.93429860554089,34.54385543603363,35.93429860554089,117842,ONMOBILE.NS,37.52244548797607,38.73691162109375,36.61456868076686,37.65784226149799,34.09090390835843,0.024190847160423915
2018-05-15,34.6742057800293,36.32535638403033,34.152787182651984,34.848008664077554,95413,ONMOBILE.NS,37.25521945953369,38.55963005065918,36.31605131142262,37.43683215175957,33.439476377138206,0.024162365900014672
2018-05-16,35.19561767578125,37.45508810177584,33.978977714044355,34.630748411744,994828,ONMOBILE.NS,37.01406402587891,38.40233596801758,36.14367690593933,37.270816264650065,38.23525783281859,0.024616903154977655
2018-05-17,34.8914680480957,35.934298772533346,34.63075705190827,35.49978486565832,283873,ONMOBILE.NS,36.75987358093262,38.25720840454102,35.951029389348,37.09456824860901,40.206176547342324,0.02459366458017799
2018-05-18,35.06526565551758,36.36880717899522,34.63075181435836,34.978364213316745,379490,ONMOBILE.NS,36.51220054626465,38.134675369262695,35.814758045681785,36.94424953800964,42.456109114130044,0.02467210214951733
2018-05-21,33.41411590576172,35.325977518947376,33.023052775665946,34.37004505481574,156513,ONMOBILE.NS,36.2167308807373,38.0217017364502,35.44542848569408,36.68275815784313,40.066187431829974,0.026220423101358813
2018-05-22,33.54446792602539,34.93491423640071,33.24030955676576,33.54446792602539,205525,ONMOBILE.NS,35.929951667785645,37.89743072509766,35.15297301497582,36.450292214745524,45.09087809504777,0.026311251472773804
2018-05-23,32.84925079345703,33.97898629164287,32.762349337857366,33.674827881966,134677,ONMOBILE.NS,35.61275672912598,37.77576683044433,34.798554211665234,36.18354840576119,45.25545083101783,0.026439617948799878
2018-05-24,33.45756530761719,35.41287756585455,32.8057945548714,33.023051472453325,432906,ONMOBILE.NS,35.36942882537842,37.661055145263674,34.592248226427074,35.98162373182459,42.084882274799114,0.026890377098963025
2018-05-25,33.28376007080078,33.63137247499177,33.196858627291824,33.63137247499177,119133,ONMOBILE.NS,35.165207099914554,37.55068855285644,34.390942356330726,35.781781979156165,32.75102657970214,0.02653471807421243
2018-05-28,33.41411590576172,34.02243596201319,33.19685897960602,33.457566627977336,363184,ONMOBILE.NS,34.98922901153564,37.43250068664551,34.240661363935494,35.606399307052875,27.01413420210622,0.02657139806982815
2018-05-29,33.28376007080078,35.108720220187124,32.979601703441844,33.718273918500735,505813,ONMOBILE.NS,34.852356910705566,37.30040840148926,34.09344578037631,35.43435195621939,18.652714454086464,0.02614911277099658
2018-05-30,33.41411590576172,34.54385125875582,33.19685897960602,33.19685897960602,270019,ONMOBILE.NS,34.78717975616455,37.193517990112305,33.988933491974066,35.284704841370676,26.17437524268213,0.025033899539288012
2018-05-31,32.84925079345703,34.06589106232057,32.45818761310247,33.63137715416617,272678,ONMOBILE.NS,34.730692863464355,37.08662757873535,33.813597692202215,35.10430083782151,27.464674223853052,0.024871728698773153
2018-06-01,31.93676948547364,33.32721254520465,31.458804890883453,32.892698674653985,374488,ONMOBILE.NS,34.56557741165161,36.98842739105225,33.52485489116705,34.86966888579575,26.1743675315428,0.023795926754165926
2018-06-04,31.198097229003903,32.37128335336315,30.80703408252491,32.327832629327204,151390,ONMOBILE.NS,34.28966131210327,36.87806095123291,33.16689217391119,34.597700614922275,24.683432118700225,0.021424556268056907
2018-06-05,29.54694366455078,31.24154844950381,28.634465184984624,31.24154844950381,471021,ONMOBILE.NS,33.88556356430054,36.75726612091064,32.609977018624974,34.22357047045031,14.673821765700566,0.02221303162247009
2018-06-06,30.06836128234864,30.589779964026327,28.76481955077147,29.720752142974888,329646,ONMOBILE.NS,33.46191272735596,36.60779335021973,32.218959213044,33.9157771972576,20.634837317943862,0.021692389298376507
2018-06-07,33.19685745239258,33.80517748065844,30.11180990592408,30.11180990592408,704416,ONMOBILE.NS,33.296797370910646,36.50524803161621,32.36940509602071,33.86252388282315,41.63423699169218,0.03205946931136441
2018-06-08,32.58853912353516,33.54446827846113,31.545705208566503,33.109954423480666,612511,ONMOBILE.NS,33.144717407226565,36.400095748901364,32.40311802333062,33.7681546413944,45.92273966574079,0.0319065001569266
2018-06-11,31.893320083618164,33.24031247515119,31.6326124134953,32.9361540791875,421555,ONMOBILE.NS,32.988292407989505,36.28712215423584,32.324687571067166,33.629278007485055,42.276435820802845,0.0320125365732793
2018-06-12,33.7182731628418,34.89146251438591,31.37189777483108,32.0671225676324,794689,ONMOBILE.NS,32.940495777130124,36.178493690490725,32.53908535441711,33.63587024121519,53.67645207664534,0.034781189709981127
2018-06-13,37.15093612670898,37.628900723803135,33.37066675914514,34.76110982616045,1812006,ONMOBILE.NS,33.03826169967651,36.09767406463623,33.24860085784663,33.8962454919925,62.61129045871883,0.04160710514065463
2018-06-14,38.19377136230469,38.67173597538943,35.97775119976424,36.89022970021291,1257402,ONMOBILE.NS,33.203376865386964,36.06638912200928,34.00939632007095,34.21458074164526,65.82634826991342,0.041852333024043
2018-06-15,36.10810089111328,38.19376873290629,35.760491794199545,37.75925487545589,423307,ONMOBILE.NS,33.25551862716675,35.97687923431396,34.33227394638516,34.354841493457705,57.71144023276754,0.043947513588795104
2018-06-18,34.587303161621094,36.02120024922631,34.32659550435043,36.02120024922631,407540,ONMOBILE.NS,33.31417798995972,35.862167549133304,34.37150921026761,34.37206087628462,53.4562257193053,0.0436663695326516
2018-06-19,33.10995864868164,34.50040515110224,32.80580023741235,34.50040515110224,307112,ONMOBILE.NS,33.29245252609253,35.7239921951294,34.17742450848515,34.2785718223881,49.24731761378548,0.04482229299544164
2018-06-20,34.32659149169922,35.15216840578087,33.19685623220307,33.414113140378376,339874,ONMOBILE.NS,33.36631956100464,35.613625602722166,34.20037327513347,34.282128834929665,53.541652987216885,0.04524537414164733
2018-06-21,32.76234436035156,34.58730117130744,32.58853816048016,34.41349497143604,424472,ONMOBILE.NS,33.331558513641355,35.43895099639892,33.979138057474714,34.16955220718314,51.919189876884055,0.04635531553056398
2018-06-22,33.24031448364258,33.805183898938324,32.54509288294802,32.80580056882372,192037,ONMOBILE.NS,33.32938623428345,35.279049949645994,33.86547289226977,34.100719783217166,54.80573296550319,0.04645088788079633
2018-06-25,32.54508972167969,34.543852872680894,32.24092802180439,33.196860530598194,322862,ONMOBILE.NS,33.285934925079346,35.11914882659912,33.662337019871295,33.98548792680698,57.38758398314387,0.04669813502282142
2018-06-26,32.8057975769043,34.02243775346961,32.5885406393089,32.5885406393089,295052,ONMOBILE.NS,33.26203680038452,34.97489025115967,33.530561720953294,33.89810345644382,56.83297221353343,0.04672586308913523
2018-06-27,31.328447341918945,33.240308909535166,30.850482778784272,33.02305198855781,251410,ONMOBILE.NS,33.15775337219238,34.801084671020504,33.191774893409544,33.70775855907161,44.917255745129985,0.047795463764396626
2018-06-28,31.54570579528809,32.5885397296525,31.02429048564472,31.45880434870676,318526,ONMOBILE.NS,33.09257612228394,34.63249324798584,32.93853349369855,33.54760650249505,47.10144919852945,0.047705593695060104
2018-06-29,33.28376007080078,33.54446771640524,31.63260943858751,31.806412325605432,330018,ONMOBILE.NS,33.159925651550296,34.497793922424314,32.9916452747912,33.52806232236955,53.65295606967941,0.04884014967597579
2018-07-02,32.63199234008789,34.19624167455797,32.06712627448702,33.76172778636751,209061,ONMOBILE.NS,33.231620407104494,34.3639635848999,32.936314054067616,33.46168676812646,46.9586489814707,0.04874595435452051
2018-07-03,32.892696380615234,33.50101641997558,31.71951033798118,32.54508729746469,291911,ONMOBILE.NS,33.39890804290771,34.23621646881104,32.92960364276725,33.41953933201452,35.50294221161329,0.046913175428313615
2018-07-04,34.63075637817383,34.93491809611576,32.67544383527643,32.936154826391785,645634,ONMOBILE.NS,33.62702779769897,34.144968605041505,33.191319448214415,33.509259113211506,38.41807440224351,0.048004661646453395
2018-07-05,34.6742057800293,35.80394110173053,33.80517809947796,34.63075174393972,288615,ONMOBILE.NS,33.70089521408081,34.071970252990724,33.41945580695516,33.59555145890171,44.62540693325036,0.04237006224830185
2018-07-06,35.717037200927734,37.15093423424544,34.19623872350248,34.326594204741404,487374,ONMOBILE.NS,33.85732011795044,34.038947105407715,33.772929867566326,33.75269855090364,54.39188668142527,0.042468988752364795
2018-07-09,37.49855041503906,38.15032125667883,35.54323789011976,35.54323789011976,437259,ONMOBILE.NS,34.13758163452148,34.0502445602417,34.34610225948521,34.030169059358116,66.6666714957257,0.043087062138443814
2018-07-10,38.19377136230469,38.71518670111025,37.10748664389487,37.32474358757683,417198,ONMOBILE.NS,34.361356544494626,34.093695945739746,34.938051352226665,34.33858404476157,65.29211441473485,0.041652868513117
2018-07-11,37.28129196166992,38.58483359228666,37.1943871972488,38.23722116475775,194971,ONMOBILE.NS,34.36787433624268,34.144968605041505,35.298549907525626,34.556562408977,68.84057947964652,0.03565692552808278
2018-07-12,38.280670166015625,38.93244095198097,37.28129028324869,37.28129028324869,310124,ONMOBILE.NS,34.372219276428225,34.231002235412596,35.75733763960101,34.83242224283171,70.13886729645448,0.03560710173503312
2018-07-13,37.67234802246094,38.36757280782841,37.36818966517077,38.23721733180264,180083,ONMOBILE.NS,34.4504316329956,34.279667625427244,36.05195462157946,35.04278711539684,70.62934798257292,0.03342670965506919
2018-07-16,36.06464767456055,37.45509059622348,35.76048932140847,37.411639876498526,210972,ONMOBILE.NS,34.52429885864258,34.26663219451904,36.053907398961165,35.11848049014971,61.829638625288894,0.033466251310434465
2018-07-17,37.4116439819336,38.15031955862734,35.239074606501006,35.847394694637686,205065,ONMOBILE.NS,34.739383125305174,34.262287101745606,36.262789950187695,35.28834445250407,72.29300204508527,0.03253306377957085
2018-07-18,36.7164192199707,38.41102384698485,35.76049010477169,37.88960525363108,227547,ONMOBILE.NS,34.85887451171875,34.22578792572021,36.33257906861585,35.394127768612705,68.30768470249012,0.032187814223794284
2018-07-19,36.672969818115234,37.36819131917743,36.23845596556666,36.71642054035457,127232,ONMOBILE.NS,35.054405784606935,34.22926403045654,36.38494687623114,35.488856809316594,63.636369217564955,0.030060111939565932
2018-07-20,36.93367767333984,37.1943853233126,36.195005445904094,36.542614540841896,186933,ONMOBILE.NS,35.2390739440918,34.255334815979005,36.46936699886325,35.595880577022015,67.87002305735811,0.029995141469323538
2018-07-23,36.586063385009766,37.71580200202074,36.28190502816987,36.84677433667535,225196,ONMOBILE.NS,35.4411226272583,34.286619682312015,36.48732028903964,35.669227451687775,65.23295776722034,0.029565004366222045
2018-07-24,37.4116439819336,37.976513345577175,36.36881001871039,36.49916550726746,511276,ONMOBILE.NS,35.67141494750977,34.341368446350096,36.62952393410025,35.7982953428171,62.40308402498065,0.029788093906082815
2018-07-25,38.280670166015625,39.84491938931692,36.93367787136945,37.8461563087054,573695,ONMOBILE.NS,36.0190260887146,34.403069496154785,36.883546431317995,35.98217495935032,64.98193286779157,0.027319677722644372
2018-07-26,38.06341552734375,38.93244329424693,37.75925713495878,38.23722174373996,207349,ONMOBILE.NS,36.34491157531738,34.46650844573975,37.065064753783496,36.13634092734983,60.46512181851035,0.02754895725712065
2018-07-27,36.36881256103516,40.40979320785152,35.803946472982965,38.15032222548672,841400,ONMOBILE.NS,36.4991641998291,34.4925793838501,36.95794903182221,36.15356104836356,44.92186830198077,0.027929553262701398
2018-07-30,36.32535552978516,37.06403102992924,35.76048953975697,36.021197174775935,218900,ONMOBILE.NS,36.68383235931397,34.550804176330566,36.86062695458574,36.1662865655059,41.07881701260204,0.027381586302922558
2018-07-31,36.49916458129883,37.19438610078422,35.76049233842267,36.19500620248575,129890,ONMOBILE.NS,36.864155769348145,34.60989810943604,36.805017358695444,36.190944196305374,45.982135858403744,0.027377048852723705
2018-08-01,35.282527923583984,36.67297441507869,34.76111256119724,36.4557174615712,231100,ONMOBILE.NS,36.896744346618654,34.65856365203857,36.57078821483214,36.12365410202972,34.93453732566638,0.02630618372997768
2018-08-02,34.41349411010742,35.5866834435677,34.02243431403144,35.5866834435677,229151,ONMOBILE.NS,36.883708763122556,34.67768222808838,36.23889681410526,35.99697558410955,34.04258180640372,0.026935791172308952
2018-08-03,36.97713088989258,37.54200026549811,34.54385380089539,34.54385380089539,365695,ONMOBILE.NS,36.9467134475708,34.75154964447022,36.35247128730331,36.06957968083422,54.085612683056816,0.031063984922403896
2018-08-06,36.93367767333984,37.45509297328535,36.32535761335166,37.45509297328535,197858,ONMOBILE.NS,36.91846981048584,34.821940879821774,36.44188765438585,36.13358693953833,47.5770926813873,0.02896557524765056
2018-08-07,36.49916458129883,37.020579892143445,35.847393785204204,36.93367844536191,77852,ONMOBILE.NS,36.83373947143555,34.88624897003174,36.45069948929554,36.16066676485392,48.86879248086251,0.028716182178368622
2018-08-08,36.10810089111328,36.75987167728889,35.847393239658565,36.499164025834176,102169,ONMOBILE.NS,36.77507991790772,34.94012866973877,36.39799201265211,36.15677299642869,47.16157389392489,0.02833320681274594
2018-08-09,35.890846252441406,37.10748645696262,35.673589309853895,36.06465246952698,162941,ONMOBILE.NS,36.655588722229005,35.00096057891846,36.31996958800431,36.137074719096304,44.73686237121899,0.0275645196910108
2018-08-10,35.58668518066406,36.933677460319,35.23907277265354,36.19500523714366,264166,ONMOBILE.NS,36.55130558013916,35.07395889282227,36.20715660225966,36.096305123656876,44.9339489869677,0.027429569730750208
2018-08-13,35.84739303588867,36.586065263324414,34.23969309849199,34.7611083984375,175426,ONMOBILE.NS,36.540442848205565,35.16694480895996,36.15180836127951,36.07786719122961,41.58879213972897,0.02580472628621363
2018-08-14,36.7164192199707,37.06403161553988,35.36942698852574,36.02119774390983,141869,ONMOBILE.NS,36.50568161010742,35.31033432006836,36.238671570308924,36.125167341506724,41.58879213972902,0.024959070277923347
2018-08-16,38.280670166015625,38.67173330061036,36.58606545949021,37.10748407730907,316810,ONMOBILE.NS,36.58389415740967,35.4745804977417,36.552825200417644,36.284834217396266,51.020395731222685,0.026355652513298456
2018-08-17,37.23783874511719,38.5848344452607,36.97713107624608,37.75925739793728,174038,ONMOBILE.NS,36.61213760375976,35.55540012359619,36.658211899602186,36.3554271453756,54.34781115067269,0.027174197924871583
2018-08-20,37.88960647583008,38.49792653015988,36.97712805187417,37.23783569942192,197118,ONMOBILE.NS,36.65993404388428,35.66142147064209,36.84765721902186,36.469070058742595,57.377048590484804,0.0273934662619169
2018-08-21,37.54199981689453,38.41102757508617,37.06403521290469,38.01996442088437,108217,ONMOBILE.NS,36.70773086547852,35.774395065307615,36.954479157156115,36.54854633712422,54.838718812934786,0.0273884756153266
2018-08-23,36.62952423095703,37.62890424287495,36.368813230816805,37.58545351454427,200626,ONMOBILE.NS,36.66862487792969,35.83262008666992,36.904486091587025,36.554544699630355,56.43155204791056,0.027508893766738953
2018-08-24,36.890228271484375,37.15093593079016,36.67297133621659,36.67297133621659,120752,ONMOBILE.NS,36.59910278320312,35.82740592956543,36.902292580802,36.57941014939732,62.555107139611195,0.027002465637861583
2018-08-27,37.02058029174805,38.15031900256875,36.75987263351163,36.75987263351163,92249,ONMOBILE.NS,36.54696102142334,35.803942108154295,36.92049069017831,36.61208941920107,50.29238505083238,0.027006169429737627
2018-08-28,36.5426139831543,37.802704806382565,36.49916326133489,37.802704806382565,113154,ONMOBILE.NS,36.555651092529295,35.812632369995114,36.86235581217461,36.60694309060501,47.513798219800506,0.025192081190827005
2018-08-29,36.32535552978516,36.89022483489078,36.10809861475644,36.49916172482361,84401,ONMOBILE.NS,36.555651092529295,35.8473934173584,36.779740384114696,36.586084752766496,48.86361085574249,0.025231598135133815
2018-08-30,36.672969818115234,37.97651137576096,36.10810048377104,36.45571289184095,121206,ONMOBILE.NS,36.564341354370114,35.91865364074707,36.7633141431917,36.59252068353307,53.714299187743975,0.025298992516861966
2018-08-31,37.75925827026367,38.15032144014374,36.75987498224549,36.97713193050353,178495,ONMOBILE.NS,36.6881778717041,35.98730697631836,36.91653631658738,36.67894568995756,61.02566734604479,0.02477423635081099
2018-09-03,39.41040802001953,40.71394967424392,37.71580652159011,37.97651418941942,639348,ONMOBILE.NS,36.93802356719971,36.12026824951172,37.30020888634618,36.88127623292511,69.46905783190007,0.02537075205963483
2018-09-04,38.6282844543457,40.97466006081664,38.32412275040665,39.758019875216064,357680,ONMOBILE.NS,37.02058124542236,36.22802764892578,37.50452820449995,37.01068424932663,63.44541007916075,0.020479692574805978
2018-09-05,37.93306350708008,39.01934822016854,36.84677879399162,38.28067262622167,195162,ONMOBILE.NS,37.070550537109376,36.33578712463379,37.5704567125892,37.07900863878985,55.982941256362146,0.020973075572687863
2018-09-06,38.88899230957031,39.106249249847245,37.80270760818567,38.324122938819166,158872,ONMOBILE.NS,37.19004192352295,36.457451019287106,37.77330834289398,37.21308150329211,53.181838134649695,0.02136378054447016
2018-09-07,39.84492111206055,39.97527660092075,37.8896086696242,38.58483352344158,253147,ONMOBILE.NS,37.37688293457031,36.627780494689944,38.09201799968884,37.4080325854231,63.761488025793284,0.02159383950552166
2018-09-10,38.85665893554688,40.20428872521902,38.63205397060152,39.62031444548118,137630,ONMOBILE.NS,37.525173568725585,36.77399955749512,38.20965506674393,37.51533824098782,54.92947448780582,0.022495168866380227
2018-09-11,39.08126449584961,40.833183934551805,38.63205455911571,39.26094915598314,254439,ONMOBILE.NS,37.69990253448486,36.8899496459961,38.34374882506788,37.63133277838499,57.945921676817946,0.02229685413393133
2018-09-12,38.497291564941406,39.53047582674776,37.28442606386436,39.17110649380643,122527,ONMOBILE.NS,37.8323974609375,37.00725563049316,38.36737078504842,37.69547787368546,59.98018736394103,0.02272280068062028
2018-09-14,38.45237350463867,39.216032525014064,37.95824321333704,38.76682254615801,65011,ONMOBILE.NS,37.9191951751709,37.118449172973634,38.380448126523845,37.75154421671903,58.54416580113698,0.022225497811807476
2018-09-17,38.76681900024414,39.66523887577981,38.048080358055735,38.048080358055735,56891,ONMOBILE.NS,37.94350261688233,37.201170425415036,38.439889799403886,37.82674975623941,59.362523888685296,0.02020067327149447
2018-09-18,37.95824432373047,39.5304792957193,37.82347995525132,38.81174399396446,62528,ONMOBILE.NS,37.97952289581299,37.26685119628906,38.36579049545413,37.83649009457208,57.33009288759825,0.019779890727859382
2018-09-19,37.284423828125,38.227763986529176,37.10473917242903,38.0480793308332,69287,ONMOBILE.NS,37.94926376342774,37.29819892883301,38.19942639278811,37.79559629705748,54.741828063419995,0.01981608501197785
2018-09-21,35.532508850097656,38.856663398533634,31.444698704015657,38.856663398533634,169393,ONMOBILE.NS,37.84878921508789,37.25887809753418,37.789131386220355,37.62796018987527,45.048859729864624,0.022320877439796865
2018-09-24,35.891876220703125,36.65553177610532,34.139956704380445,35.53250688451386,124859,ONMOBILE.NS,37.811906814575195,37.212840194702146,37.49724597614078,37.499361377344,41.34688776583426,0.021874414469582177
2018-09-25,33.016929626464844,35.5774248388618,32.56771969957416,35.5774248388618,250891,ONMOBILE.NS,37.61824188232422,37.12755294799805,36.8079665377291,37.167329395797395,23.3916173399047,0.02804007672957069
2018-09-26,33.46614074707031,33.780586336229945,32.97201049530523,33.016930804156615,124312,ONMOBILE.NS,37.44051990509033,37.03126235961914,36.293839493012364,36.89316727366946,27.903897117533973,0.028293543855019313
2018-09-27,32.702484130859375,33.87042925827583,32.07358954618905,33.73566490898941,212806,ONMOBILE.NS,37.24851341247559,36.93186508178711,35.74132328345037,36.58274630012797,27.741369934173647,0.028531599235198525
2018-09-28,30.501352310180664,33.01692701647196,30.186903329894573,32.92708640907564,212335,ONMOBILE.NS,36.957313251495364,36.82059917449951,34.93517390294734,36.13227267124299,17.72682939001126,0.031741279405044655
2018-10-01,30.45643615722656,31.534537301708955,28.704516656642745,31.534537301708955,136725,ONMOBILE.NS,36.646486568450925,36.68149501800537,34.24613732668261,35.711840336871404,11.152417178371138,0.031510944184188004
2018-10-03,30.366594314575195,32.70248829397341,29.647859023683512,30.00722838272945,298052,ONMOBILE.NS,36.2768533706665,36.554498519897464,33.64928455558916,35.31589618707169,12.048194414674015,0.030238810042045438
2018-10-04,30.276750564575195,30.725960503434766,29.42325099530204,29.64785596473182,175003,ONMOBILE.NS,35.82017049789429,36.42657413482666,33.13043317235624,34.94262614096083,10.162596223434619,0.027521001972791524
2018-10-05,29.55801582336425,30.95056597079208,29.198646495615183,29.73769706003889,152400,ONMOBILE.NS,35.36665706634521,36.27906089782715,32.58083050328055,34.54376611743516,10.040156328147233,0.027587705520546468
2018-10-08,29.962299346923828,30.591193900503555,28.569749324339888,30.231828032172,192014,ONMOBILE.NS,34.968118858337405,36.146585617065426,32.17797955614875,34.204398208508394,13.229524734409665,0.0281836235726583
2018-10-09,29.24357032775879,29.962305642643123,29.063885642237626,29.962305642643123,103694,ONMOBILE.NS,34.48584775924682,35.983224143981936,31.72653198255029,33.836929476601014,10.150345515182494,0.026946538781318363
2018-10-10,29.82754135131836,30.77088156043176,29.19864673617612,29.19864673617612,117746,ONMOBILE.NS,33.98497877120972,35.81416156768799,31.43437957774538,33.53993776361711,15.325626742125323,0.026618596305548883
2018-10-11,29.018962860107425,30.27675212460249,28.7494375683442,30.27675212460249,144518,ONMOBILE.NS,33.493093967437744,35.63327251434326,31.062777005801077,33.205050733727504,15.151478111000472,0.026672665922468277
2018-10-12,31.89390754699707,34.49932671749094,29.423252737018423,30.32167266791975,769128,ONMOBILE.NS,33.13372611999512,35.5437744140625,31.190643242908155,33.10792901619192,35.986144782497746,0.03663635704025489
2018-10-15,32.253273010253906,33.06184879447554,31.893903710244537,33.06184879447554,137669,ONMOBILE.NS,32.821525192260744,35.462332763671874,31.354124745576733,33.04462116390021,35.986135377530644,0.036898388530827726
2018-10-16,32.208351135253906,33.06185070160955,31.62438027305255,32.52280014770064,89309,ONMOBILE.NS,32.509324073791504,35.37651649475097,31.485544190142452,32.982675235852334,46.017690469391134,0.03689616670202024
2018-10-17,30.77087783813477,32.97200701126606,30.59119319451597,32.52279711581884,108737,ONMOBILE.NS,32.109527015686034,35.28628349304199,31.375595520602808,32.81883839157696,37.903195706596435,0.037547941828454404
2018-10-19,30.276750564575195,31.26501105918632,29.9173812426076,31.26501105918632,68849,ONMOBILE.NS,31.72545232772827,35.20354862213135,31.206542450444715,32.63053558957683,38.84295766109896,0.03749570464360012
2018-10-22,29.513090133666992,30.546274312164183,29.3334089088846,30.276749047790904,74682,ONMOBILE.NS,31.33688564300537,35.05426780700684,30.946011324786603,32.399613703953875,44.76189359324876,0.03760798120845507
2018-10-23,29.15372467041016,30.09706482269652,28.52483009315267,29.28848559090836,164218,ONMOBILE.NS,31.017946434020995,34.89866874694824,30.670274916420997,32.159177479246935,43.3179485453588,0.03664562547483689
2018-10-24,29.37833023071289,29.8275401625978,28.79435594838259,29.15372526477044,129486,ONMOBILE.NS,30.692269134521485,34.75625205993652,30.471514195542824,31.953188794170337,44.99998166494285,0.03658265503357857
2018-10-25,29.24357032775879,30.186910642744497,28.749440012975832,29.24357032775879,314767,ONMOBILE.NS,30.503601169586183,34.61896144866943,30.282599754345277,31.752476315176892,44.796383394045584,0.032571135243970276
2018-10-26,29.06388282775879,29.513092784461087,29.01896251752856,29.423252164000623,113127,ONMOBILE.NS,30.283488273620605,34.48242218017578,30.09510484256274,31.553321242034812,47.3684060830545,0.03225750725815398
2018-10-29,29.28848457336425,29.647853869940345,28.884198398715665,29.10880335227582,346762,ONMOBILE.NS,30.11278829574585,34.35645816802978,29.971009416532205,31.38555556287403,46.34145937321806,0.03216937577373442
2018-10-30,30.72595977783203,32.16343017735643,30.546275121091536,32.16343017735643,217733,ONMOBILE.NS,30.124018669128418,34.254029502868654,30.087155625962946,31.33669661583388,57.466047786994125,0.030806083973447994
2018-10-31,31.44469451904297,32.07358909486377,30.456434062181508,30.77087963649205,272968,ONMOBILE.NS,30.173431587219238,34.148595008850094,30.296007763359874,31.344696460516037,58.03570210010571,0.031208485008336357
2018-11-01,31.48961639404297,32.88216653522777,31.44469608507569,31.44469608507569,177702,ONMOBILE.NS,30.229582691192626,34.01277393341064,30.479639860388044,31.35543127040692,63.285019100880206,0.0311869400982621
2018-11-02,31.175168991088867,32.343114092315886,31.04040464482434,31.848983868012112,173987,ONMOBILE.NS,30.27450361251831,33.89152053833008,30.586644342034322,31.342078508975955,44.66664590840511,0.03128831401228004
2018-11-05,31.399778366088867,31.89390865988652,30.68104308172864,30.68104308172864,200891,ONMOBILE.NS,30.36659173965454,33.76172397613525,30.71174188419656,31.3463525724658,43.53745249602911,0.030712801330103085
2018-11-06,31.309932708740234,32.028671383461386,31.130251467259946,31.130251467259946,103300,ONMOBILE.NS,30.433973407745363,33.63708263397217,30.803771241818662,31.343654804782425,43.24326262783908,0.030645834984263504
2018-11-07,31.220090866088867,31.66930080660813,30.95056558721728,31.66930080660813,32329,ONMOBILE.NS,30.532799434661865,33.52889396667481,30.86782041478331,31.334501920434754,54.23731192100994,0.030038069076278585
2018-11-09,31.399778366088867,31.89390865988652,31.040409010308668,31.26501400087125,73142,ONMOBILE.NS,30.61141128540039,33.41908496856689,30.94966009959955,31.339337212705427,61.26125953818873,0.02979984947775015
2018-11-12,31.354856491088867,32.07359173963646,30.95056684278084,31.759142712196887,73569,ONMOBILE.NS,30.728205966949464,33.30577049255371,31.01199800598252,31.340486788881975,71.57895630736009,0.028977101622249486
2018-11-13,30.681039810180664,31.7142206002794,30.546275459333096,31.7142206002794,89269,ONMOBILE.NS,30.667562580108644,33.188539009094235,30.961081360474545,31.291638864533727,66.6666250392858,0.01905916606671011
2018-11-14,30.90564346313477,31.354853377266377,30.54627416094961,30.636114772896068,96128,ONMOBILE.NS,30.600181102752686,33.08014476776123,30.9525524531915,31.26304661257825,66.66661116346916,0.018937169098454793
2018-11-15,31.220090866088867,31.714221115220084,30.681040308345697,31.13025024886496,160129,ONMOBILE.NS,30.550768089294433,32.9710871887207,30.993712209021865,31.25986470543089,70.75460890408544,0.019131106873561638
2018-11-16,30.8158016204834,31.5345368488842,30.54627633823309,30.99548628438357,139965,ONMOBILE.NS,30.553014278411865,32.8322180557251,30.96634134924672,31.226971143582926,67.56751897692168,0.01649126717226338
2018-11-19,31.669300079345703,32.25327435949015,30.77088021893873,31.22009014914222,234792,ONMOBILE.NS,30.62264175415039,32.67739589691162,31.074488846185023,31.259736249935727,71.19996222763223,0.01711146214526881
2018-11-20,31.48961639404297,32.25327535528617,31.26501142200671,31.62438074814468,85396,ONMOBILE.NS,30.72146806716919,32.534622535705566,31.138354622778554,31.276764408758485,58.762857265421935,0.015971623010216925
2018-11-21,31.399778366088867,31.983749285231475,31.08532932298115,31.53453930410632,39178,ONMOBILE.NS,30.833770751953125,32.40395683288574,31.178573660210912,31.28587655374592,49.397656926625615,0.0156264389585637
2018-11-22,32.07358932495117,32.792324519388224,31.444694744618847,31.48961505167121,228041,ONMOBILE.NS,30.96853370666504,32.26764877319336,31.31626837786326,31.34422564790927,56.70102280497018,0.01610130472247299
2018-11-26,31.669300079345703,32.34311497465093,30.86072083409952,31.893905044447447,155312,ONMOBILE.NS,31.089820194244385,32.104136352539065,31.370580947322097,31.36830523542308,55.555550790120975,0.0164363176024545
2018-11-27,30.8607234954834,31.579462187551783,30.72596256112064,31.579462187551783,87819,ONMOBILE.NS,31.179662227630615,31.944217643737794,31.292141339346912,31.330706588020142,44.64282735581392,0.017603725590573892
2018-11-28,30.591197967529297,31.26501291583259,30.321672673648,31.040407933064824,88250,ONMOBILE.NS,31.244797897338866,31.774416313171386,31.184303897528817,31.275928171687486,43.10345332462657,0.01776250912576165
2018-11-29,30.097068786621094,30.815804072204845,29.737699430229128,30.636119394008865,71724,ONMOBILE.NS,31.21335334777832,31.606411857604982,31.017036957389166,31.18860525427516,40.00001358723806,0.014395627058332902
2018-11-30,29.782617568969727,30.6810373637839,29.558012620266183,30.231827466376814,105576,ONMOBILE.NS,31.130249500274658,31.433016738891602,30.827126282247715,31.084458018326607,35.937442985688946,0.013335502793145384
2018-12-03,29.42325210571289,30.14198734957275,29.15372681766544,30.14198734957275,109713,ONMOBILE.NS,31.026931285858154,31.246145401000977,30.611145639703896,30.96140572850337,34.07403726364252,0.013460306287939807
2018-12-04,29.24357032775879,30.007229384423653,29.15372969859837,29.468175327860163,149452,ONMOBILE.NS,30.930351352691652,31.071851921081542,30.40074943786619,30.83415866178155,37.09676535688457,0.013386676460517909
2018-12-05,28.83927726745605,29.288487215093685,28.4799113656659,29.243566905769907,214540,ONMOBILE.NS,30.80232629776001,30.902948989868165,30.16052295011078,30.68638966960929,32.03122278861518,0.013359889938902586
2018-12-06,28.39006805419922,29.108804973789013,28.16546308812739,28.74943565719417,208718,ONMOBILE.NS,30.65633306503296,30.760100173950196,29.888145273816694,30.516291772171506,25.954161854788282,0.013595317313184176
2018-12-07,28.61467361450196,29.198646195695883,27.626411400543027,28.74943625422364,343437,ONMOBILE.NS,30.526062202453613,30.614556121826173,29.692226556999042,30.375431167899688,30.70863956729454,0.013886305562491636
2018-12-10,27.356884002685547,28.614671398689524,27.08735703051339,28.614671398689524,95238,ONMOBILE.NS,30.32391748428345,30.501355209350585,29.332943087104656,30.151835081587528,14.705841949718561,0.016248146093394915
2018-12-11,26.368623733520508,27.446726557795326,26.14401876426326,26.99751661928084,431593,ONMOBILE.NS,30.074605846405028,30.35940486907959,28.87689395578402,29.871597203952934,12.986978254078664,0.01745823050501256
2018-12-12,27.17720031738281,27.58148993316399,26.23386016535989,26.727990394781447,517047,ONMOBILE.NS,29.899413871765137,30.248899192810057,28.615402626799217,29.672012249392186,22.352893867987575,0.01921849221254089
2018-12-13,28.83927726745605,29.468171879588724,27.67133208903819,28.30022670117086,241143,ONMOBILE.NS,29.7960955619812,30.215657691955567,28.649844879207958,29.610328176656175,31.249995853508324,0.02426958509367444
2018-12-14,28.70451736450196,29.288488260964098,28.56975300451836,28.70451736450196,77673,ONMOBILE.NS,29.670316886901855,30.180619316101073,28.658256030791648,29.543231079459567,32.25807335277675,0.024065915730388427
2018-12-17,29.333410263061523,29.91738112496269,28.390068367005995,28.929120634237737,174663,ONMOBILE.NS,29.59619731903076,30.1599556350708,28.76212591267932,29.527688796763414,40.659339890229,0.024633105158212577
2018-12-18,29.82754135131836,30.725961250893008,28.839277405466284,29.15372642663737,183360,ONMOBILE.NS,29.504109382629395,30.150971450805663,28.92603598016225,29.549900097100817,45.45454545454545,0.024053164133171826
2018-12-19,30.95056533813477,31.30993123133817,29.87246080412488,29.87246080412488,286578,ONMOBILE.NS,29.477156829833984,30.178822441101076,29.237502035234947,29.653653077918147,54.726356388383444,0.025669620313624596
2018-12-20,31.938825607299805,32.11851026625729,30.501355190039543,30.905644815893933,326344,ONMOBILE.NS,29.504109191894532,30.218352966308593,29.653090277091078,29.822925117131604,61.11112203192057,0.02666460481252535
2018-12-21,32.52280044555664,33.19661535771375,31.48961620936912,32.07359050411856,359796,ONMOBILE.NS,29.526569747924803,30.28393756866455,30.0945841491627,30.022915882200127,65.61086424914427,0.02654675042473124
2018-12-24,37.059818267822266,38.90157824781349,32.70248343024304,32.79232404304273,1424426,ONMOBILE.NS,29.796095657348634,30.42858310699463,31.166158628956477,30.54416791076473,77.35848074081365,0.04053751430588256
2018-12-26,31.265010833740234,36.835214720873225,29.91738102687902,36.38600478525282,3298485,ONMOBILE.NS,29.816310024261476,30.473504066467285,31.18136666046167,30.59756368283699,56.164386084761794,0.05449448214258741
2018-12-27,32.11851119995117,32.792326120229866,31.44469627967248,31.44469627967248,471179,ONMOBILE.NS,29.89267568588257,30.47799613952637,31.325542743460055,30.71022646188249,59.28412104867104,0.05471295375091202
2018-12-28,32.882164001464844,33.2415332999113,31.93882387704242,32.11850852626565,264487,ONMOBILE.NS,30.031930446624756,30.490573959350584,31.565022936999256,30.871110724073777,60.34857980694069,0.05467147136654807
2018-12-31,33.24153518676758,34.6340852996922,32.43295593296627,33.06185052734509,279717,ONMOBILE.NS,30.204876327514647,30.51123764038086,31.822947898502076,31.046697721310355,64.92028335100088,0.0545440732563307
2019-01-01,33.60091018676758,34.09504051332584,32.792330796253765,33.51106612826582,141212,ONMOBILE.NS,30.413759231567383,30.567838287353517,32.09648055823523,31.235898644677555,68.9411945947226,0.054363687361208064
2019-01-02,32.882164001464844,34.050112507816024,32.74740308494714,33.2864536054172,118718,ONMOBILE.NS,30.595688915252687,30.619946556091307,32.217354934116706,31.3578442266618,65.01180549965041,0.05468043767272113
2019-01-03,32.882164001464844,34.36455807355696,32.38803378650068,34.36455807355696,108386,ONMOBILE.NS,30.797833251953126,30.687328033447265,32.31963325217026,31.47075680257314,61.65801644039827,0.05448586004153569
2019-01-04,35.577423095703125,37.419186447475305,32.65755871397599,33.10676861885709,1222665,ONMOBILE.NS,31.15720100402832,30.815802001953124,32.82083168963686,31.774954305767952,67.26859610989311,0.05658683313598848
2019-01-07,35.128211975097656,35.93679114678,34.22979219642816,35.84695053979284,202519,ONMOBILE.NS,31.482877922058105,30.93079963684082,33.175813272015446,32.02334376275534,64.69245535384833,0.05686790126253983
2019-01-08,38.497291564941406,40.02460608914211,34.8586916345103,34.8586916345103,1909302,ONMOBILE.NS,32.0398983001709,31.115874061584474,33.9945022401579,32.502895451806154,69.18487031624875,0.05822382913274669
2019-01-09,35.128211975097656,38.85665542745587,34.58916147877574,38.63205048278849,716069,ONMOBILE.NS,32.47787771224976,31.23716064453125,34.16891912245632,32.69736334242034,58.40865957300107,0.061802656522881784
2019-01-10,34.40947723388672,35.936791560654434,34.13995198262171,35.21805641488125,375560,ONMOBILE.NS,32.839491558074954,31.3395804977417,34.205928062676385,32.82418659364007,55.027410780577526,0.062233193121571384
2019-01-11,33.55598068237305,34.63408520888138,33.3762994506215,34.5442445930056,233872,ONMOBILE.NS,33.0753267288208,31.39618091583252,34.10593615801433,32.87839356317585,52.079558894755316,0.06175309820572778
2019-01-14,33.061851501464844,33.735666423752306,32.79232621798984,33.69074611437313,172178,ONMOBILE.NS,33.29319343566895,31.428524055480956,33.94530774931441,32.891983040086146,40.38878343681168,0.06191479167761067
2019-01-15,33.15169143676758,34.22979243698807,32.79232215189442,32.79232215189442,215171,ONMOBILE.NS,33.48410749435425,31.46176555633545,33.823212931999514,32.91122069909959,56.24998736309173,0.06185200363057817
2019-01-16,34.18487548828125,35.98171523460037,33.15169469046766,33.555980891629595,882840,ONMOBILE.NS,33.70197420120239,31.521959686279295,33.878853325273624,33.00556549829823,56.764691851448895,0.06204253883316585
2019-01-17,33.73566818237305,34.813772799673934,33.55598350828955,34.0501172188192,241607,ONMOBILE.NS,33.841229343414305,31.56867748260498,33.85682484175046,33.05964717860007,52.85286625454533,0.06183442403277897
2019-01-18,33.73566818237305,34.63408812559044,33.421222573127,33.82551223301485,189731,ONMOBILE.NS,33.93107147216797,31.61719219207764,33.838185355692396,33.10972280850918,51.69231251616747,0.061545657214588954
2019-01-21,32.61264419555664,34.40948413390356,32.34311889024464,34.40948413390356,143076,ONMOBILE.NS,33.93556365966797,31.64504325866699,33.64964056182536,33.0729021705127,46.78361469524616,0.06201925887717132
2019-01-22,31.624378204345703,32.88216389025514,31.44469355573018,32.88216389025514,124191,ONMOBILE.NS,33.66379165649414,31.649535255432127,33.33806173759772,32.96560409894477,45.97701934787696,0.05319879721510859
2019-01-23,31.309932708740234,32.16343231457161,31.17517177763002,31.5345376877906,82710,ONMOBILE.NS,33.66603775024414,31.648636779785157,33.02604188700426,32.842961773744435,45.070434664250946,0.03990355919728308
2019-01-24,30.8607234954834,31.624382499006035,30.681042249666383,31.399777514534687,58792,ONMOBILE.NS,33.60314836502075,31.65223045349121,32.692915980616434,32.696129308688064,32.786907154882186,0.039533914013617506
2019-01-25,31.040407180786133,33.19661633397995,30.9056462507115,31.040407180786133,223290,ONMOBILE.NS,33.511060523986814,31.654925727844237,32.43868385756562,32.573483225139775,34.78263215766289,0.039137267208025524
2019-01-28,30.45643615722656,31.57946103872902,30.32167180056629,31.57946103872902,152761,ONMOBILE.NS,33.371805572509764,31.63965263366699,32.133722672898074,32.416664923812874,12.23628162828895,0.039178735739186905
2019-01-29,30.45643615722656,30.770881753167263,30.32167180056629,30.591197086686883,85075,ONMOBILE.NS,33.21458187103271,31.632465324401856,31.875678593563997,32.27146279295463,17.901242980973663,0.03904308487634551
2019-01-30,30.90564346313477,31.08532468702768,30.411509815830264,30.636114772896068,75655,ONMOBILE.NS,33.11575584411621,31.61719219207764,31.72644241965181,32.17029099074575,24.999986390980652,0.039041361456670295
2019-01-31,31.040407180786133,31.62438149270945,30.99548687076125,31.085327490811007,108675,ONMOBILE.NS,33.02366800308228,31.6082080078125,31.620898536749397,32.0865958937117,29.999990901401247,0.039067529708866976
2019-02-01,30.90564346313477,31.534534601159294,30.636114772896068,30.995484075081222,89214,ONMOBILE.NS,32.790079021453856,31.598325309753417,31.510859294654843,31.999117935891192,31.818161348430294,0.03368070865156219
2019-02-04,29.692777633666992,31.399776850426065,29.288487984729315,31.399776850426065,214402,ONMOBILE.NS,32.518307304382326,31.550709075927735,31.231154423733635,31.828277913504216,25.477709934771042,0.03445342965983281
2019-02-05,29.108806610107425,30.366592434494784,28.83927789391014,30.366592434494784,134007,ONMOBILE.NS,32.048883056640626,31.499499206542968,30.90463937548345,31.626835594734082,11.56460639755619,0.02435371228274769
2019-02-06,28.88420295715332,29.468173872250887,28.749438592869183,29.15372825852144,84587,ONMOBILE.NS,31.736682605743407,31.459968795776366,30.59380300343266,31.42367762157995,11.971808875659192,0.017044898522047137
2019-02-07,29.108806610107425,29.917382477099306,28.74943727331104,28.88420163140968,94220,ONMOBILE.NS,31.471649074554442,31.430320968627928,30.365342019844164,31.252205694804207,14.965951025859752,0.01726587916324307
2019-02-08,29.46817207336425,29.737697358279185,29.108806169211,29.108806169211,95765,ONMOBILE.NS,31.267258644104004,31.417743034362793,30.22731587423187,31.120055056179027,23.07685775362988,0.01738203753453914
2019-02-11,29.46817207336425,30.00722607039405,29.198646788449327,29.423251763745093,52903,ONMOBILE.NS,31.087574672698974,31.411454124450685,30.110524520252238,30.997693353748303,27.777731910287827,0.017319448906896337
2019-02-12,29.28848457336425,29.8724588235005,28.74943405569973,29.19864396282004,44035,ONMOBILE.NS,30.894414329528807,31.40875877380371,29.984056836115624,30.871085295942077,28.571353471845,0.017208631840123206
2019-02-14,28.749435424804688,29.10880473849465,27.49164796768946,28.210383167869622,67082,ONMOBILE.NS,30.62264232635498,31.398876075744628,29.794115080529327,30.7139260462282,28.037320501633104,0.014996438980583884
2019-02-15,26.95259666442871,28.479911160852986,26.278781747817995,28.479911160852986,186532,ONMOBILE.NS,30.283488750457764,31.361142463684082,29.356958401129233,30.435309054983794,18.181761496307416,0.01925502233406209
2019-02-18,25.06591415405273,28.075621076134315,24.57178390855274,28.075621076134315,521118,ONMOBILE.NS,29.850001049041747,31.294659385681154,28.69679774773285,30.03757609935927,15.116222234290959,0.023126735557505065
2019-02-19,25.24559783935547,25.515123105836903,24.706545592792747,25.065913185967943,116617,ONMOBILE.NS,29.48164873123169,31.227277870178224,28.16584391567479,29.682614746766397,17.045398070863044,0.02316436198075261
2019-02-20,26.144018173217773,26.772911044760537,25.335440644891424,25.335440644891424,296818,ONMOBILE.NS,29.207630729675294,31.203020553588868,27.854793801450636,29.420496482059093,21.505356707086634,0.02509765582706785
2019-02-21,26.63814926147461,26.81783392400865,25.604966735903744,26.09909698747244,91017,ONMOBILE.NS,28.974041557312013,31.20841106414795,27.6676177183774,29.214396687941722,24.742246380221445,0.02586739048542501
2019-02-22,26.727991104125977,27.44672631392301,26.368623499227457,26.772911412138324,68356,ONMOBILE.NS,28.76740493774414,31.19942687988281,27.523059777723333,29.030218496547963,25.906715803058106,0.02593187768341343
2019-02-25,27.22212028503418,28.0306995065222,26.50338510326688,26.86275269415053,112460,ONMOBILE.NS,28.576490592956542,31.167083740234375,27.476761394232692,28.89628529569509,34.46324417348866,0.026407511440066693
2019-02-26,26.413543701171875,26.862753633891124,25.47020352790141,26.862753633891124,133308,ONMOBILE.NS,28.374345970153808,31.121264266967774,27.313189441454107,28.712378510915595,33.51644839370131,0.02679070931422664
2019-02-27,25.829572677612305,27.222122866965314,25.60496769780698,26.907677266117865,78764,ONMOBILE.NS,28.143002796173096,31.05118751525879,27.084940708555365,28.498837338078317,32.105230460079895,0.02695332317127786
2019-02-28,26.00925636291504,26.77291189448254,25.8295717004286,26.099096980558315,77018,ONMOBILE.NS,27.89818344116211,30.974821815490724,26.919450809226085,28.314423932510667,31.74600678418153,0.026664185394640494
2019-03-01,27.22212028503418,27.62640989577819,26.09909549252288,26.14401751238323,223927,ONMOBILE.NS,27.70726909637451,30.900252914428712,26.96601534396579,28.233512551216112,37.98074842468928,0.029264257076321472
2019-03-05,28.52483367919922,29.1986486479992,27.22212405407922,27.22212405407922,295962,ONMOBILE.NS,27.588228607177733,30.8319730758667,27.205833549386316,28.255091894029675,45.56963068506034,0.03166125499130367
2019-03-06,30.366594314575195,32.29819862184678,27.940861422615697,28.749439053268866,1437959,ONMOBILE.NS,27.621919441223145,30.78884895324707,27.69210443633845,28.41149948073675,54.379588285848826,0.03392455353542901
2019-03-07,29.872459411621094,31.84898372730363,29.64785445363898,30.725958937393063,378456,ONMOBILE.NS,27.660102081298827,30.645101776123045,28.02754366330501,28.51971873487633,54.578750989568505,0.03382049562375892
2019-03-08,29.917383193969727,30.99548780299208,29.73769852126599,29.96230350534564,114172,ONMOBILE.NS,27.71176109313965,30.618149223327638,28.318288206484198,28.623249435549916,64.1025631720347,0.03374610786209015
2019-03-11,30.77087783813477,30.95056248175356,29.8275377431355,30.05214269085911,130445,ONMOBILE.NS,27.794864654541016,30.591196556091308,28.69560968827659,28.782333020926572,80.094776525172,0.03423868928600816
2019-03-12,30.95056533813477,31.624380243490968,30.770880677933143,31.085326262886102,143047,ONMOBILE.NS,27.868984317779542,30.552564582824708,29.042525942100927,28.942942822201253,80.09478453632812,0.03417948837980113
2019-03-13,30.77087783813477,31.0404030899632,30.41150855089717,31.0404030899632,132843,ONMOBILE.NS,27.934119606018065,30.50315143585205,29.308426233798443,29.078345415974105,76.4102232461988,0.03423106151218518
2019-03-14,30.77087783813477,31.624377324924392,30.456432282201515,30.90564217764874,118737,ONMOBILE.NS,28.008239269256592,30.446550788879396,29.53341878831172,29.203718187986006,74.99996538583488,0.03417545212865829
2019-03-15,30.8158016204834,31.22009125745882,30.770881311308333,31.22009125745882,176167,ONMOBILE.NS,28.11155757904053,30.405223541259765,29.730708454799668,29.323131775578407,74.86336224018176,0.03380637200379992
2019-03-18,31.040407180786133,31.35485620536021,30.54627691611254,30.81580220346177,110298,ONMOBILE.NS,28.3159481048584,30.36838840484619,29.932200566489893,29.45033736114935,74.01128140961487,0.02996166197320582
2019-03-19,31.1302490234375,31.39977429169935,29.46817025262324,31.39977429169935,96599,ONMOBILE.NS,28.619164848327635,30.279444923400877,30.1165157137126,29.574775262059585,82.6086474933831,0.023845695484989805
2019-03-20,33.78058624267578,35.44266508317332,30.72596069564226,30.995485975204065,790626,ONMOBILE.NS,29.045914268493654,30.252492408752442,30.680218872014628,29.886316816179303,92.7535524365792,0.028979865704474646
2019-03-22,35.128211975097656,37.733630704118994,32.882162528423905,34.139951589441,978412,ONMOBILE.NS,29.495123958587648,30.185110816955568,31.36452550325817,30.27460534646955,93.56216559304734,0.029155899704723817
2019-03-25,36.7902946472168,36.96997930805006,34.364560293967365,35.03837520169222,657986,ONMOBILE.NS,30.002731227874754,30.21835247039795,32.19925921771335,30.757248998376753,93.82710181821423,0.030021488975500287
2019-03-26,37.59887313842773,39.48555706976682,36.116482292947126,36.835217559895305,848083,ONMOBILE.NS,30.546275329589843,30.28214038848877,33.029969051669404,31.26403597171386,93.53441933365593,0.029874945156912667
2019-03-27,38.362525939941406,39.08126109065141,37.01489624716032,37.82347200650925,485625,ONMOBILE.NS,31.103295612335206,30.378271293640136,33.850362419095866,31.78985004343442,92.78838881545708,0.029880504698865582
2019-03-28,37.55394744873047,38.90157716646385,37.01489693251696,38.676972213508286,188067,ONMOBILE.NS,31.660315799713135,30.46811321258545,34.42014473134734,32.2168202216045,89.76740585324545,0.02921493496674892
2019-04-01,39.53047561645508,40.249210851314274,38.04808140995804,38.09300514673669,505550,ONMOBILE.NS,32.345360946655276,30.595688896179198,35.20634948290238,32.75857247307491,91.47283849170738,0.028567955346092015
2019-04-02,40.29412841796875,40.653497724535136,39.0812630059067,39.30586796571076,526311,ONMOBILE.NS,33.05960454940796,30.717873954772948,35.989084703681826,33.31676180232631,91.40622019711411,0.028361020395969008
2019-04-03,39.39570999145508,40.15936893849298,38.76681882321187,39.97968427876643,641588,ONMOBILE.NS,33.668284034729005,30.831074790954588,36.51318090180079,33.76705426078029,84.55880562346043,0.029441643962161673
2019-04-04,39.53047561645508,39.80000090112728,38.18284576589411,39.08126566626809,582969,ONMOBILE.NS,34.2185661315918,30.94697093963623,36.97738008867068,34.193974361200645,85.97786937592166,0.028823900807250818
2019-04-05,39.30587005615234,40.24921025206002,38.99142446658309,39.39571067397217,127800,ONMOBILE.NS,34.66552991867066,31.080835456848146,37.335609314437086,34.572633301567436,84.42029554049347,0.026917998117127705
2019-04-08,39.21603012084961,39.710160381858266,38.6320558132576,38.90158109860778,374876,ONMOBILE.NS,35.13270845413208,31.232668495178224,37.62490482311593,34.916588621514265,83.75452862797997,0.026282938268191117
2019-04-09,39.48554992675781,39.97968011919561,38.90157570020438,39.12618064469424,397571,ONMOBILE.NS,35.61111679077148,31.396180839538573,37.911157915983914,35.255030199680455,83.81295683747388,0.026175589023188846
2019-04-10,39.48554992675781,39.6652345677896,38.99141973432,38.99141973432,65580,ONMOBILE.NS,36.04685039520264,31.568677368164064,38.15337207148759,35.56840203131582,83.69565953152355,0.02613595897456249
2019-04-11,39.48554992675781,39.71015487124768,39.21602467880987,39.21602467880987,38816,ONMOBILE.NS,36.47359962463379,31.737580223083498,38.35832251075993,35.8585611346819,79.26268128703029,0.02625088840452987
2019-04-12,38.85665893554688,39.53047383038295,38.45236931320528,39.53047383038295,49558,ONMOBILE.NS,36.877888679504395,31.9055846786499,38.43498965303485,36.08064245326449,70.64680463453055,0.026717179829796635
2019-04-15,39.48554992675781,39.97968011919561,38.7218910591726,39.17110094815232,117112,ONMOBILE.NS,37.313622283935544,32.08616695404053,38.59661431053069,36.3328578216714,66.85393660460969,0.02657733132364992
2019-04-16,39.44063568115234,40.06952688055842,38.1828464279402,40.06952688055842,524729,ONMOBILE.NS,37.744863986968994,32.25686679840088,38.72646375216479,36.56306358904036,62.73297068980159,0.02664229791315076
2019-04-18,39.57539367675781,39.66523771800887,39.12618375210177,39.30586840740413,138546,ONMOBILE.NS,38.17161331176758,32.42756652832031,38.85706835594833,36.786199151093506,59.18371237504564,0.026698019270846373
2019-04-22,39.08126449584961,39.66523878448362,38.72189517558255,38.72189517558255,88187,ONMOBILE.NS,38.56916408538818,32.59107894897461,38.891560069779295,36.956203991445804,62.142932098185064,0.027207371990129837
2019-04-23,37.59887313842773,39.171108034276926,37.23950721855369,38.90158273757137,74604,ONMOBILE.NS,38.76007843017578,32.74920085906982,38.69268515726367,37.00380911344446,33.33324556010071,0.02339260226767015
2019-04-24,36.07155990600586,37.37426600299894,35.936795551806625,37.28442538499937,87365,ONMOBILE.NS,38.80724582672119,32.888455924987795,38.28943511860862,36.934753616597156,17.808120377721735,0.02410227214515518
2019-04-25,35.352821350097656,37.419189841749535,34.90361140446897,36.026636268540685,82122,ONMOBILE.NS,38.735372161865236,33.01782829284668,37.83764838499155,36.8175734487083,18.309747971627004,0.02198676694484175
2019-04-26,34.544246673583984,35.936796866729765,34.27472138252352,35.48758690589564,52804,ONMOBILE.NS,38.58264083862305,33.12653709411621,37.33097119862116,36.64917887277317,14.6495433765256,0.02172363457933721
2019-04-30,32.92708969116211,34.364560115983444,32.65756098770826,34.18487545608082,57239,ONMOBILE.NS,38.31086902618408,33.19571544647217,36.653450966704376,36.373468563024204,12.233917853934159,0.022921599017338586
2019-05-02,34.27471923828125,34.31963954611442,32.9720097479204,34.0051905368826,41876,ONMOBILE.NS,38.14690761566162,33.291846389770505,36.28749223925466,36.218005650080286,24.53695786101285,0.025061988023157265
2019-05-03,33.96027374267578,34.67900902396836,33.5110637634679,34.31964309692215,38043,ONMOBILE.NS,37.86839752197265,33.38528217315674,35.929458624396375,36.050766249531804,21.6589520908405,0.02118889478941741
2019-05-06,34.40947723388672,34.67900248515173,32.882162907119,32.882162907119,50600,ONMOBILE.NS,37.574164962768556,33.49848300933838,35.69561533354874,35.92918928540995,25.110059810885673,0.020826089727562242
2019-05-07,33.51105880737305,34.36455832708033,33.2415335451496,34.274717715405735,24273,ONMOBILE.NS,37.27993240356445,33.62965225219727,35.359529714137096,35.750068509259066,23.07685431548505,0.020984036342559055
2019-05-08,35.66727066040039,36.29616527486991,32.88216691837823,33.33137686768504,674845,ONMOBILE.NS,37.08677215576172,33.841679382324216,35.40687447510068,35.74393533526953,37.36653384648161,0.026422687461778695
2019-05-09,34.63408279418945,35.62234663592015,34.184872891729924,35.2629773430727,49976,ONMOBILE.NS,36.853182792663574,34.0294490814209,35.28798344726818,35.66172403593027,31.379289240985813,0.026970941462314654
2019-05-10,36.116477966308594,36.835213147154604,34.31963830059374,34.31963830059374,168634,ONMOBILE.NS,36.698205184936526,34.22889827728272,35.415444142505166,35.69540951225459,38.509297441107094,0.0290952211365842
2019-05-13,34.22979736328125,36.56569119673561,33.69074678559178,36.56569119673561,47566,ONMOBILE.NS,36.435417556762694,34.38073123931885,35.233036945701485,35.586845649367675,33.5180091892548,0.03090946165209766
2019-05-14,35.98171615600586,36.83521574280349,33.78058672495933,34.45440164708378,276508,ONMOBILE.NS,36.2602258682251,34.565805740356446,35.34821836267139,35.61609531652606,41.131105791292036,0.03350042154316717
2019-05-15,35.66727066040039,36.29616527486991,35.218060711093585,35.936795944544485,104666,ONMOBILE.NS,36.069311904907224,34.73470874786377,35.39730333155278,35.61988608273897,44.07713556624194,0.033501039244033776
2019-05-16,35.93679428100586,36.16139924526215,35.262979388237,35.62234870192697,111253,ONMOBILE.NS,35.92331867218017,34.92517375946045,35.480301939160945,35.64336076409208,49.5522299526323,0.03349257675512244
2019-05-17,35.98171615600586,36.74537512406686,35.44266558918626,35.71219087259606,122045,ONMOBILE.NS,35.74812698364258,35.12821662902832,35.557442587906316,35.66842412645606,52.18750373184334,0.03319887026067145
2019-05-20,37.329345703125,37.5539506753787,35.7571108973491,35.7571108973491,71184,ONMOBILE.NS,35.64256248474121,35.35461841583252,35.83004306717073,35.79145535435746,59.33734146213571,0.03447788283268405
2019-05-21,36.116477966308594,37.28442306358332,35.802028968488685,37.23950275738038,24879,ONMOBILE.NS,35.46961669921875,35.53250556945801,35.8741099747304,35.815531103390875,60.99070531839404,0.035100079379663696
2019-05-22,35.891876220703125,36.2512421296924,35.577427194737524,35.981716841150444,88538,ONMOBILE.NS,35.310147285461426,35.67984642028809,35.87684324334159,35.82118629726586,56.040274958979,0.03504809783211212
2019-05-23,36.07155990600586,36.96997979480103,34.67900633661344,36.74537482260223,86355,ONMOBILE.NS,35.23378162384033,35.7939457321167,35.906799652982244,35.83973249050586,57.96610159733391,0.034142217241731
2019-05-24,36.56568908691406,37.284424291429374,35.1731389855657,35.66726922446998,57219,ONMOBILE.NS,35.25848808288574,35.92781032562256,36.008167258202526,35.89350705320276,58.10812284041785,0.03300990677864775
2019-05-27,35.757110595703125,36.52076955124344,34.454401082181306,36.02663587469388,252928,ONMOBILE.NS,35.27870254516601,36.04460487365723,35.96954315627954,35.88340361190649,58.50340705882625,0.03308710998605382
2019-05-28,35.93679428100586,36.7902938306197,34.76884915231312,35.98171458841716,220711,ONMOBILE.NS,35.34832992553711,36.14792320251465,35.9645048677759,35.88735847628422,51.19998967370961,0.03260856634869846
2019-05-29,35.846954345703125,36.25124054726833,35.12821570469868,35.89187465396594,169665,ONMOBILE.NS,35.49432315826416,36.24585098266601,35.94642017207239,35.88436557772266,55.89522403546031,0.03052155328091649
2019-05-30,35.577423095703125,36.20631764797658,35.30789783821439,35.98171269553603,102152,ONMOBILE.NS,35.559458351135255,36.34198188781738,35.88965139109251,35.861629097573065,47.029685072207386,0.02939642819638506
2019-05-31,34.72393035888672,35.712190873823246,34.544245694207376,35.712190873823246,41733,ONMOBILE.NS,35.597641181945804,36.421042938232425,35.71030969383008,35.777355116929634,53.07264239560502,0.029882739314472436
2019-06-03,32.56772232055664,34.76885182490323,32.43295796076398,34.544246843382155,172880,ONMOBILE.NS,35.5055534362793,36.45608135223389,35.22683471332647,35.53960453942052,29.78722058755774,0.032923148812856025
2019-06-04,32.208351135253906,33.64582499101074,31.893905550007013,32.52280014770064,98523,ONMOBILE.NS,35.44041805267334,36.479440231323245,34.76245262439223,35.29284502800077,29.629599675416145,0.032517818752148535
2019-06-06,31.040407180786133,33.241536644004825,30.63611753616229,32.567721712031755,75933,ONMOBILE.NS,35.209074878692626,36.47764339447021,34.189830248452836,34.97784963191079,23.923438560550025,0.029434914653262024
2019-06-07,31.265010833740234,31.89390542904877,31.085326174052103,31.175170217496085,28757,ONMOBILE.NS,35.040621280670166,36.427331886291505,33.73985803080474,34.70282453575001,25.352089934085186,0.029092355434615254
2019-06-10,30.681039810180664,32.34311519223504,30.591195767215684,31.26501066705391,40729,ONMOBILE.NS,34.76884937286377,36.338388442993164,33.26927061224719,34.404914556078204,12.244868337905388,0.02698047337580649
2019-06-11,30.231830596923828,31.579460428693988,30.00722562496213,30.591196495742604,47003,ONMOBILE.NS,34.5689510345459,36.207219161987304,32.80197214835129,34.095797225770475,13.407792737658099,0.024952915135515286
2019-06-12,29.513090133666992,30.81579957653746,29.3334089088846,30.546274312164183,61631,ONMOBILE.NS,34.24551973342896,36.04550350189209,32.29599029993832,33.75633744117022,12.631539662969729,0.021289441704141997
2019-06-13,28.974040985107425,29.37833061452564,28.83927663290141,28.83927663290141,27083,ONMOBILE.NS,33.91085824966431,35.85773380279541,31.784921174579715,33.40209325923964,10.100977825965941,0.021374572026832156
2019-06-14,28.974040985107425,29.51309153953181,27.98577877932951,28.92912067677203,111474,ONMOBILE.NS,33.56272058486938,35.68613567352295,31.352478068507054,33.0740893870817,4.812816861241345,0.021110864905025634
2019-06-17,27.940858840942383,29.37833100350661,27.761174178021875,29.37833100350661,66787,ONMOBILE.NS,33.16067771911621,35.4543433380127,30.827613571958643,32.69385008736767,4.687483759567073,0.021636733903993146
2019-06-18,27.98577880859375,28.749436046293404,27.626411200735067,28.70451573791104,81358,ONMOBILE.NS,32.693499374389646,35.208176345825194,30.39040822374866,32.34510406671775,3.1745774995630427,0.018560951457450375
2019-06-19,28.07562065124512,28.79435585447704,27.89593599363719,28.30022561645508,70258,ONMOBILE.NS,32.29145650863647,34.981774559021,30.034287058748117,32.028846035942,4.232776537049617,0.01841872751104569
2019-06-20,28.70451736450196,28.92912234634125,27.58149245530548,28.120543040839767,40186,ONMOBILE.NS,31.932088565826415,34.76525539398193,29.829707105787172,31.782599467687184,11.167523412326432,0.019966644508685936
2019-06-21,29.333410263061523,30.41151137032517,28.56975131368329,28.70451566569117,76265,ONMOBILE.NS,31.5951810836792,34.565806198120114,29.75335374536784,31.60117804512232,18.74999308918052,0.02100677530150766
2019-06-24,28.70451736450196,29.782621962770577,28.61467502904623,29.42325262094769,25703,ONMOBILE.NS,31.202122497558594,34.35557594299316,29.5919943021577,31.38661058729859,22.784806384706656,0.02037392052640165
2019-06-25,31.1302490234375,32.16342978964122,28.614672427394137,28.704514754681377,236364,ONMOBILE.NS,30.970779418945312,34.18846992492676,29.828648874662285,31.3676208418274,44.117651956182826,0.02946302791055292
2019-06-26,30.366594314575195,31.893908949720142,30.05214869581015,30.63611962025955,37933,ONMOBILE.NS,30.69226942062378,34.006090812683105,29.911409711571963,31.293470728697606,46.15385452862094,0.029595562849046717
2019-06-27,29.82754135131836,31.62438115046766,29.692776995502182,31.62438115046766,48423,ONMOBILE.NS,30.39129877090454,33.81293064117432,29.898506886917563,31.184883367410254,42.07921624548493,0.029643490710283032
2019-06-28,29.018962860107425,29.872462473357643,28.884201927825824,29.73769811387601,35705,ONMOBILE.NS,30.063375759124757,33.616176719665525,29.763192421254466,31.02444481131375,41.062798464134666,0.029923388197317494
2019-07-01,30.00722312927246,30.32166869298656,29.01895927851461,29.73769444357512,41294,ONMOBILE.NS,29.827540397644043,33.42661018371582,29.80073560710339,30.949095057088467,48.85843438607852,0.03125174665918053
2019-07-02,29.55801582336425,30.54627633387435,29.01896183174065,30.007225769450645,22903,ONMOBILE.NS,29.677055072784423,33.22895778656006,29.763394101912752,30.846052150886674,50.23476658496246,0.02852176596847977
2019-07-03,29.28848457336425,29.692774175212456,29.19864396282004,29.378328611108085,10775,ONMOBILE.NS,29.531061744689943,33.02321960449219,29.690331097520676,30.7306767747739,51.6908036175991,0.028501730687135723
2019-07-04,29.333410263061523,30.09706578523992,29.153725602784306,29.153725602784306,24955,ONMOBILE.NS,29.44571189880371,32.82826251983643,29.635420199911575,30.627175551684093,51.923083596718385,0.02751120691029302
2019-07-05,29.28848457336425,30.32166873062081,29.018959314532,29.8724588235005,25474,ONMOBILE.NS,29.34688558578491,32.662054748535155,29.582045488135066,30.528013256993734,58.06448446442142,0.027418040695636532
2019-07-08,28.61467361450196,29.24356650440313,28.39006864376583,29.198646195695883,29424,ONMOBILE.NS,29.243567276000977,32.512917022705075,29.433219046037664,30.386284394586934,53.500003184503825,0.027565702218903913
2019-07-09,28.929119110107425,29.647854286149915,27.940856957849128,28.659592133891618,28384,ONMOBILE.NS,29.178431701660156,32.38444297790527,29.355665209740703,30.27834622536623,54.63414240108931,0.027598064015954032
2019-07-10,28.255306243896484,29.37833110711017,28.12054188943088,29.0638820890904,24136,ONMOBILE.NS,29.115542507171632,32.25866416931152,29.18637921499544,30.128491411924028,47.57280873012205,0.027578093540701943
2019-07-11,28.39006805419922,28.83927627274298,28.2103833959018,28.434988361973623,19689,ONMOBILE.NS,29.086343860626222,32.16792373657226,29.063869805642177,29.999719311351818,44.615375905624525,0.027335221790168996
2019-07-12,27.895936965942383,28.65959421699329,27.58149137456844,28.30022660285168,43391,ONMOBILE.NS,29.032438659667967,32.04034809112549,28.88418783030375,29.84388358206223,45.3124851417381,0.02758860900134918
2019-07-15,27.356884002685547,28.7494340279757,26.952594401227216,27.985776843887635,64437,ONMOBILE.NS,29.003239917755128,31.908280296325685,28.64921801067018,29.65966139099729,21.999998867731833,0.026754600956484582
2019-07-16,26.907676696777344,28.300226856665333,26.68307172172445,27.58149162193604,95973,ONMOBILE.NS,28.949334812164306,31.758244285583498,28.38128857776359,29.455810672906924,23.07692307692308,0.026974669640208337
2019-07-17,26.054176330566406,27.44672644900154,25.91941369226622,26.99751651226764,59240,ONMOBILE.NS,28.848262596130372,31.609106636047365,28.023271308964024,29.203837758659482,21.999998867731833,0.027764273060838302
2019-07-18,25.020994186401367,26.413544325295543,24.93115185501466,26.054176713348653,76076,ONMOBILE.NS,28.664086437225343,31.396181106567383,27.56138252087746,28.89399749404777,21.290325761836286,0.028196570420438053
2019-07-19,24.03273200988769,25.33544153324682,23.80812703783267,24.976072207078825,95588,ONMOBILE.NS,28.39905252456665,31.184154090881346,27.018513211494415,28.533903754480356,7.0968007034672524,0.028286232488786568
2019-07-22,24.302255630493164,25.38036010813715,24.03273036788208,24.03273036788208,101332,ONMOBILE.NS,28.178939437866212,30.94786964416504,26.600627429801914,28.220448337888712,11.258268462248878,0.028505155306880917
2019-07-23,24.79638862609864,25.155756229514573,24.347178693428727,25.06591390026061,166862,ONMOBILE.NS,27.862246417999266,30.759201469421388,26.32305222923218,27.96681428516352,17.94874307302061,0.019853132938123606
2019-07-24,26.817832946777344,27.446725815529984,24.706545950136604,24.751466257333263,162703,ONMOBILE.NS,27.684808349609376,30.575923805236815,26.399172339623743,27.881704556394173,35.99998301596182,0.028404441114450237
2019-07-25,26.95259666442871,28.03070121644584,26.63814936062372,26.862754332827294,831885,ONMOBILE.NS,27.541061115264892,30.401630325317385,26.48431454343989,27.812881749581916,37.12872098786611,0.028357408149851337
2019-07-26,26.907676696777344,28.39006918940649,26.68307172172445,27.671332241077227,254893,ONMOBILE.NS,27.43549680709839,30.221047973632814,26.54944718241488,27.745829523448243,39.89361485886756,0.027864713618785904
2019-07-29,25.47020530700684,27.761175438460352,25.020995342910066,27.40180780990294,43252,ONMOBILE.NS,27.20864591598511,30.01081775665283,26.383409970813645,27.577264766674805,31.924887495701668,0.028532218636643236
2019-07-30,25.06591415405273,26.054176358652647,24.79638887716181,25.470203782989035,25638,ONMOBILE.NS,26.984040832519533,29.765549125671388,26.180718306696583,27.391238795369468,32.85023203302943,0.02854490513694896
2019-07-31,24.39209747314453,25.155754653561907,24.032729892242177,24.706544749034013,35544,ONMOBILE.NS,26.739221477508544,29.531061515808105,25.9055458707655,27.16908017890836,29.680359099676068,0.028861787553181247
2019-08-01,24.39209747314453,24.88622939628509,24.07765019725505,24.88622939628509,28968,ONMOBILE.NS,26.492155838012696,29.301065940856933,25.67270765574689,26.963377756259185,31.249993620783897,0.028835144172441006
2019-08-02,24.122573852539062,24.437021149763204,23.80812655531492,24.30225679838149,49141,ONMOBILE.NS,26.233860301971436,29.0620862197876,25.434225532176455,26.752947837465104,32.178223024713034,0.028787512814174097
2019-08-05,26.727991104125977,27.49164833553527,23.538601254451745,24.03273149698722,602734,ONMOBILE.NS,26.139526176452637,28.865332260131837,25.63326638939946,26.751099190551095,49.19999286670851,0.03869738122718709
2019-08-06,26.458467483520508,27.446728030395622,25.24560024173739,27.40180771957403,89304,ONMOBILE.NS,26.01599359512329,28.679359397888184,25.76022040387962,26.72942276780809,51.898745062671615,0.03859128707390832
2019-08-07,27.13228225708008,27.49164988219637,26.27878264802888,26.36862498270796,73343,ONMOBILE.NS,25.95984239578247,28.50326915740967,25.971306842833542,26.759264211457868,60.262017640031594,0.03883255271398943
2019-08-08,27.17720031738281,27.491647605923745,26.099095817699585,27.087357990142568,25437,ONMOBILE.NS,25.89919900894165,28.32987407684326,26.156828915841118,26.79022244152638,66.82692631560468,0.03881303532605584
2019-08-09,26.727991104125977,27.85101594043379,26.59322846648902,27.08735870902449,25234,ONMOBILE.NS,25.84080171585083,28.15288543701172,26.244700021731095,26.785612712830055,62.735863794441904,0.038794615028842246
2019-08-13,26.817832946777344,27.0424379099604,26.278780692418025,26.503385655601083,33455,ONMOBILE.NS,25.81384916305542,27.994763488769532,26.332874317892056,26.78799939682615,61.08374909719993,0.0385753797307254
2019-08-14,26.95259666442871,27.2670439682337,26.45846641102083,26.5483070290223,32241,ONMOBILE.NS,25.81609516143799,27.88246097564697,26.428216217359235,26.800191787018935,50.93168275183653,0.03840168182691471
2019-08-16,26.727991104125977,27.042438401012145,26.054176202341285,26.054176202341285,20503,ONMOBILE.NS,25.849785900115968,27.772853775024416,26.474335430707963,26.794843588286124,48.466252554769625,0.03771041881240626
2019-08-19,26.68307113647461,27.04243874595711,25.874491873139068,25.874491873139068,17728,ONMOBILE.NS,25.93288974761963,27.685707054138184,26.506448616210523,26.786564147411198,48.466252554769625,0.03644099502409141
2019-08-20,27.17720031738281,27.44672558550369,26.14401783811964,26.14401783811964,27159,ONMOBILE.NS,26.090113162994385,27.603950843811035,26.60964118562164,26.81550016000169,63.38027368833374,0.03509477263460509
2019-08-21,26.727991104125977,27.08735870902449,26.18893883997824,26.50338613686441,36587,ONMOBILE.NS,26.211399936676024,27.524889869689943,26.627848865391538,26.8090180077146,62.93708328570184,0.03545465588576811
2019-08-22,26.86275291442871,27.13227989500149,26.09909570653896,26.09909570653896,265487,ONMOBILE.NS,26.314718151092528,27.457508316040037,26.663987949858793,26.812998371174906,70.99241713380952,0.035278839468565394
2019-08-23,25.24559783935547,26.86275286544378,24.97607085927418,26.727990232203062,65553,ONMOBILE.NS,26.236106395721436,27.37215847015381,26.445774086704436,26.69689462807717,55.68864254659175,0.03318148879344814
2019-08-26,26.727991104125977,26.95259607138754,24.30225677226113,25.69480859744277,84083,ONMOBILE.NS,26.224876117706298,27.32723747253418,26.489192089384673,26.699198070747453,64.94846895147357,0.035885035717901116
2019-08-27,27.22212028503418,27.401804937275926,26.72799006176914,27.401804937275926,45105,ONMOBILE.NS,26.240598297119142,27.292199058532717,26.60195027333075,26.737933049583507,53.74148991788151,0.03611278275271103
2019-08-28,27.44672584533692,27.761173136854666,26.50338568438356,27.62641050151845,96191,ONMOBILE.NS,26.339424324035644,27.282316398620605,26.731915745947084,26.790436219639318,57.53422984307208,0.03376101327239879
2019-08-29,26.86275291442871,28.07562004300657,26.59322764745579,27.13227989500149,89150,ONMOBILE.NS,26.429266262054444,27.259855880737305,26.7520445410981,26.79579301184594,47.91663779476245,0.033951764464644534
2019-08-30,26.772912979125977,27.671332900755704,26.50338768807706,26.50338768807706,20306,ONMOBILE.NS,26.548307037353517,27.23380172729492,26.755255070025463,26.794098194607425,46.896560408015446,0.03322518915118804
2019-09-03,26.907676696777344,27.17720198140084,26.144019438877493,26.144019438877493,26601,ONMOBILE.NS,26.674085998535155,27.19786491394043,26.778704551064216,26.80251141699038,51.44928985458642,0.03320298004121292
2019-09-04,26.86275291442871,27.13227989500149,26.278780360254142,26.278780360254142,15094,ONMOBILE.NS,26.811094951629638,27.148451766967774,26.791635068504906,26.806973750133963,50.36495535956417,0.03302375691835551
2019-09-05,27.26704406738281,27.44672701763907,26.50338681639385,26.50338681639385,59837,ONMOBILE.NS,26.838047599792482,27.11970230102539,26.86477491448612,26.841053032893136,52.44755660033093,0.022879328881963784
2019-09-06,27.786865234375,28.07040576083821,26.98350311343878,27.834122890133155,75976,ONMOBILE.NS,26.904467487335204,27.05283462524414,27.006634963699792,26.911113195965868,57.87979891257909,0.02304722833827161
2019-09-09,27.928634643554688,28.35394453262212,27.45606890134432,27.786865281430625,17891,ONMOBILE.NS,26.944285106658935,27.00407543182373,27.148481068292853,26.986485155046523,59.13737076820438,0.022430300126702017
2019-09-11,28.68474197387696,29.677129348153187,27.50332757464557,27.50332757464557,69701,ONMOBILE.NS,27.019662189483643,26.981219444274902,27.384828899921175,27.11228195644137,60.64987485097461,0.02313731340928883
2019-09-12,28.353944778442383,28.73199701494923,28.07040605173606,28.353944778442383,34366,ONMOBILE.NS,27.100959873199464,26.9679190826416,27.5339236504629,27.204256980293298,61.681823688147,0.02294196976890281
2019-09-13,30.858545303344727,31.614649791729114,28.023148965165035,28.35394535484394,307622,ONMOBILE.NS,27.302995491027833,26.984945526123045,28.045403904752412,27.474945004223034,71.41558301364165,0.029811371875288883
2019-09-16,36.90738296508789,37.00189827476559,34.4027867475708,37.00189827476559,631541,ONMOBILE.NS,27.80073480606079,27.13193286895752,29.408785298650177,28.173644112435248,92.3730465095326,0.051611550304306336
2019-09-17,35.44243240356445,42.95622879419825,35.01712249364355,39.60101258107228,1659333,ONMOBILE.NS,28.236456871032715,27.255011825561525,30.337038699406218,28.712072874741118,81.70407209487739,0.052882584947030443
2019-09-18,34.49729919433594,37.52172066669828,34.07198930510849,35.82048471517899,201841,ONMOBILE.NS,28.627168273925783,27.35828960418701,30.977078775549252,29.140608157674066,75.62690801523948,0.0535985801584805
2019-09-19,34.82809829711914,35.915001087991044,33.315889167149585,34.213764915427554,223506,ONMOBILE.NS,29.009713172912598,27.46908187866211,31.569543317329234,29.561903723558885,75.80789787502376,0.05359780847241565
2019-09-20,34.68632888793945,36.10402622445967,34.30827482271109,35.44243341300542,101849,ONMOBILE.NS,29.407630062103273,27.59051498413086,32.049048789730804,29.94149077277226,78.226828585172,0.05329903802705915
2019-09-23,34.96986389160156,37.80525826119088,34.78083687921753,35.347917916369624,448674,ONMOBILE.NS,29.812985610961913,27.711329879760743,32.498404959249385,30.313962855648505,79.16628604570951,0.0532747963537023
2019-09-24,33.97747802734375,36.10402389491254,33.457656425238376,35.15889239821529,101613,ONMOBILE.NS,30.249579620361327,27.825773315429686,32.72595466203313,30.585334349848154,73.7086970070825,0.05136668986956447
2019-09-25,31.85093116760254,34.02473282121307,31.709160005357983,33.59942293986982,122065,ONMOBILE.NS,30.505726623535157,27.894990577697754,32.59133566288996,30.679082262274406,64.67858610980832,0.053200175171231795
2019-09-26,32.3234977722168,33.26862926494015,31.75641671334847,31.803676172297056,87669,ONMOBILE.NS,30.760795497894286,27.983541793823242,32.55012983355563,30.800890818566433,64.8199483148434,0.05317595304671287
2019-09-27,32.41801071166992,33.07960350280413,31.614650354472367,32.60703773847836,359290,ONMOBILE.NS,31.009359741210936,28.08476432800293,32.529803814803984,30.92067747731484,63.92046021348052,0.05319780137422399
2019-09-30,33.8357048034668,34.87535154985739,31.425620354500463,32.41800764461715,103996,ONMOBILE.NS,31.35800733566284,28.22332489013672,32.73071165921365,31.13660542740017,66.49076550869093,0.05319801347893524
2019-10-01,32.276241302490234,34.686325841847044,31.850931417805985,34.02473308849271,79773,ONMOBILE.NS,31.633173751831055,28.347766189575196,32.66079314279466,31.221022899629062,59.59596433178354,0.05471972688029169
2019-10-03,31.85093116760254,32.985089649387724,30.953055552631334,31.37836543397458,39673,ONMOBILE.NS,31.880336475372314,28.48436492919922,32.53619899276511,31.2676827713308,59.296487610010644,0.05497013378375617
2019-10-04,31.09482765197754,33.07960235087375,30.95305648546044,33.07960235087375,244260,ONMOBILE.NS,32.09194021224975,28.625606842041016,32.31444955572087,31.254878688415747,50.69251984649628,0.055432091859762014
2019-10-07,31.425621032714844,31.992698466337,30.953055302899585,31.23659401971065,61227,ONMOBILE.NS,32.29986906051636,28.76807415008545,32.177706706027635,31.267526269474942,25.83330726646693,0.055414258660436574
2019-10-09,30.3859806060791,31.28385268928524,29.91341303100547,31.18934097696588,31201,ONMOBILE.NS,32.42982482910156,28.879865989685058,31.902056536804782,31.20222659070488,26.83980339180758,0.05611232730925105
2019-10-10,30.7640323638916,31.472881052485377,30.62226478940737,30.62226478940737,44256,ONMOBILE.NS,32.57159471511841,28.958789978027344,31.72697589481814,31.16976775908908,31.963452647067882,0.05613103635067431
2019-10-11,30.905799865722656,32.98508982588998,30.71677285018191,30.71677285018191,106998,ONMOBILE.NS,32.68264760971069,29.037854042053223,31.600641121111142,31.15021458180268,30.69761810003679,0.05591651239524836
2019-10-14,30.52774810791016,31.142085052816977,30.29146522223688,31.094829196760465,28024,ONMOBILE.NS,32.79133777618408,29.110255470275877,31.43558065754176,31.104105954106934,29.999944961399606,0.05592770177705056
2019-10-15,30.3859806060791,31.094829264646503,30.05518240217988,30.480492318398465,61819,ONMOBILE.NS,32.7677095413208,29.208570976257324,31.274103726547505,31.05091148388265,27.64974584261232,0.052395886718809556
2019-10-16,30.055179595947266,30.622260633087635,29.86615438626233,30.622260633087635,19224,ONMOBILE.NS,32.42509937286377,29.308356285095215,31.08657693722439,30.977153566257805,29.556606857258288,0.025020135053634072
2019-10-17,29.77164077758789,30.38597766436093,29.44084440840899,30.3387182073858,71786,ONMOBILE.NS,32.141559791564944,29.41594715118408,30.884279066511084,30.887856322652624,36.5853322389753,0.024019605657526828
2019-10-18,29.960668563842773,30.33871899168439,29.771641547226736,30.05518026945556,67131,ONMOBILE.NS,31.914728260040285,29.52731857299805,30.74218514302365,30.819175747925968,34.17718091385372,0.023832083261426225
2019-10-22,29.346332550048828,32.51252525944341,28.590228066073752,30.62226224681043,217614,ONMOBILE.NS,31.640639972686767,29.631793746948244,30.527438590258292,30.71007625178692,30.769192189620327,0.023695721653860177
2019-10-23,29.20456314086914,30.1024387916022,28.82651089944822,29.72438655018128,82262,ONMOBILE.NS,31.366551685333253,29.681325187683104,30.323919290352272,30.598556762089306,15.492920515469024,0.02368926196086454
2019-10-24,29.72438621520996,30.149694306004864,29.15730695812149,29.5826150489164,29643,ONMOBILE.NS,31.10427780151367,29.746643562316894,30.23168343263807,30.53380338824639,27.499972251400308,0.02413500598436134
2019-10-25,29.20456314086914,29.72438655018128,28.92102441047728,29.488103673956296,60434,ONMOBILE.NS,30.86563205718994,29.788089179992674,30.073664926212082,30.435341147699926,27.049153481601564,0.02376664337321744
2019-10-27,33.74119567871094,34.35552899789847,28.59022822040316,28.59022822040316,305879,ONMOBILE.NS,30.960145282745362,29.919369087219238,30.637900426596524,30.68021926110815,63.86139118331524,0.04087134619380805
2019-10-29,32.465267181396484,33.69394107620742,32.13447258226476,33.079604128801954,154189,ONMOBILE.NS,30.967233753204347,30.03411460876465,30.919033773488827,30.81244503298136,54.95496232558174,0.04179660058382853
2019-10-30,32.79606246948242,33.45765521430353,32.181725576707734,33.079601187151354,74184,ONMOBILE.NS,30.98613634109497,30.15367919921875,31.207807419026302,30.959379657907363,62.31881910329141,0.0418457868459799
2019-10-31,32.55978012084961,33.36314043456587,31.803675659930104,32.22898194049138,119130,ONMOBILE.NS,30.92234010696411,30.26582286834717,31.41580321930681,31.077927840347527,59.313711427280886,0.0406645209978872
2019-11-01,32.79606246948242,37.616231486025455,32.41800844233025,37.616231486025455,270523,ONMOBILE.NS,30.94833116531372,30.387184295654297,31.628150796256904,31.2051970721353,59.708730825824325,0.03929066777566468
2019-11-04,32.89057540893555,33.079602429611434,31.992699764767988,33.0323465757901,73785,ONMOBILE.NS,31.000313377380373,30.511334381103516,31.82236996743823,31.33003991189828,62.49998486442762,0.039139183761209964
2019-11-05,34.355525970458984,36.10402127573821,32.512522569912896,33.07959998463627,523853,ONMOBILE.NS,31.163348293304445,30.65490089416504,32.21208627559527,31.554149990310183,68.42101256819197,0.03972350859052999
2019-11-06,36.95463562011719,37.994282304284766,33.835702778394655,34.5918071634501,710884,ONMOBILE.NS,31.43979902267456,30.859433784484864,32.94170925167556,31.95418596288848,76.44926508330421,0.04269810034858007
2019-11-07,36.812870025634766,38.561361734016,35.77322328640541,37.47446274961885,401605,ONMOBILE.NS,31.761143493652344,31.058436126708983,33.53727244766929,32.31408848605487,77.28938801217058,0.04167139295698262
2019-11-08,35.11163330078125,37.14366366772328,35.017117996608704,37.14366366772328,80933,ONMOBILE.NS,31.978523540496827,31.2557568359375,33.779481809686516,32.521314027886454,67.86885480196165,0.043542794813806136
2019-11-11,33.7884521484375,36.43481970751671,33.457657555574094,36.43481970751671,73960,ONMOBILE.NS,32.122656154632566,31.39696605682373,33.78086186180205,32.61517611089023,64.68751560857946,0.044701003372683824
2019-11-13,32.654293060302734,34.78083896502363,32.32349847283572,33.788451597232,124101,ONMOBILE.NS,32.2289834022522,31.5056095123291,33.60754358464831,32.61807366269856,60.703818252190004,0.0453921569358584
2019-11-14,32.55978012084961,33.07960171239486,31.89818736552362,33.07960171239486,36946,ONMOBILE.NS,32.337673377990725,31.607870597839355,33.44634920560236,32.613755622561605,59.03614853303297,0.045375706498752354
2019-11-15,30.62226295471192,32.98509177512516,30.291464756619668,32.22898366828039,181735,ONMOBILE.NS,32.36602754592896,31.68306079864502,33.01187439777306,32.466237647165336,54.14365712724771,0.04748994434048439
2019-11-18,30.95305633544922,32.84331931776673,30.62226175569986,31.94544368008781,143092,ONMOBILE.NS,32.42509832382202,31.766663665771485,32.69513315741555,32.35415014259377,39.19411921073399,0.047450158953439216
2019-11-19,33.64667892456055,36.71835620522991,31.047567379378776,31.047567379378776,3222000,ONMOBILE.NS,32.60939884185791,31.901443710327147,32.84152481389939,32.449893015332044,54.125409244060386,0.05104587893171815
2019-11-20,32.607032775878906,34.02472985309103,32.228978779799625,33.835702855051395,289305,ONMOBILE.NS,32.772433853149415,32.016329307556155,32.80544911574239,32.46153299759477,49.37105712867074,0.0513923540062859
2019-11-21,33.0796012878418,34.68632550004362,31.661904089791435,32.84331842150007,323857,ONMOBILE.NS,32.96618576049805,32.13258045196533,32.84762637298845,32.50731583390937,51.70278424993297,0.0513501954118801
2019-11-22,34.49729919433594,35.44243067911226,32.843319095977364,33.07960196717145,486725,ONMOBILE.NS,33.20483140945434,32.26678913116455,33.10142219165729,32.65472200875578,55.172418192404145,0.051918710122053464
2019-11-25,33.504913330078125,34.78083944849027,33.36314215896982,34.733583593251055,120613,ONMOBILE.NS,33.419848918914795,32.37831470489502,33.16349775141434,32.71769914366855,51.771125826532725,0.05227811197562825
2019-11-26,32.843318939208984,34.45004317673759,32.70154777501304,33.977477436605085,127808,ONMOBILE.NS,33.374955081939696,32.46148624420166,33.11423947261352,32.727004313708576,45.42857880897374,0.03940442439719598
2019-11-27,32.51252365112305,33.17411278850482,31.803675056450803,33.12685693660475,137993,ONMOBILE.NS,33.377317905426025,32.54465782165527,33.021667807768836,32.71111685722076,34.43709768730844,0.03850423210822781
2019-11-28,32.41801071166992,32.98509179209524,31.756417920535707,31.756417920535707,68455,ONMOBILE.NS,33.3584153175354,32.575847129821774,32.92879748529208,32.68940529088366,34.551497199497405,0.03844684809718988
2019-11-29,32.74880599975586,34.92260760140447,32.41800783088934,34.02473200789582,560097,ONMOBILE.NS,33.367866611480714,32.492675590515134,32.901106487517275,32.69380534339271,40.808825056936506,0.03846957677155368
2019-12-02,32.7015495300293,34.922610791085546,32.41801079181102,34.922610791085546,504396,ONMOBILE.NS,33.363140964508055,32.437857933044434,32.870405417134506,32.694378986847276,45.306115254165796,0.03844405512201457
2019-12-03,31.28385162353516,32.60703718327351,31.00031289084568,32.41801015968366,145154,ONMOBILE.NS,33.282804775238034,32.373588981628416,32.626320218119226,32.58989547845378,44.223102636719574,0.039666842063048366
2019-12-04,31.1420841217041,34.828094864765376,30.76403007377395,31.09482826706048,554084,ONMOBILE.NS,33.12213268280029,32.299868698120115,32.39797620328613,32.482650192768624,44.04762152636243,0.03814012932897226
2019-12-05,31.00031280517578,31.520134414568385,30.81128578210831,31.425622705729943,113576,ONMOBILE.NS,32.82441654205322,32.22614837646484,32.182951065115304,32.3728474233173,51.86914557036628,0.03319601817687157
2019-12-06,32.18172836303711,32.79606530900176,30.811286902694142,31.18934096257866,350245,ONMOBILE.NS,32.59285945892334,32.170385665893555,32.18276295710328,32.35869045588914,55.60345202526215,0.03477567613255503
2019-12-09,31.8981876373291,32.512524545093115,31.709160619140903,32.32349752690492,78501,ONMOBILE.NS,32.432187175750734,32.12879985809326,32.13898213867648,32.324579135995805,39.779024004848736,0.033488697988752626
2019-12-10,32.13447189331055,33.032347564348825,31.425623248605167,32.13447189331055,311889,ONMOBILE.NS,32.34948816299438,32.13447067260742,32.13828825477403,32.31049711801912,46.95125312678736,0.032626917879077996
2019-12-11,32.03995895385742,32.937830985064664,31.70916076911588,32.27624182636259,371831,ONMOBILE.NS,32.31877145767212,32.12879989624023,32.12316067001763,32.290457254007144,42.948736192344455,0.031775374229468974
2019-12-12,32.08721160888672,32.32349445783966,31.9454404573589,32.32349445783966,176832,ONMOBILE.NS,32.29514303207397,32.12218391418457,32.11763004522826,32.27540202103526,29.921234568058182,0.031772894323434886
2019-12-13,32.13447189331055,32.51252594597634,32.03996018283942,32.51252594597634,82084,ONMOBILE.NS,32.37075347900391,32.088159255981445,32.12022109877938,32.264962752314915,36.44860130363933,0.028550506896707326
2019-12-16,31.66190719604492,32.51252704048304,31.567395482392143,32.51252704048304,47755,ONMOBILE.NS,32.40619602203369,32.075872573852536,32.049711267589466,32.22029197036899,37.864106203373574,0.02874289450801891
2019-12-17,30.905799865722656,31.94544304311109,30.76402870271949,31.6619043224952,146591,ONMOBILE.NS,32.269152069091795,32.05696994781494,31.873724898071494,32.12292218483963,34.82143629365892,0.021045622251225544
2019-12-18,30.10243797302246,31.18933881356209,30.00792446456353,31.142082960680245,128590,ONMOBILE.NS,32.143922328948975,32.03712215423584,31.60121921729472,31.973256687667988,30.708668924581474,0.02074241977421653
2019-12-19,29.39358901977539,30.575001552258485,29.06279264538642,30.575001552258485,195063,ONMOBILE.NS,31.959621715545655,31.996481513977052,31.261583802291746,31.78217019375002,23.70372252800641,0.020722357851006946
2019-12-20,29.20456314086914,29.440846017094128,29.11004962984009,29.346332506065075,104214,ONMOBILE.NS,31.694984912872314,31.972853164672852,30.945119085149805,31.591236337981066,23.188425719297896,0.0172924206646651
2019-12-23,28.779253005981445,29.582613286064003,28.684739501649627,29.11004756710007,154466,ONMOBILE.NS,31.45870189666748,31.93315757751465,30.611908919123902,31.382941276351467,27.350445925746527,0.01668205091517664
2019-12-24,27.975893020629883,29.01553804083448,27.5978407776542,28.59022814080228,94169,ONMOBILE.NS,31.215330600738525,31.874559440612792,30.206368011663287,31.1305673314832,24.427498085138765,0.01709408406418047
2019-12-26,28.637481689453125,29.25181856285826,27.78686376057044,28.023146618743134,90414,ONMOBILE.NS,31.02157850265503,31.836754112243653,29.965000885169417,30.945894320962452,32.39434938320733,0.018470801800694856
2019-12-27,28.259429931640625,29.15730552822273,28.07040472367793,29.15730552822273,84732,ONMOBILE.NS,30.813649463653565,31.794223098754884,29.702605353857294,30.746896958790465,16.79996745243632,0.0185186667448539
2019-12-30,28.401199340820312,29.20456143355947,28.21217413250798,28.401199340820312,80992,ONMOBILE.NS,30.596269130706787,31.761143493652344,29.502389044159298,30.573141579681565,19.672098606632474,0.018304874803901375
2019-12-31,28.87376594543457,29.677128062652365,28.637483075823173,29.01553710935759,146448,ONMOBILE.NS,30.40487995147705,31.743185997009277,29.405677798201644,30.447261903070675,22.83460938416181,0.01902296897753764
2020-01-01,28.82651138305664,29.39359065604928,28.44845913529332,29.15730777586029,57405,ONMOBILE.NS,30.282012939453125,31.720502853393555,29.31657527279472,30.32720630899556,23.015843525168336,0.016882170489153553
2020-01-02,29.86615562438965,30.811285317385856,28.73199710848177,29.20456285632751,160300,ONMOBILE.NS,30.218216514587404,31.73089931488037,29.401126096117018,30.29305440643216,34.01362243927164,0.01910278034317657
2020-01-03,29.299076080322266,30.66951745677028,29.110049061951766,29.67712831436802,107410,ONMOBILE.NS,30.133154678344727,31.732789573669432,29.385426093687055,30.21942638227587,31.0126362394862,0.01947661968149515
2020-01-06,28.070405960083008,29.44084553828259,27.881378941099147,29.44084553828259,129874,ONMOBILE.NS,29.927588558197023,31.699709968566893,29.18311530390182,30.060239684335656,28.16089701048311,0.01887748197307543
2020-01-07,28.259429931640625,29.110047874210675,28.11766057499481,28.35394343696956,80123,ONMOBILE.NS,29.745650672912596,31.680807304382324,29.04100986201548,29.926846369321208,32.71601677846664,0.01910212693858194
2020-01-08,28.49571418762207,28.731997061155745,27.9286349306022,28.2594313140884,69523,ONMOBILE.NS,29.563712787628173,31.575897674560547,28.957118219801107,29.820836578084236,38.66665195710692,0.019138160762887515
2020-01-09,28.590227127075195,29.20456222546504,28.40120011094206,29.20456222546504,70008,ONMOBILE.NS,29.39122619628906,31.49839687347412,28.900673436304814,29.729680322453937,43.795611191065056,0.0192385342816788
2020-01-10,28.637481689453125,29.62987077539555,28.54296998834016,28.54296998834016,127028,ONMOBILE.NS,29.218739700317382,31.415225257873534,28.86018239832763,29.648776720009433,45.52236063646052,0.019241973625169783
2020-01-13,30.95305633544922,31.56739324685861,28.637483461032165,28.637483461032165,647347,ONMOBILE.NS,29.159668922424316,31.383090782165528,29.182163004038642,29.745390024856825,63.21841026817496,0.027268603940418978
2020-01-14,30.149694442749023,32.60703669948084,29.677128693481187,31.520134034008592,575397,ONMOBILE.NS,29.08405828475952,31.33016342163086,29.33101399460947,29.775338500256247,63.218395603834814,0.02766783984521474
2020-01-15,29.86615562438965,30.52774658975652,29.582615094065044,30.244207862127183,74528,ONMOBILE.NS,29.03207607269287,31.269675025939943,29.413343476114115,29.782065694636497,57.83134844363591,0.027253970229015722
2020-01-16,30.4332332611084,31.37836470645096,29.86615403336383,29.86615403336383,191455,ONMOBILE.NS,29.048615837097167,31.19122917175293,29.57024959688247,29.83030032918997,63.52942489269164,0.026968952660961297
2020-01-17,29.91341018676757,31.000310999353427,29.34633095329382,31.000310999353427,99401,ONMOBILE.NS,29.074606895446777,31.05040466308594,29.62304353378787,29.83645661493646,58.98877041433638,0.02669799175060462
2020-01-20,29.346332550048828,30.52774693294444,29.204563184640413,30.52774693294444,48407,ONMOBILE.NS,29.081695365905762,30.90107391357422,29.580472613212635,29.800151128648487,52.77778462928003,0.02703149100361843
2020-01-21,29.15730667114257,30.05518050022473,28.684740928669264,30.05518050022473,71665,ONMOBILE.NS,29.100598049163818,30.781987380981445,29.51537016058647,29.752533020685085,51.91256493139852,0.02685240019038632
2020-01-22,28.21217536926269,29.62987260588197,27.692351967551808,29.582614949710845,296439,ONMOBILE.NS,29.11241216659546,30.67046184539795,29.314878654228966,29.638432453913055,40.331486661505124,0.027124821990881058
2020-01-23,28.259429931640625,28.82650916091905,27.928633564336945,28.16491642631169,57417,ONMOBILE.NS,29.093509578704833,30.582564582824705,29.152501927676916,29.53628411892991,43.529397240122464,0.026588798786381426
2020-01-24,28.779253005981445,29.11004756710007,28.070404427535543,28.353943137835845,83335,ONMOBILE.NS,29.119500732421876,30.506954040527344,29.095079016646842,29.480207740192988,54.838702117498535,0.026722439296111938
2020-01-27,28.353944778442383,29.11004925145608,28.164917758841327,28.6374835051487,67074,ONMOBILE.NS,29.11713800430298,30.461587677001955,28.981058364615386,29.396780854137386,50.62501150935366,0.02694105902491249
2020-01-28,27.928634643554688,28.54297155058436,27.645095919306563,28.02314815253581,61594,ONMOBILE.NS,29.069881439208984,30.40109924316406,28.81914702291374,29.288029282983114,46.341457412021015,0.02685713053069965
2020-01-29,27.975893020629883,28.542972286441053,27.7868659977944,28.2121758978266,90231,ONMOBILE.NS,29.027350521087648,30.28768352508545,28.689415637946993,29.19083400429028,46.01227783808626,0.02686542545349194
2020-01-30,27.928634643554688,28.54297155058436,27.645095919306563,28.259431023641,82419,ONMOBILE.NS,28.930474472045898,30.194115562438967,28.572372408040486,29.097337755346906,45.39878439954657,0.02539837894352848
2020-01-31,27.881378173828125,28.306688053490024,27.692351160046123,27.881378173828125,46694,ONMOBILE.NS,28.85958957672119,30.090151100158693,28.466065602777046,29.007266675234405,21.73911975308559,0.02512004196269123
2020-02-03,26.03837203979492,27.881379181334097,25.56580629095875,27.456069286303435,192163,ONMOBILE.NS,28.757987880706786,29.92097255706787,28.09257428539518,28.78734855409074,18.24816701082017,0.02759234807598229
2020-02-04,26.274656295776367,27.03076261528868,26.085631067919813,26.32191395476203,68455,ONMOBILE.NS,28.658749198913576,29.776367416381834,27.812894594684593,28.601223201623007,22.05883051237801,0.02764247374359834
2020-02-05,26.605449676513672,26.9362460410658,26.27465331196155,26.9362460410658,43504,ONMOBILE.NS,28.564235973358155,29.65161003112793,27.627133838042912,28.45338812568898,19.083959117135763,0.027752114853817438
2020-02-06,27.125274658203125,27.88137913397868,26.558195400023827,27.17253051192837,52863,ONMOBILE.NS,28.490988349914552,29.54386505126953,27.549924733452176,28.35500935031966,27.480940725842316,0.028182113589852203
2020-02-07,27.07801628112793,28.07040540720406,26.936246921029973,27.456068508954218,82699,ONMOBILE.NS,28.41301507949829,29.43706516265869,27.4773234330946,28.260417271120268,30.000010090379575,0.028167572841122757
2020-02-10,27.31430053710937,27.59784107441149,26.55819604302768,26.936248290068527,51534,ONMOBILE.NS,28.2310772895813,29.32837505340576,27.45224298755841,28.190334550082422,33.88431792057527,0.020523828122186664
2020-02-11,26.93624687194824,27.408812606543822,26.69996400465045,27.408812606543822,552729,ONMOBILE.NS,28.07040491104126,29.21306900024414,27.372858969772228,28.097439166516928,37.61468773166202,0.02007878714234832
2020-02-12,26.6527099609375,27.361558610933763,26.5581964470656,27.361558610933763,545803,ONMOBILE.NS,27.909732627868653,29.12044616699219,27.262066814566882,27.990422188325862,35.087772094910406,0.020092056866155145
2020-02-13,26.55819320678711,26.88898956363172,26.227396849942505,26.51093555426924,405184,ONMOBILE.NS,27.71598062515259,29.02876834869385,27.153778567216147,27.884331152656323,27.619084594180805,0.01926252969164174
2020-02-14,26.794479370117188,27.17253162346988,26.227400088740488,26.46368297242284,579407,ONMOBILE.NS,27.56003408432007,28.944651679992674,27.098501767662462,27.803601390986756,33.66343122512127,0.019394431374487226
2020-02-17,25.754833221435547,27.50332684654912,25.56580620148452,27.078016953006944,607250,ONMOBILE.NS,27.380459117889405,28.816113777160645,26.8917835297814,27.651840785834814,29.82462600168951,0.020599619921599165
2020-02-18,25.187753677368164,25.896602290067243,24.762445591365864,25.896602290067243,573051,ONMOBILE.NS,27.181981468200682,28.681905097961426,26.629625090948593,27.469315814837287,26.400042105072828,0.020897593114483685
2020-02-19,25.376781463623047,25.51855082991685,24.809702195752504,25.093240928340126,283913,ONMOBILE.NS,27.040211772918703,28.546751289367677,26.43687991751389,27.314313270302897,28.90631158670368,0.020246522519496265
2020-02-20,25.754833221435547,26.227398968617848,25.04598460066209,25.5185503478444,555959,ONMOBILE.NS,26.91498193740845,28.42104877471924,26.331949656578765,27.198796229646057,33.33337319651493,0.020689815408888833
2020-02-24,24.62067604064941,25.896603987688763,24.384393154260472,25.51855173000553,61960,ONMOBILE.NS,26.707053089141844,28.27171806335449,26.068676792589635,27.00782436379445,37.50003783887233,0.02174887186243436
2020-02-25,24.998729705810547,25.32952429936908,24.6206756514088,24.998729705810547,26174,ONMOBILE.NS,26.539292335510254,28.129003219604492,25.904069548469774,26.859002537277128,39.024420657065015,0.022259009823563564
2020-02-26,24.62067604064941,25.235012987416948,24.526164328250125,25.235012987416948,24393,ONMOBILE.NS,26.37389440536499,27.98817859649658,25.706624393420487,26.693200574563964,33.064582540616115,0.022261631166531713
2020-02-27,23.86456871032715,24.62067313650698,23.67554170243461,24.62067313650698,35459,ONMOBILE.NS,26.168328189849852,27.84735397338867,25.42323121140613,26.483672288324197,23.255861249221326,0.022840670126179217
2020-02-28,21.785280227661133,23.581031509409733,21.73802437401312,23.581031509409733,137888,ONMOBILE.NS,25.861160469055175,27.681010818481447,24.86354644467613,26.1356432467936,17.441912308564525,0.028861260440896132
2020-03-02,22.163333892822266,22.9666942074244,21.974306876036334,22.06882038442929,39377,ONMOBILE.NS,25.57525825500488,27.536405715942383,24.448129129006304,25.84139810946239,18.857188589183707,0.02952359710258215
2020-03-03,22.635900497436523,22.77766986409804,22.305104106762787,22.305104106762787,39795,ONMOBILE.NS,25.40513467788696,27.40503246307373,24.169324724149416,25.603953841904918,24.29383349356317,0.02732303971186646
2020-03-04,22.25784683227539,23.15572250773509,22.0215639495434,22.96669548047136,26805,ONMOBILE.NS,25.20429420471191,27.27460433959961,23.875251202322644,25.356094063413842,24.022384159180262,0.02715162099346056
2020-03-05,22.635900497436523,23.250235621433283,21.785280692076835,22.58864284008581,29261,ONMOBILE.NS,25.005816745758054,27.167804489135744,23.684581863109397,25.154598243711817,27.567618041542687,0.02734330408546559
2020-03-06,21.454484939575195,22.16333353710264,21.26545792582313,22.16333353710264,44658,ONMOBILE.NS,24.722277259826658,27.024144554138182,23.34149002871952,24.880515776738736,22.43904772836592,0.028273787610533747
2020-03-09,17.957496643066406,20.792890849866364,17.43767509289778,20.46209449853401,323487,ONMOBILE.NS,24.26625127792358,26.8181058883667,22.513183354003655,24.36769954461486,17.89885498940552,0.04402134792026123
2020-03-11,18.099266052246094,19.32793796084073,17.95749670198001,18.619089406815203,95680,ONMOBILE.NS,23.80549955368042,26.612067222595215,21.83411915373326,23.90337113777273,19.758084794010628,0.04399384689812207
2020-03-12,15.263874053955078,17.484933539823018,14.50776954087871,16.445288482321498,240593,ONMOBILE.NS,23.22188091278076,26.339869384765624,20.823312215305844,23.263408390823276,14.802645379852507,0.05359257139544073
2020-03-13,16.823339462280273,17.201393492826522,12.239452368859173,12.948300972090564,271687,ONMOBILE.NS,22.7304123878479,26.0998059463501,20.207931791763446,22.78636624796824,21.276602270183076,0.060801116371492214
2020-03-16,17.62670135498047,18.808115679076952,16.30351767253145,17.91024187438074,731373,ONMOBILE.NS,22.28383779525757,25.855016860961914,19.81081941687376,22.40416884848766,27.018637627754615,0.06262537991833432
2020-03-17,18.099266052246094,18.524575905739447,17.20139229876415,18.524575905739447,76558,ONMOBILE.NS,21.849077129364012,25.63102066040039,19.547503514623347,22.085287159877176,27.469129650733166,0.06316078341869183
2020-03-18,16.965110778808594,18.052011619739748,16.398031530545964,18.052011619739748,1125740,ONMOBILE.NS,21.409591007232667,25.4089147567749,19.150212324498,21.706014835353578,26.17647090246882,0.06380806684259102
2020-03-19,14.460512161254885,16.917853525711784,13.609893268623631,16.681570650205487,125188,ONMOBILE.NS,20.873228931427,25.13293640136719,18.428719991691366,21.16931093356849,23.607430037475226,0.0700392031064583
2020-03-20,14.082459449768066,14.555025215214616,12.995558549780071,14.082459449768066,328976,ONMOBILE.NS,20.30851283073425,24.844671306610106,17.760064523703168,20.644358971805495,26.09970877542402,0.06962299043573016
2020-03-23,12.948301315307615,13.94068956640605,11.766886945273209,13.704406692399168,80372,ONMOBILE.NS,19.668186235427857,24.531832790374757,17.019793260873083,20.074280626879727,22.689072115016643,0.06990101687483061
2020-03-24,13.70440673828125,14.224229243106274,12.0976833699247,12.38122299995177,67221,ONMOBILE.NS,19.122372770309447,24.23317129135132,16.509733795858953,19.602438116613172,23.966935992021973,0.07262163680738976
2020-03-25,14.035202980041504,14.365998460568,12.853788618130524,13.751663352913342,108522,ONMOBILE.NS,18.574196434020998,23.894814224243163,16.129036747271655,19.190050328718975,25.966847440728856,0.07291226149592774
2020-03-26,15.2166166305542,15.358385986816549,14.176971680138353,14.838563511608626,102819,ONMOBILE.NS,18.103993463516236,23.596152667999267,15.988664421622815,18.895721906632694,29.287589166169028,0.07694562871889793
2020-03-27,14.318740844726562,16.823338780818148,13.798919277824682,16.823338780818148,105028,ONMOBILE.NS,17.626702070236206,23.285204372406007,15.731753102100315,18.556686272417426,29.758703867979392,0.07739590340949226
2020-03-30,13.70440673828125,14.885821112271014,13.515380618712417,13.70440673828125,82630,ONMOBILE.NS,17.222658395767212,22.950627841949462,15.419853661512766,18.197258158777707,35.576921459872906,0.07606454197676388
2020-03-31,13.32635498046875,15.02759101938164,13.2790982235328,15.02759101938164,153309,ONMOBILE.NS,16.780809450149537,22.618886737823487,15.097776941352148,17.836450515940008,34.069401534631055,0.07556446149520461
2020-04-01,14.224228858947754,14.36599821945866,13.420866745792331,13.515380253698009,46026,ONMOBILE.NS,16.360225868225097,22.316444664001466,14.963384928674548,17.56887854134799,46.01448848836041,0.07763604119017878
2020-04-03,17.059621810913086,17.059621810913086,13.893432020299452,14.22422838561394,701247,ONMOBILE.NS,16.100314617156982,22.074490966796876,15.2858829105574,17.531155820575034,50.82508107946821,0.09184333704704833
2020-04-07,20.46209716796875,20.46209716796875,20.46209716796875,20.46209716796875,60038,ONMOBILE.NS,15.991624450683593,21.919489402770996,16.08222356554376,17.748262587048643,58.37989475553351,0.10296620993178822
2020-04-08,22.494129180908203,22.494129180908203,22.494129180908203,22.494129180908203,54945,ONMOBILE.NS,16.043606662750243,21.804183387756346,17.068670583292135,18.09980826066787,61.89259076318964,0.10448913891707111
2020-04-09,24.715187072753903,24.715187072753903,23.155720539796448,24.715187072753903,691417,ONMOBILE.NS,16.38149118423462,21.7229020690918,18.245057735517022,18.58983632082239,69.80676173080887,0.09820887885871633
2020-04-13,22.77766990661621,23.5810320561248,22.35236000314245,23.5810320561248,323831,ONMOBILE.NS,16.615411376953126,21.611376571655274,18.942382684916897,18.900046216066375,71.89055570543329,0.10066208378427081
2020-04-15,22.730411529541016,23.58103130955822,21.87979355221906,22.777669185483777,181816,ONMOBILE.NS,16.98873825073242,21.507412109375,19.525156353320607,19.183776980027456,73.16455934194104,0.09226702389935691
2020-04-16,23.6755428314209,24.478904949230373,23.202977091850062,24.05359686523376,211801,ONMOBILE.NS,17.331348419189453,21.42140510559082,20.16367734995142,19.51650037642697,79.0281379952485,0.0905452876697049
2020-04-17,23.20297813415528,24.478906048851773,22.82492588605509,23.91182677535385,156564,ONMOBILE.NS,17.610162258148193,21.32689197540283,20.631262085982783,19.789572802925363,76.10390450432963,0.09075822512610231
2020-04-20,23.34474754333496,23.628286257345028,23.155720532198128,23.628286257345028,81513,ONMOBILE.NS,17.872436332702637,21.236159362792968,21.048721387113886,20.05291907999274,75.85302606070012,0.09076593971483556
2020-04-21,22.966693878173828,23.39200375849732,22.44687229350753,22.44687229350753,69975,ONMOBILE.NS,18.1725154876709,21.174725799560548,21.343794078046187,20.268754250228376,72.52747593926985,0.089212026633739
2020-04-22,23.392004013061523,23.58103102919465,22.77766891467168,23.58103102919465,61724,ONMOBILE.NS,18.61909008026123,21.11707275390625,21.658903298817776,20.500106084512314,77.11865421326254,0.08016461890494318
2020-04-23,23.722801208496094,24.05359759679551,23.202977797541216,23.628287697168364,66685,ONMOBILE.NS,19.101107168197633,21.0594197845459,21.976426054152903,20.738824241844444,80.45977611398479,0.07925425086748387
2020-04-24,23.86456871032715,24.52616143525586,23.202975985398435,23.628285851809057,138368,ONMOBILE.NS,19.64692053794861,20.994205665588378,22.26690953971817,20.97036086913946,82.50728832097681,0.0752054006100681
2020-04-27,24.14810943603516,24.52616348339082,23.722801336802984,24.52616348339082,92656,ONMOBILE.NS,20.169105672836302,20.935607528686525,22.556324908382322,21.205749651872473,81.81818404195894,0.0751160047431819
2020-04-28,24.478906631469727,24.667933661366472,23.77005797339997,24.289881404268343,131058,ONMOBILE.NS,20.691290855407715,20.87889965057373,22.852106711934233,21.448205724435233,78.33935696625721,0.07520409951506014
2020-04-29,24.62067604064941,24.99873010102801,24.19536792676654,24.478906669355123,68381,ONMOBILE.NS,21.161493825912476,20.832588233947753,23.12419430096734,21.683203525636284,71.1538495123335,0.07430818713372012
2020-04-30,24.478906631469727,25.0459859184646,23.864571488348343,23.864571488348343,59998,ONMOBILE.NS,21.669502115249635,20.789112167358397,23.33261158258309,21.890292644586907,62.500009009275274,0.07199018114109103
2020-05-04,24.05359649658203,24.28987936274612,23.155720884080424,23.155720884080424,69332,ONMOBILE.NS,22.186961603164672,20.739020233154296,23.443532338582926,22.050537374364325,44.61539798962274,0.07085711413826334
2020-05-05,24.809701919555664,25.045984794980004,23.864570417858303,24.431649679415774,99944,ONMOBILE.NS,22.76112895011902,20.699324684143065,23.653712274117193,22.254919933267388,70.47616594810364,0.06951700797889936
2020-05-06,24.856958389282227,25.045985415382106,24.148109745450657,25.045985415382106,160297,ONMOBILE.NS,23.292765426635743,20.6813671875,23.83882706106566,22.44766352260182,71.42857142857153,0.06938810679118732
2020-05-07,25.23501205444336,25.32952376334842,24.148109375082253,24.85695800804196,150356,ONMOBILE.NS,23.701534938812255,20.682312355041503,24.053624752354537,22.654133784219713,67.74194668373721,0.056883045139072316
2020-05-08,25.424036026000977,25.471293680827284,24.667931575732144,25.28226666691247,199671,ONMOBILE.NS,23.949631881713866,20.683257446289062,24.26445725599245,22.85931172805536,77.01146545749097,0.03842389915790155
2020-05-11,24.998729705810547,25.51855132656995,24.90421619221011,25.51855132656995,24900,ONMOBILE.NS,24.074861907958983,20.66813537597656,24.377422248272158,23.017787133815006,68.81722856747305,0.032838191457911635
2020-05-12,25.61306571960449,25.707579236450087,24.431651265773063,25.37678282883821,125942,ONMOBILE.NS,24.119755840301515,20.687983169555665,24.567521243861748,23.210029992021635,78.57147269849548,0.02505599307071705
2020-05-13,26.36916732788086,26.41642498241629,24.76244493027525,25.991115105073376,582825,ONMOBILE.NS,24.299330711364746,20.71539192199707,24.84469756448007,23.444040165048243,80.0000230637679,0.017199246946594537
2020-05-14,26.36916732788086,26.41642498241629,25.707576388641563,26.27465382150519,162280,ONMOBILE.NS,24.48126850128174,20.7503617477417,25.07923137423404,23.66071625118399,78.57144622227717,0.017144709529179195
2020-05-15,26.41642570495605,26.41642570495605,26.085629324940896,26.41642570495605,78941,ONMOBILE.NS,24.618312644958497,20.801398887634278,25.284953578960504,23.86484287738933,78.12503678789156,0.015190162588189546
2020-05-18,26.13288688659668,26.36916977309881,25.802090484954626,25.943861659012192,79792,ONMOBILE.NS,24.764808082580565,20.888351020812987,25.415404857058377,24.032846137330612,71.87503547405322,0.014497301594872034
2020-05-19,26.22739791870117,26.3691672766416,25.8493456966283,25.8493456966283,80868,ONMOBILE.NS,24.908940601348878,20.969632301330567,25.540326866541882,24.195405528543244,70.32968348947963,0.014507591245186493
2020-05-20,26.41642570495605,26.510937411221605,25.943859962847323,26.03837166911288,207641,ONMOBILE.NS,25.08142719268799,21.045242805480957,25.675111303220987,24.35992554161086,70.65219966359487,0.013540036822974956
2020-05-21,26.463682174682617,28.11766231060028,26.22739929812295,28.11766231060028,305919,ONMOBILE.NS,25.235011100769043,21.129359512329103,25.796429898830468,24.515759366282843,73.33335725132099,0.013312876623689981
2020-05-22,26.41642570495605,26.510937411221605,25.66031943596494,26.41642570495605,71171,ONMOBILE.NS,25.36969232559204,21.204970016479493,25.891813869003634,24.65654946544382,80.48786370372994,0.013293694132763052
2020-05-26,26.51093864440918,27.88138008135029,26.46368278907824,26.652709815792647,75259,ONMOBILE.NS,25.502010822296143,21.306099090576172,25.98706383445064,24.79391162684866,76.4706475906475,0.013299754343412526
2020-05-27,26.51093864440918,26.98350440849986,26.416426933747307,26.88899269783799,46180,ONMOBILE.NS,25.620152282714844,21.477167930603027,26.067659959059647,24.921098813334627,76.1194632263288,0.013258205980028286
2020-05-28,26.463682174682617,26.699965051242284,26.038372275797105,26.463682174682617,147123,ONMOBILE.NS,25.719391059875488,21.644456253051757,26.128586453770872,25.035364247508554,71.66671487643612,0.013160511314376672
2020-05-29,26.463682174682617,26.794478562405207,26.08562993272621,26.794478562405207,185033,ONMOBILE.NS,25.81154136657715,21.868452415466308,26.18013964160345,25.141165575447374,69.64292921721481,0.013182420130838169
2020-06-01,26.463682174682617,27.172530804361617,26.180143443889133,26.463682174682617,45113,ONMOBILE.NS,25.910780143737792,22.061259269714355,26.223761569769476,25.239129767983318,82.97873802140539,0.013026997002674099
2020-06-02,26.55819320678711,27.030758915795083,26.27465269976525,26.936245413454465,33328,ONMOBILE.NS,26.036009979248046,22.23988910675049,26.27521259084911,25.33683817085767,77.77775286315712,0.012022632675469797
2020-06-03,26.32191276550293,26.88899202884193,26.08562988933629,26.88899202884193,37565,ONMOBILE.NS,26.11162052154541,22.404342041015624,26.282397233103545,25.40980665934991,48.00007749447448,0.010667225505693163
2020-06-04,26.41642570495605,26.888991447064782,25.66031943596494,25.66031943596494,125775,ONMOBILE.NS,26.189593887329103,22.593368339538575,26.303016998003933,25.484371033098515,51.85192936403401,0.010664640203691724
2020-06-05,26.41642570495605,26.74722028227597,26.18014283390169,26.6999644291432,146844,ONMOBILE.NS,26.248664569854736,22.832486610412598,26.32046449138118,25.553412119902777,50.0,0.010291507509126116
2020-06-08,27.26704406738281,27.881379180308176,25.518550436214262,26.888991828866843,101432,ONMOBILE.NS,26.340814971923827,23.096178302764894,26.466092118458352,25.68034781971611,81.5790340174637,0.012240922677603907
2020-06-09,26.69996452331543,27.881378882754166,26.60545101402128,27.645096010866418,38375,ONMOBILE.NS,26.425876712799074,23.371211566925048,26.50207248843636,25.75587498294569,60.41669995097753,0.012623943605863127
2020-06-10,26.84173393249512,27.125274460869672,26.085629462220144,26.2273988250598,32596,ONMOBILE.NS,26.487310123443603,23.633958110809328,26.554328095214633,25.836308979208614,59.57446808510652,0.011615704352897275
2020-06-11,27.172531127929688,28.353945524796195,26.747221223979626,26.93624824855639,120698,ONMOBILE.NS,26.527478313446046,23.89670467376709,26.64943625409387,25.935288397632394,64.15097069670992,0.010031720731458024
2020-06-12,26.6527099609375,26.93624869985787,25.89660365265762,25.89660365265762,49545,ONMOBILE.NS,26.541655445098876,24.125426540374757,26.64993990130058,25.988430735654998,53.968283458977616,0.01104778688271082
2020-06-15,27.07801628112793,27.645095524214973,25.99111545011664,25.99111545011664,58082,ONMOBILE.NS,26.57473497390747,24.380612049102783,26.715797805889405,26.0691407760604,58.571428571428584,0.011570426960122055
2020-06-16,26.605449676513672,28.07040449018873,26.27465331196155,27.78686397656042,80903,ONMOBILE.NS,26.59836311340332,24.638632907867432,26.69882117060083,26.10886736127916,51.24997414333724,0.012026749695654069
2020-06-17,26.84173393249512,27.408813186548976,26.27465467844126,26.27465467844126,36069,ONMOBILE.NS,26.62907991409302,24.90894048690796,26.720807749353796,26.163153773961824,54.761900185759515,0.012144869241798733
2020-06-18,27.456069946289062,27.78686633896508,27.078017698671605,27.408814091347622,84020,ONMOBILE.NS,26.681062126159667,25.173577308654785,26.83392501042076,26.25892534228236,60.82474956049559,0.013025350814503713
2020-06-19,27.03076171875,27.92863557735311,26.841734694467604,27.50332747676068,79820,ONMOBILE.NS,26.709416103363036,25.373000106811524,26.86420758093295,26.31609840720589,55.66038993107687,0.013601279067874485
2020-06-22,28.87376594543457,29.488102848580382,27.078016496927003,27.408812874922003,268318,ONMOBILE.NS,26.832283115386964,25.54123348236084,27.173370406240892,26.505555261889498,67.13288529153343,0.02020293415702383
2020-06-23,28.96827888488769,30.52774543315629,28.826509526444223,30.24420671626935,514455,ONMOBILE.NS,26.95515012741089,25.67071647644043,27.449510172186553,26.687979233963436,69.99999423406136,0.020203896683136203
2020-06-24,28.68474197387696,30.24420862032332,28.40120143644424,30.24420862032332,169841,ONMOBILE.NS,27.063840293884276,25.75010757446289,27.63954583398508,26.835887585068143,66.66668535258518,0.020439159255660887
2020-06-25,28.68474197387696,29.29907710093821,27.88137982186056,29.25182124604708,54399,ONMOBILE.NS,27.174893283843993,25.868249015808104,27.80034524012229,26.972839762016946,66.66668535258518,0.020415838450553253
2020-06-26,28.02314758300781,29.110048407463,27.975891730825275,28.82650968897737,77029,ONMOBILE.NS,27.252866554260255,25.974103736877442,27.83462252364314,27.050640341349606,55.714275829819485,0.021299695098266107
2020-06-29,27.503326416015625,28.82651012687408,27.40881290751961,27.550582268916013,59549,ONMOBILE.NS,27.304848766326906,26.050659408569334,27.783653891700446,27.084172643176718,56.11511355397084,0.02183784517143934
2020-06-30,27.456069946289062,29.01553839709096,27.21978706619124,29.01553839709096,51511,ONMOBILE.NS,27.349742603302,26.13572124481201,27.733256361637157,27.11172059155541,54.744533289023956,0.021851756849812262
2020-07-01,27.03076171875,27.69235269834777,26.79447883974466,27.456069819342428,70667,ONMOBILE.NS,27.385185050964356,26.209441528320312,27.62518026273144,27.10572363801427,48.92086456275327,0.022071638584255145
2020-07-02,27.786865234375,28.21217512272219,26.605450880849745,28.21217512272219,78271,ONMOBILE.NS,27.453707027435303,26.305844955444336,27.650054873753525,27.156178571078026,58.33332399037152,0.02284952697568159
2020-07-03,27.172531127929688,28.30668966999966,27.03076176084477,28.30668966999966,36316,ONMOBILE.NS,27.491512298583984,26.381455497741698,27.57658968208832,27.157389871585558,50.675688390017264,0.023515944008831037
2020-07-06,26.794479370117188,27.55058387682256,26.69996585610518,27.55058387682256,99519,ONMOBILE.NS,27.467884063720703,26.44288906097412,27.456265018708145,27.130507612217528,51.36988914383657,0.022608086026967334
2020-07-07,27.4088134765625,27.73960986181869,26.747220706050125,27.50332698702074,121519,ONMOBILE.NS,27.503326511383058,26.513773956298827,27.44896478145497,27.151122861428266,53.89611393715171,0.022669878288959593
2020-07-08,27.26704406738281,27.7396098162016,26.93624768267061,27.692352159702555,52499,ONMOBILE.NS,27.524592018127443,26.57615264892578,27.42097697929002,27.159709617424898,48.61111188969167,0.022699541929092612
2020-07-09,27.219785690307617,27.645095574063607,26.88899111704765,27.645095574063607,64325,ONMOBILE.NS,27.52695474624634,26.630970230102537,27.390024473292726,27.16415969689769,51.47057208716089,0.022548442022966506
2020-07-10,26.983503341674805,27.88137897902665,26.794478125129064,27.31429972399892,155474,ONMOBILE.NS,27.543494415283202,26.678226776123047,27.327482760736125,27.15077774465896,30.392132810267967,0.022192189057320486
2020-07-13,26.794479370117188,27.59784153517624,26.69996585610518,27.59784153517624,39863,ONMOBILE.NS,27.529317569732665,26.724538230895995,27.245482239102444,27.124385272470683,27.884604562804057,0.02196204235388524
2020-07-14,26.51093864440918,27.21978729054521,26.27465576236384,27.21978729054521,73175,ONMOBILE.NS,27.524592018127443,26.77368507385254,27.132475532226557,27.078944781503164,27.884582919206522,0.021732213369995874
2020-07-15,26.55819320678711,27.40881112246244,26.41642385462374,26.88898956363172,153166,ONMOBILE.NS,27.51041498184204,26.80865489959717,27.044124405235873,27.040370590783457,28.57136816629901,0.0216380080209512
2020-07-16,26.51093864440918,27.12527557988333,26.46368278907824,26.841735039811724,51495,ONMOBILE.NS,27.463158416748048,26.84173450469971,26.96209582664715,27.00115340957055,32.60866608668722,0.020937635792513825
2020-07-17,26.6527099609375,26.98350455544616,26.51093878878197,26.93624869985787,33195,ONMOBILE.NS,27.444255828857422,26.87008846282959,26.91449800115336,26.97534278374588,39.285714285714285,0.02072464536009674
2020-07-20,26.51093864440918,26.936248553168927,26.46368278907824,26.699965671123586,26607,ONMOBILE.NS,27.326114463806153,26.891826515197753,26.852411946269637,26.940942477128345,38.3720750144199,0.012969387795814503
2020-07-21,26.463682174682617,26.7472209054761,26.22739929812295,26.22739929812295,66621,ONMOBILE.NS,27.2008846282959,26.921125564575195,26.792607366025482,26.905589862132366,42.30767041529519,0.012865319892315598
2020-07-22,26.605449676513672,26.79447668559921,26.36916681650432,26.605449676513672,45350,ONMOBILE.NS,27.096920013427734,26.94097324371338,26.763813875331355,26.88335725579024,30.769168674399552,0.012978749233937725
2020-07-23,26.463682174682617,26.7472209054761,26.4164263204488,26.7472209054761,49018,ONMOBILE.NS,26.985867023468018,26.942863540649412,26.717639767539243,26.852270212745232,36.363589664183564,0.012953993622798794
2020-07-24,27.26704406738281,28.306689075323188,26.98350353647438,28.306689075323188,407687,ONMOBILE.NS,26.948061847686766,26.960821075439455,26.802163505976715,26.882994201977645,57.81249999999995,0.014246683374247298
2020-07-27,29.110050201416016,29.96067001468412,27.267044812290884,27.55058354825004,807142,ONMOBILE.NS,27.028398036956787,27.014693565368653,27.15722299758276,27.047961313047153,70.00002690773607,0.020428040393036622
2020-07-28,27.645097732543945,29.440847310187213,27.45607070218345,29.440847310187213,271855,ONMOBILE.NS,27.03784942626953,27.044937782287597,27.232280649115253,27.092193640417285,53.389844132398395,0.023659230082601734
2020-07-29,27.881378173828125,28.542970919369925,27.12527372409053,27.928634025926023,213301,ONMOBILE.NS,27.080380249023438,27.078017387390137,27.332141806763385,27.150651754003274,55.73771956146099,0.023407721445141777
2020-07-30,27.456069946289062,28.542972636895303,26.983504186093413,28.542972636895303,147834,ONMOBILE.NS,27.063840484619142,27.098810272216795,27.35120767438272,27.173275323802223,53.96826871362048,0.022853786208367203
2020-07-31,27.645097732543945,28.164919361992265,27.125276103095626,28.164919361992265,96119,ONMOBILE.NS,27.087468814849853,27.122438583374024,27.39642152948445,27.208225131857162,57.14286629514774,0.022314373342844106
2020-08-03,28.68474197387696,30.385979790387328,27.2670446947993,28.212176214184403,528516,ONMOBILE.NS,27.18198194503784,27.16780490875244,27.594624674775606,27.317596749784556,66.19721192259104,0.023436082713385837
2020-08-04,31.520132064819336,31.520132064819336,28.542970193661542,29.53535748404748,852466,ONMOBILE.NS,27.387547874450682,27.267988777160646,28.198548888628487,27.628895662009356,76.11942696166912,0.03148516589345334
2020-08-05,32.51252365112305,33.457655110686034,30.811284139597348,32.08721377324162,511955,ONMOBILE.NS,27.649821853637697,27.388020477294923,28.86223731362765,27.990645883425184,78.73304836722824,0.03177621002866804
2020-08-06,35.44243240356445,35.72597114171484,32.6070378112793,33.0323477212002,534745,ONMOBILE.NS,28.06095418930054,27.56759548187256,29.874575019771772,28.542630070102167,83.2143003350587,0.036398677008521604
2020-08-07,35.489688873291016,36.57659159463571,34.96986724345297,36.3875645641335,323904,ONMOBILE.NS,28.486263465881347,27.748115615844725,30.738438689543962,29.057227018486525,84.17268714740788,0.03613976667781844
2020-08-10,34.73358154296875,35.820484176265445,34.16650410279074,35.820484176265445,245463,ONMOBILE.NS,28.883218574523926,27.91351360321045,31.353076051609314,29.47769772400373,79.8634897383124,0.03672217118782421
2020-08-11,36.434814453125,36.434814453125,36.434814453125,36.434814453125,118697,ONMOBILE.NS,29.379412364959716,28.111046028137206,32.1348819595348,29.993039703938635,81.90184709898118,0.03706466015097876
2020-08-12,36.95463562011719,38.230565149951474,36.43481408072845,38.230565149951474,648392,ONMOBILE.NS,29.89923448562622,28.32370048522949,32.87638252270132,30.508713475507417,83.23352707288369,0.03690575252229567
2020-08-13,35.489688873291016,37.616234854311806,35.11163841767731,37.616234854311806,258443,ONMOBILE.NS,30.348171997070313,28.50516574859619,33.278429653561275,30.87767461608398,75.00002319631272,0.03885459017057171
2020-08-14,34.49729919433594,37.04915492431012,33.741194727592976,35.63145769714563,219469,ONMOBILE.NS,30.740401458740234,28.666783218383788,33.46594804444968,31.145794955213752,67.27273861399797,0.04000454863641429
2020-08-17,36.19853210449219,36.19853210449219,34.875350300211984,35.96224925315035,145244,ONMOBILE.NS,31.224781131744386,28.845412979125978,33.88634559214853,31.52007178108623,77.01493173891812,0.04049814377531778
2020-08-18,37.94702911376953,37.99428496513431,36.71835534594299,37.33269222985626,383704,ONMOBILE.NS,31.79894847869873,29.07035427093506,34.511066133936374,31.996142694618324,79.01908849279562,0.040858046563863264
2020-08-19,37.89977264404297,38.79764831230038,36.86012941051795,37.52172219793871,129462,ONMOBILE.NS,32.363664627075195,29.291515045166015,35.032405597029694,32.43344861679793,80.77995637802712,0.041000151869211875
2020-08-20,37.23818206787109,38.51410813446401,36.86012803052997,37.42720548115116,158160,ONMOBILE.NS,32.90238962173462,29.492828063964843,35.37175582331299,32.78935479835891,77.50679009651664,0.04146022682831219
2020-08-21,37.89977264404297,38.89216362786942,37.28543931710205,38.04154381470122,206870,ONMOBILE.NS,33.434026050567624,29.717769317626953,35.760681488040674,33.16790426840958,77.00832387650024,0.04135853711730886
2020-08-24,37.852516174316406,39.17570172767245,37.37995042031648,39.03393055931623,222315,ONMOBILE.NS,33.871149349212644,29.933259315490723,36.08250220900617,33.51491255773601,72.18545205960947,0.03979596521943156
2020-08-25,37.33269119262695,38.60861717097836,36.6710984757302,38.60861717097836,110991,ONMOBILE.NS,34.3555290222168,30.147804145812987,36.27483897571706,33.79771097513534,67.46575209921647,0.03745789006501325
2020-08-26,37.6162338256836,38.70313651730658,37.3326950903791,37.37995094536474,110477,ONMOBILE.NS,34.84227180480957,30.363294143676757,36.481207414173454,34.080564519620395,59.74576314667021,0.03746816797517436
2020-08-27,37.096412658691406,38.23057121901616,37.04915680313427,37.71074959710626,85066,ONMOBILE.NS,35.32428894042969,30.556100997924805,36.57585437486853,34.3039606780701,56.91057417456477,0.03740702463047883
2020-08-28,37.14366912841797,38.419598881902274,36.95464209767318,36.95464209767318,126637,ONMOBILE.NS,35.799217510223386,30.758359146118163,36.66321049079921,34.51430945216994,61.038980553753916,0.03749836904143197
2020-08-31,35.3006591796875,37.66348786923527,35.3006591796875,37.33269329485477,115470,ONMOBILE.NS,36.130013370513915,30.886897010803224,36.45358721216664,34.5725575801342,44.87180548627398,0.03979676947469897
2020-09-01,33.55216979980469,35.01712297139407,33.55216979980469,33.69394097350945,91599,ONMOBILE.NS,36.231615257263186,30.97857482910156,36.00721530257249,34.496973300109794,36.153871947035725,0.03626390277965771
2020-09-02,33.88296127319336,35.20614675444266,33.174112680822034,33.174112680822034,82322,ONMOBILE.NS,36.3001371383667,31.08253921508789,35.68040699036032,34.45149092774562,42.796590748173315,0.035711425318661394
2020-09-03,34.82809829711914,35.536947002803174,34.02473787283362,34.11924959143511,106113,ONMOBILE.NS,36.26942043304443,31.205406341552735,35.54928257601552,34.47938776992144,51.48937529605621,0.02993474725340718
2020-09-04,36.48207473754883,36.529334197223605,34.119245969433216,34.119245969433216,494966,ONMOBILE.NS,36.31903972625732,31.374584884643554,35.69278906240526,34.62773495270865,51.28206543468519,0.03180043439550881
2020-09-07,38.27782440185547,38.27782440185547,37.71074696398415,37.75800281624169,65311,ONMOBILE.NS,36.49625186920166,31.590074844360352,36.09048680693606,34.89811194894175,51.489358632529836,0.03298493564201312
2020-09-08,40.1680908203125,40.1680908203125,40.1680908203125,40.1680908203125,57259,ONMOBILE.NS,36.682915687561035,31.84431526184082,36.71781050130167,35.288480754228466,58.759132904381424,0.033013101870875805
2020-09-09,40.97145080566406,42.152865230341696,38.89216430254399,42.152865230341696,1085117,ONMOBILE.NS,36.883756446838376,32.1231290435791,37.3722167019728,35.70944149877925,64.25992369482125,0.03311881046224865
2020-09-10,42.86170959472656,43.00348075365298,40.64065214081491,42.53091503108537,423016,ONMOBILE.NS,37.252357482910156,32.424625930786135,38.21675407008877,36.23923913551609,67.32672238603654,0.03248714143725208
2020-09-11,44.988258361816406,44.988258361816406,42.578173736253135,44.42118089888055,352928,ONMOBILE.NS,37.77690544128418,32.780940475463865,39.258523961123785,36.88731463376056,71.75792098256053,0.03234923515942854
2020-09-14,47.20931625366211,47.20931625366211,47.20931625366211,47.20931625366211,54030,ONMOBILE.NS,38.32744464874268,33.18923721313477,40.48172277536045,37.65190734634586,77.28460102339197,0.03235239637534815
2020-09-15,44.89374542236328,49.52489112914221,44.89374542236328,49.52489112914221,956462,ONMOBILE.NS,38.674780464172365,33.538935852050784,41.160495490283964,38.188339796421225,68.0751210183696,0.03417045396296645
2020-09-16,46.78400802612305,47.11480260031319,42.81445510888906,43.570559568031136,850492,ONMOBILE.NS,39.118992233276366,33.92927513122559,42.025651265028436,38.825055961584326,72.52747291739222,0.034854751503990325
2020-09-17,45.69710540771485,48.20170526046376,44.610206373899445,47.25657378476839,358829,ONMOBILE.NS,39.541938400268556,34.29882152557373,42.59049036390327,39.3340966612977,68.97274164811898,0.035127230546358294
2020-09-18,45.940956115722656,47.940512448822105,44.965564234532586,46.526193476931546,292893,ONMOBILE.NS,39.94399757385254,34.67797058105469,43.10594663341394,39.823493657921766,75.40393429507907,0.03510882198355068
2020-09-21,43.79509735107422,48.23312970658603,43.64878707923848,46.91634842253871,319625,ONMOBILE.NS,40.24112663269043,35.017982940673825,43.21196982074629,40.11768652408121,73.99982052346371,0.03729610921005504
2020-09-22,41.64923095703125,43.11231866942702,41.64923095703125,43.11231866942702,295741,ONMOBILE.NS,40.456953620910646,35.320748786926266,42.971548457097825,40.23113425985529,66.7704197973692,0.03916348631230862
2020-09-23,40.62507247924805,43.30740009569522,39.79598716530594,43.30740009569522,223328,ONMOBILE.NS,40.607395553588866,35.60208637237549,42.61055215281325,40.2603148686992,62.475363561911756,0.039760546031567104
2020-09-24,42.47831344604492,42.62462370885307,38.91813549956684,39.99106502407814,257907,ONMOBILE.NS,40.87649059295654,35.9214338684082,42.59020773638735,40.424611059613696,62.794458169618856,0.040524778735606885
2020-09-25,43.64878845214844,44.52664266912495,42.91724451160964,43.8438675804571,179311,ONMOBILE.NS,41.20174655914307,36.26135543823242,42.753066308042904,40.663439014616266,61.77446471723209,0.04073512043412645
2020-09-28,43.50247573852539,44.28279220804353,42.47831502331369,43.6000171576275,121902,ONMOBILE.NS,41.61183738708496,36.601186180114745,42.868360066578674,40.87373803120213,57.91499365506711,0.03848923489864487
2020-09-29,44.67294692993164,45.502032252447904,42.91724230699235,43.50247594103055,244256,ONMOBILE.NS,42.16787624359131,36.965371475219726,43.14598881478682,41.1551609125895,58.635911758083225,0.03584493159371015
2020-09-30,43.35617065429688,45.648340128594846,43.11232267954922,45.648340128594846,132479,ONMOBILE.NS,42.641536712646484,37.30038589477539,43.178324482403745,41.3181986712345,51.18533990046877,0.037197081463746166
2020-10-01,42.28323745727539,44.47786923645906,42.18569975541938,43.94140443460135,89615,ONMOBILE.NS,43.0142936706543,37.61677700042725,43.040618786230155,41.38968302575605,43.17042834624981,0.037947134423346754
2020-10-05,42.42954635620117,43.453707075806605,42.03938811976829,42.91724229132992,51930,ONMOBILE.NS,43.31166725158691,37.920027046203614,42.946607643148766,41.46670993912236,36.51990253785436,0.036947944670615955
2020-10-06,42.38077545166016,43.40493612160043,42.03938608113039,42.52708199260904,67630,ONMOBILE.NS,43.51681480407715,38.1854415512085,42.8595565367659,41.534418495606644,41.873821953361706,0.035702218195863014
2020-10-07,41.45415496826172,43.74632440170629,41.21030699786018,42.38077799995252,96635,ONMOBILE.NS,43.58111801147461,38.46162269592285,42.64334091084218,41.52847304913665,31.619353978088796,0.03465422647663345
2020-10-08,41.063995361328125,42.86847251476986,40.96645766474192,42.86847251476986,87463,ONMOBILE.NS,43.58574523925781,38.72527503967285,42.4003646724554,41.49406729448417,33.21556303654441,0.03448035220178454
2020-10-09,39.69844818115234,41.69800068627059,39.308289961255085,40.966456814581626,128418,ONMOBILE.NS,43.4275821685791,38.97012260437012,41.98468521225493,41.361058471274404,29.08497366891386,0.033528081864624526
2020-10-12,40.527530670166016,40.96645774733813,39.99106589621104,40.23491385899281,96990,ONMOBILE.NS,43.20454578399658,39.227771263122555,41.76050759039509,41.2993156711923,37.99282350239886,0.03170804341515111
2020-10-13,42.67339324951172,42.9172412109375,40.03983452194836,40.96645751953125,235750,ONMOBILE.NS,42.97774963378906,39.50754428863525,41.90095153795149,41.40109919551226,53.76344297040584,0.032037775375352136
2020-10-14,41.64923095703125,43.89263137187321,41.161535052899325,42.722160457791695,187461,ONMOBILE.NS,42.81552391052246,39.71012626647949,41.862225294732994,41.41947932599515,53.763427897618136,0.03066695383011999
2020-10-15,40.82014846801758,42.9172424869603,40.08860456198985,41.45415467490483,119867,ONMOBILE.NS,42.517330932617185,39.876278762817385,41.70190578293062,41.375084447626435,43.41086281895343,0.028919872096248425
2020-10-16,40.28368377685547,41.941850711958296,40.08860465728606,41.941850711958296,85491,ONMOBILE.NS,42.24665985107422,39.973103790283204,41.483717781995985,41.29423995349526,35.91836135266689,0.02869791952257259
2020-10-19,39.844757080078125,41.74677200315117,39.50337140809119,41.74677200315117,81692,ONMOBILE.NS,41.941849899291995,40.060205154418945,41.23156998170093,41.18687085176065,35.05976567405716,0.028592921441474413
2020-10-20,40.13737869262695,40.868922627091656,39.50337246109426,40.868922627091656,65804,ONMOBILE.NS,41.75896396636963,40.16828109741211,41.063232860304936,41.109130691824824,30.04294309234581,0.027129943829854963
2020-10-21,39.89352798461914,41.25907433634944,39.69844887127921,40.47876160381432,55714,ONMOBILE.NS,41.67117881774902,40.23745536804199,40.88327826404558,41.019086046846624,33.17536370764003,0.02499719024729256
2020-10-22,40.42999267578125,40.62507178873563,39.60090737593127,40.576299219878585,41911,ONMOBILE.NS,41.661424827575686,40.30696250915528,40.813542019697216,40.97544950084178,40.500005279762924,0.02462075806937767
2020-10-23,40.08860397338867,40.96645813606274,39.991066275680296,39.991066275680296,33837,ONMOBILE.NS,41.54193935394287,40.398940811157225,40.7020130894959,40.90975723954896,38.23529411764708,0.022202899656398656
2020-10-26,40.62507247924805,41.94185000262861,40.1861453978463,40.96645814210237,44560,ONMOBILE.NS,41.39075355529785,40.521496276855466,40.6901760725347,40.88866947952667,41.58880434691229,0.021399488531538405
2020-10-27,42.18569564819336,43.843862464079145,39.99106408268041,41.405382946842536,263350,ONMOBILE.NS,41.32491455078125,40.64123954772949,40.92025600725142,40.984745492020494,53.303947908407615,0.023350173108272653
2020-10-28,41.4053840637207,42.86847181352832,40.67384018881689,42.77093039771308,99584,ONMOBILE.NS,41.161536407470706,40.710406646728515,40.994891092862076,41.01590390473903,51.489368075769,0.022662735826823915
2020-10-29,43.69755172729492,45.30694967941729,40.62506980164005,40.96645544199357,693349,ONMOBILE.NS,41.178605461120604,40.826362228393556,41.410685036620976,41.21454448418761,66.14171821970419,0.025336184123303393
2020-10-30,46.33111190795898,47.013886932872765,44.1364802912662,44.1364802912662,519147,ONMOBILE.NS,41.38099918365479,41.00822082519531,42.16767378605759,41.59354947854105,70.44672846753625,0.0278503320680286
2020-11-02,46.5749626159668,48.86713206266353,45.794649850335446,48.47697754026024,883215,ONMOBILE.NS,41.588269996643064,41.18172462463379,42.84571822142824,41.962543044276295,65.87301562667321,0.02784819632440738
2020-11-03,41.99061965942383,45.5508015071753,41.94185080962409,45.35572238715164,728064,ONMOBILE.NS,41.56876220703125,41.264486694335936,42.71416459650448,41.96462279354648,51.07692752011726,0.03622160980585529
2020-11-04,41.99061965942383,43.60001774858814,41.6980028398007,42.86847383911795,175805,ONMOBILE.NS,41.59558544158936,41.35764526367188,42.60284999079976,41.96654848731517,53.89610521536053,0.035849639081018
2020-11-05,42.38077545166016,42.81970251615585,41.746769278408095,41.99061723414742,189821,ONMOBILE.NS,41.661424446105954,41.45293609619141,42.568684677085976,41.997231966155546,57.04917418976942,0.03580043936021231
2020-11-06,41.502925872802734,42.575859228180526,41.06399876018568,41.941852985419786,204210,ONMOBILE.NS,41.751648330688475,41.541066360473636,42.404721784119324,41.96061669998126,55.414020037450335,0.03525245351535648
2020-11-09,41.4053840637207,42.72216155021774,41.01522584210885,41.94184882781858,123948,ONMOBILE.NS,41.795541000366214,41.62630065917969,42.250977519442614,41.91948835655455,54.19353438748661,0.035007982847811175
2020-11-10,40.72261047363281,41.89308145895606,40.42999365750817,41.79554003969805,242105,ONMOBILE.NS,41.698001861572266,41.73473968505859,42.015844127779566,41.83083073559738,52.664575111474,0.033042175537784116
2020-11-11,40.67384338378906,41.50292501880877,40.52753310898566,40.67384338378906,92061,ONMOBILE.NS,41.64923248291016,41.87717315673828,41.80938247485795,41.745127968796766,50.80907074572112,0.032626951361379546
2020-11-12,40.67384338378906,40.91769136124484,40.47876425765947,40.868922509918654,56909,ONMOBILE.NS,41.64191722869873,42.0129907989502,41.63468415315504,41.66577355509249,51.98677014684152,0.032311300766156584
2020-11-13,40.1861457824707,40.9664585341952,39.50337072940251,40.7713794160579,157388,ONMOBILE.NS,41.637040328979495,42.12015174865723,41.41183209612669,41.55617149786125,48.50498157570592,0.032287050175969265
2020-11-14,40.1861457824707,40.9664585341952,39.698449847539806,40.28368348112701,105030,ONMOBILE.NS,41.65410976409912,42.194233169555666,41.22326497094885,41.45468811153603,42.379194154702205,0.03217843836470017
2020-11-17,40.1861457824707,40.868920835538894,39.84475639552426,40.7713794160579,179875,ONMOBILE.NS,41.65654811859131,42.23239959716797,41.063708172721434,41.36072201308675,45.05929476973076,0.03214326639186859
2020-11-18,41.698001861572266,42.33200805656931,39.84475584606142,40.18614522830008,438014,ONMOBILE.NS,41.746771812438965,42.26299781799317,41.16129181716002,41.385705705567155,41.35022726342624,0.03313804756098548
2020-11-19,41.16153717041016,42.33200814470528,40.9176892057997,41.35661628626345,233005,ONMOBILE.NS,41.78334903717041,42.26679954528809,41.16132956381389,41.36910062888886,22.680420268661436,0.033213103976481244
2020-11-20,41.063995361328125,42.13692862789947,40.86891996815572,41.21030562703205,130783,ONMOBILE.NS,41.832118606567384,42.230845260620114,41.14635507112377,41.34650023869917,20.41882672657711,0.03314575433700002
2020-11-23,41.45415496826172,41.9418509090648,40.91769017754328,41.89308205914944,93261,ONMOBILE.NS,41.873572731018065,42.160163192749025,41.19370890145269,41.35447466311121,44.76191327551107,0.033085285328241294
2020-11-24,45.59956741333008,45.59956741333008,41.502921040587935,41.502921040587935,618968,ONMOBILE.NS,42.044266319274904,42.12796821594238,41.87153328789536,41.66892597794224,69.47367814369528,0.03902962623146187
2020-11-25,50.1351432800293,50.1351432800293,47.01388857217879,48.184359552725816,2343543,ONMOBILE.NS,42.48075428009033,42.2327961730957,43.142857902069814,42.29605318550424,78.90909587371905,0.04395475590983703
2020-11-26,55.10963821411133,55.10963821411133,46.57495972962506,50.72037499351839,1311100,ONMOBILE.NS,43.05135860443115,42.39930877685547,44.98390102699928,43.24520763206773,88.85792336392072,0.04727845734403097
2020-11-27,57.84073638916016,57.84073638916016,55.59733586171214,56.57272771893516,343706,ONMOBILE.NS,43.626839828491214,42.642181396484375,46.96187569810095,44.326357910370874,90.79903023884374,0.046769353825574005
2020-12-01,60.230445861816406,60.718141779725855,57.10919124303105,59.40136428970018,1779384,ONMOBILE.NS,44.30961399078369,42.92797119140625,49.003194184826405,45.50443849936684,94.6428527779708,0.047181853617181115
2020-12-02,57.25550079345703,61.4496848910631,57.25550079345703,61.4496848910631,870193,ONMOBILE.NS,45.072858047485354,43.197179260253904,50.272779816923425,46.37488755818834,83.4645550476811,0.04202542315051612
2020-12-03,59.25505447387695,60.084136052259794,54.42686410591465,55.74364532671779,850934,ONMOBILE.NS,45.936079788208005,43.54929573059082,51.65466822568551,47.3289739963875,84.69944265218855,0.042032349172435556
2020-12-04,56.328880310058594,60.37675804577796,56.328880310058594,59.547672726468434,524690,ONMOBILE.NS,46.63348503112793,43.86337188720703,52.37377777712753,47.995633723326094,77.62938121383769,0.04465116506855419
2020-12-07,56.08503341674805,59.108746773495,53.54901600275543,53.54901600275543,1094444,ONMOBILE.NS,47.3625904083252,44.135506286621094,52.944740183223,48.59484851543143,76.98675668213602,0.04410370132459541
2020-12-08,53.35393524169922,58.03581540408209,53.30516639308761,56.37764850551481,663215,ONMOBILE.NS,47.96001796722412,44.32960922241211,53.007693269142415,48.94737345811793,70.45454464650037,0.04628557445052215
2020-12-09,55.69487380981445,55.98749434495831,53.353935574436285,55.06087133226033,980324,ONMOBILE.NS,48.708631134033205,44.57345718383789,53.42110566001504,49.44718829898434,71.19645365127971,0.04617830476742184
2020-12-10,55.69487380981445,56.96288620657205,52.91500849254518,55.49979841415144,409023,ONMOBILE.NS,49.459682655334475,44.79389572143555,53.77091614459956,49.90997981830508,72.37236923343613,0.046154560908003024
2020-12-11,58.23089599609375,58.47474396616045,56.1825708150386,56.57272905547522,952817,ONMOBILE.NS,50.337535285949706,45.091390228271486,54.457066890983285,50.526343979622766,74.58101071313007,0.046403435688496815
2020-12-14,57.0604248046875,60.27921725463313,56.3288808969351,59.889062736326686,301496,ONMOBILE.NS,51.18124923706055,45.386933975219726,54.857583493091624,51.0103499666646,71.85792437313856,0.0467237491051436
2020-12-15,56.475189208984375,57.88950440494903,55.54856621378971,57.88950440494903,151366,ONMOBILE.NS,51.99570140838623,45.66784683227539,55.10644591092127,51.4151528735031,66.91957794155053,0.04699522210583568
2020-12-16,55.45102691650391,57.84073776782528,54.7194830061499,57.06042500761262,232317,ONMOBILE.NS,52.75894546508789,45.92925186157227,55.1594583733186,51.714106506317975,59.284494175766774,0.04753630932704096
2020-12-17,54.18301773071289,56.18257032360464,53.84163206393553,56.18257032360464,244243,ONMOBILE.NS,53.38319625854492,46.183829116821286,55.00923673599465,51.896988819236114,48.14090397002278,0.04809460222436866
2020-12-18,56.8653450012207,56.8653450012207,54.18301737172138,55.402257203311976,366784,ONMOBILE.NS,54.16838665008545,46.49985610961914,55.29479185372173,52.265015203086826,48.03921673881451,0.04826564750147299
2020-12-21,54.03670883178711,58.96243682560883,54.03670883178711,57.938276149004245,487838,ONMOBILE.NS,54.8170223236084,46.78662132263184,55.10124061957794,52.39625176817574,37.76493590206348,0.050400496572129104
2020-12-22,52.23223114013672,54.329325038387125,51.35438073592047,52.76869589618406,496543,ONMOBILE.NS,55.35592613220215,47.02071533203125,54.65985454581775,52.384102092024705,39.59595828712632,0.0515464442818114
2020-12-23,54.280555725097656,54.81702047653424,52.28099953755984,53.9391663590384,228528,ONMOBILE.NS,55.789975547790526,47.25285858154297,54.60150088109158,52.52458013891899,39.717743874928225,0.047793202017452616
2020-12-24,54.719482421875,56.57272846331343,54.378096755684886,55.25595092706618,361969,ONMOBILE.NS,56.01919250488281,47.51426361083984,54.619651887365954,52.68716549321203,46.29213309348598,0.04288791017212569
2020-12-28,57.45058441162109,57.45058441162109,54.62194641263676,54.62194641263676,390461,ONMOBILE.NS,56.1362398147583,47.846872329711914,55.05517996802059,53.040011339020104,52.8225840153422,0.03838182579946545
2020-12-29,60.27921676635742,60.27921676635742,56.42641813923839,58.66982241483344,743339,ONMOBILE.NS,56.25816383361816,48.24678298950195,55.85887793699548,53.57624877808213,64.25702174151033,0.03836125809244919
2020-12-30,63.2541618347168,63.2541618347168,60.47429646921965,60.47429646921965,737094,ONMOBILE.NS,56.409349632263186,48.71497108459473,56.996613921260305,54.293131226721734,65.16633649483956,0.038825649763344385
2020-12-31,66.37541198730469,66.37541198730469,66.37541198730469,66.37541198730469,319256,ONMOBILE.NS,56.86534519195557,49.23973175048828,58.43950593142098,55.188114986764916,69.04346908162623,0.03806057378678586
2021-01-01,65.25371551513672,69.69174391744126,64.66848190008712,69.69174391744126,2032318,ONMOBILE.NS,57.16527824401855,49.74693550109863,59.48784586737725,55.93371502590357,63.186810195715964,0.03790233663713216
2021-01-04,63.693092346191406,68.47250657527164,62.91277587036433,66.71680566713485,893903,ONMOBILE.NS,57.5334888458252,50.21219749450684,60.13480686411789,56.50848371629526,62.274376233463585,0.036357344099589996
2021-01-05,65.93649291992188,66.22911347531667,61.93738749887562,63.40047539254985,527308,ONMOBILE.NS,58.026061820983884,50.7291552734375,61.027373949626195,57.206854768415745,66.4966073268119,0.03679395083958313
2021-01-06,62.66892623901367,66.3266456693063,62.66892623901367,65.93648744174524,427975,ONMOBILE.NS,58.49181137084961,51.170032348632816,61.279920455685804,57.6114526551267,61.671925049142715,0.03686512024909436
2021-01-07,60.52306365966797,62.66892647778024,59.547671807873726,62.66892647778024,903991,ONMOBILE.NS,58.73322086334228,51.536779708862305,61.163480948606136,57.82712754435198,59.969324325378096,0.037082034141209995
2021-01-08,59.498905181884766,61.69353693039691,59.05997808801738,61.69353693039691,372850,ONMOBILE.NS,58.9234224319458,51.89865013122559,60.90739236911054,57.950962924909966,54.368936462556995,0.03738945317953012
2021-01-11,60.13290786743164,62.473849750081726,59.25505373123172,60.47429351994019,1064362,ONMOBILE.NS,59.01852302551269,52.22735725402832,60.78824090731378,58.11258847620787,60.9075071741505,0.03614128978128846
2021-01-12,58.13335418701172,60.52306502185765,57.15796231326438,60.47429617233523,515416,ONMOBILE.NS,59.07216949462891,52.463402099609375,60.37979679649807,58.11412667700815,60.4852764309023,0.036684443486107304
2021-01-13,56.475189208984375,59.6939815473438,55.304718252992416,58.52351059135185,325859,ONMOBILE.NS,59.07216949462891,52.661406631469724,59.77908793688058,57.99272390159898,53.95431087312801,0.03721784487805305
2021-01-14,57.0604248046875,58.42597492082188,55.59733698918269,56.52396001650069,190866,ONMOBILE.NS,59.152639389038086,52.962802734375,59.360832070389336,57.92366470923517,54.19580955089828,0.03700556746682666
2021-01-15,56.81657409667969,58.52350979915504,55.35348635170081,58.52350979915504,318182,ONMOBILE.NS,59.28431720733643,53.25932182312012,58.969407766741696,57.84165799719402,48.752387475262005,0.036576947907396185
2021-01-18,54.719482421875,56.86534528016562,54.1342487881706,55.79241571143266,231010,ONMOBILE.NS,59.17702407836914,53.50609596252441,58.31557309830067,57.610385732355574,38.73517108352979,0.035892954910155025
2021-01-19,55.10963821411133,56.18256773525979,54.52440460636208,56.18256773525979,152336,ONMOBILE.NS,59.23067054748535,53.77823020935059,57.82235234688693,57.42514517544859,31.567314967626388,0.03406017143275303
2021-01-20,54.96332931518555,56.28011054652231,54.62194365566748,55.10963958116451,125555,ONMOBILE.NS,59.36722545623779,54.049389114379885,57.382502649702104,57.242788445058736,20.15305343640921,0.03308071120518448
2021-01-21,54.52440643310547,55.88995280387876,54.13424820098472,55.15840890927085,162369,ONMOBILE.NS,59.379417991638185,54.32542503356934,56.94279553945647,57.04142681454368,20.899462359583808,0.03203328996430745
2021-01-22,52.67116165161133,55.10964135770445,52.1346968604358,54.76825568718131,281039,ONMOBILE.NS,59.277001953125,54.565371398925784,56.2856210951726,56.717703469141284,20.57290367051806,0.03289334696386233
2021-01-25,50.18391036987305,53.8416297303474,50.037600107124256,53.8416297303474,319282,ONMOBILE.NS,58.9136682510376,54.75557273864746,55.34689636820344,56.23371879512141,8.483277772538628,0.03208006280040289
2021-01-27,52.57362365722656,52.67116135659407,50.330219363526666,50.72037760264614,224128,ONMOBILE.NS,58.528388595581056,55.00332229614258,54.92023902805315,55.96260063675883,22.102432013446048,0.03193458334540369
2021-01-28,55.15840911865234,55.15840911865234,51.11053511895101,51.64699989953496,173485,ONMOBILE.NS,58.12360095977783,55.30276756286621,54.95688058045303,55.90303089467687,35.52631362274829,0.03191738110842195
2021-01-29,55.54856872558594,57.88950702259785,54.719483388890765,56.47519176268065,477647,ONMOBILE.NS,57.582258796691896,55.61001602172851,55.04790952585809,55.87677443770717,38.964579689252,0.029330487666937074
2021-02-01,54.18301773071289,55.98749492591742,53.64655294542359,55.98749492591742,192956,ONMOBILE.NS,57.028723907470706,55.85971633911133,54.91484924968191,55.75131097792982,34.03141854398474,0.029496756069638443
2021-02-02,56.8653450012207,56.8653450012207,55.402257203311976,55.402257203311976,464782,ONMOBILE.NS,56.68733654022217,56.17379249572754,55.21492551914942,55.83383201669211,46.717173063913215,0.031985549403407726
2021-02-03,59.6939811706543,59.6939811706543,58.03581430353135,58.57227906973521,609718,ONMOBILE.NS,56.37521095275879,56.54639221191406,55.90401100399632,56.11976899105967,57.85713793521514,0.03309615157278363
2021-02-04,62.66892623901367,62.66892623901367,62.66892623901367,62.66892623901367,288722,ONMOBILE.NS,56.37521095275879,56.9706876373291,56.944767193998985,56.60489175016737,62.26012153091934,0.03342617035347368
2021-02-05,66.91188049316406,70.22821432460005,63.98570489630573,67.20450102950964,2890485,ONMOBILE.NS,56.6946517944336,57.39693389892578,58.47816924002438,57.36837239779675,68.78402906387619,0.03555074168516664
2021-02-08,64.27832794189453,68.9602046146454,62.71770238431091,68.27743325871809,853300,ONMOBILE.NS,56.93362293243408,57.679797592163084,59.370501348004396,57.88022095661881,67.43773396041962,0.03663704656993598
2021-02-09,62.52261352539063,66.18033281246475,61.15706722404431,63.4004676426182,499212,ONMOBILE.NS,57.05310821533203,57.82805709838867,59.85544168298689,58.224101887638945,62.88134786540385,0.037279539653084934
2021-02-10,60.76691055297852,62.91277333331864,60.42552489918956,62.42507741600609,254299,ONMOBILE.NS,57.184786033630374,57.88658058166504,59.9956676629856,58.412458085071506,59.55055982278118,0.03703489782667397
2021-02-11,69.88682556152344,72.9105387225572,60.71814094286537,61.44968480964688,5013422,ONMOBILE.NS,57.85536785125733,58.07970817565918,61.51738426276066,59.262411231475355,69.66291333870808,0.04874922095705153
2021-02-12,67.35081481933594,70.61837625168614,66.37542290271499,69.20405350759592,1613173,ONMOBILE.NS,58.369887351989746,58.281614456176754,62.414835117618395,59.861552237983545,68.4662644398793,0.049923124972685966
2021-02-15,77.05595397949219,80.81121100788447,67.39957344816273,69.20404683150457,5336526,ONMOBILE.NS,59.38185634613037,58.63763244628906,64.66731494252205,61.135211626243446,78.60851954425823,0.05812520704341901
2021-02-16,92.46715545654295,92.46715545654295,77.93381460164913,77.93381460164913,7166531,ONMOBILE.NS,61.26923999786377,59.36039794921875,68.94421348314066,63.45609635441377,83.25203880719303,0.06959518942091988
2021-02-17,101.68460083007812,101.68460083007812,93.97900369131548,95.0519332429193,4876711,ONMOBILE.NS,63.59798812866211,60.272389297485354,73.98119615190026,66.2878374266852,84.91947760853027,0.07114365461924822
2021-02-18,93.49130249023438,111.09712744720775,92.1745250492886,107.0004774244723,7584405,ONMOBILE.NS,65.52438678741456,61.07513664245605,76.98275097318243,68.30290891287403,75.49147630699156,0.07523518636676467
2021-02-19,102.65998840332033,102.80629866372136,89.78481943771075,91.63805793062728,5952511,ONMOBILE.NS,67.9311658859253,62.01443893432617,80.93309519320366,70.8478777640182,79.47805348836918,0.07618883163847677
2021-02-22,112.901611328125,112.901611328125,106.6103366109066,108.17096214741468,4919062,ONMOBILE.NS,70.94268836975098,63.158573684692385,85.85132844473002,73.96296913913721,81.20586731625485,0.07570540517847442
2021-02-23,123.77722930908205,124.16738754389182,113.19422904914428,120.94859140877278,6256125,ONMOBILE.NS,74.62235431671142,64.46950035095215,91.6860824238611,77.6529143369109,82.75174538771532,0.0736329961317195
2021-02-24,117.82733917236328,129.9221922325101,117.63225633618876,125.77677684483014,5619173,ONMOBILE.NS,77.88504009246826,65.68483863830566,95.70781423132297,80.62879765805552,77.35849149422998,0.07674469639576866
2021-02-25,111.97499084472656,117.82734212702972,111.97499084472656,116.07163376567898,1119835,ONMOBILE.NS,80.72586917877197,66.79483467102051,98.21045678723121,82.95073789410523,72.00000312875054,0.07951569575952759
2021-02-26,106.41525268554688,111.6823703291374,106.41525268554688,106.41525268554688,866055,ONMOBILE.NS,83.26920337677002,67.81411918640137,99.47273307927976,84.68885010087868,69.9999963787613,0.08169244008992005
2021-03-01,103.00138092041016,109.68281380234416,101.5382931021042,104.36693103915894,2298413,ONMOBILE.NS,85.71012153625489,68.79048645019532,100.01560197791521,86.04533386528841,68.91522554954206,0.0820019965862116
2021-03-02,98.31950378417967,105.97632849961003,97.88057297629932,105.63494283235823,1790607,ONMOBILE.NS,87.78282947540283,69.6195696258545,99.75466379426358,86.95453163705814,67.08074838075186,0.08388720968947809
2021-03-03,102.318603515625,103.19645764289253,97.73425749173866,99.00226983575274,1636426,ONMOBILE.NS,89.91406059265137,70.58520751953125,100.14911605908841,88.0926110354705,65.47231324895654,0.08380468859527541
2021-03-04,100.1239776611328,102.12352654396824,97.53918769878511,101.83091344586155,1141052,ONMOBILE.NS,91.78681316375733,71.54304244995117,100.1452486132491,88.98382337811215,65.68627365058748,0.08445174102090905
2021-03-05,95.2957763671875,101.83090592535775,95.14947354976375,101.44074771504702,1201662,ONMOBILE.NS,93.2060079574585,72.36334686279297,99.39917596000885,89.45137545137699,59.15768440626068,0.08547730132027088
2021-03-08,100.02643585205078,100.02643585205078,96.2711713266178,97.05148777280758,1184666,ONMOBILE.NS,94.99341335296631,73.26948593139649,99.49567748186145,90.23471325883432,54.25122987508342,0.08447361827853142
2021-03-09,96.90518188476562,102.80630574121632,95.34455636356404,102.80630574121632,896491,ONMOBILE.NS,96.71254177093506,74.05857788085937,99.09713969769285,90.72882204594035,47.11425353707182,0.08460617867247094
2021-03-10,99.63628387451172,101.34321969610563,96.07610195828592,97.34411440241551,711639,ONMOBILE.NS,98.65601043701172,74.84571922302246,99.18008495566498,91.38863403324194,53.97226440302479,0.0836651910103266
2021-03-12,104.61077117919922,104.61077117919922,102.611215000513,103.39153142186588,1606409,ONMOBILE.NS,100.3922077178955,75.67285140991211,100.01557514390102,92.36805159960916,51.333332568527695,0.07884418544284251
2021-03-15,109.82911682128906,109.82911682128906,105.53739134927966,109.82911682128906,1772290,ONMOBILE.NS,102.51612281799316,76.5419255065918,101.5253507865761,93.66146383825212,47.745160682735055,0.07777031994623142
2021-03-16,109.1951141357422,114.90116238568996,107.29310301352574,112.85283355665784,1917454,ONMOBILE.NS,104.12308082580566,77.4207534790039,102.7053143787555,94.81210460102916,37.405216579004986,0.07301881872851534
2021-03-17,103.7816925048828,111.09713125135036,103.7816925048828,110.6094353349192,819797,ONMOBILE.NS,104.68880767822266,78.22252548217773,102.87091101354432,95.47651851983314,37.75509728991908,0.060970079387209865
2021-03-18,98.61211395263672,108.07341930563194,98.61211395263672,105.73247739140378,716624,ONMOBILE.NS,104.53518333435059,78.87603790283202,102.21571146571237,95.70878484818896,38.20997497941878,0.058176463467821675
2021-03-19,95.8322525024414,97.24656775609752,93.6863933365529,95.34455656095317,1459730,ONMOBILE.NS,104.65223083496093,79.53930442810059,101.23364085597838,95.7179306003558,40.180994719205906,0.05547197071320774
2021-03-22,100.6116714477539,100.6116714477539,95.97856013115415,97.14902738184595,732800,ONMOBILE.NS,104.54981498718261,80.3410765838623,101.13795325471308,96.08042992238529,47.837599306096536,0.052050617404765756
2021-03-23,97.68549346923828,103.09891367218732,96.85641190031626,103.09891367218732,542728,ONMOBILE.NS,103.78900909423828,81.10480834960937,100.60680559540927,96.19932351844848,49.407469614822816,0.04679479526270021
2021-03-24,94.32038879394533,99.00227264443028,93.63761747650548,97.24656434008612,378994,ONMOBILE.NS,102.31616706848145,81.78855796813964,99.63966454903021,96.06014316848528,42.435423342440586,0.04041867056484436
2021-03-25,89.63851165771484,96.02732374995573,89.63851165771484,95.53962782955644,668296,ONMOBILE.NS,100.90672569274902,82.41866111755371,98.101025642674,95.58446676028007,40.528631993222064,0.040492322092403256
2021-03-26,93.83269500732422,94.07654297505806,86.37095314798805,87.78526838418459,1348976,ONMOBILE.NS,99.9996109008789,83.16581123352051,97.44435939108172,95.45470588969076,48.663107270846524,0.04159962059065552
2021-03-30,90.12620544433594,96.80763790729014,89.15081362663025,96.12486661155576,652311,ONMOBILE.NS,99.18515853881836,83.82712684631348,96.31848955312083,95.0600021529978,40.78110234072388,0.041123659903770475
2021-03-31,85.98079681396484,91.49176249503256,85.63941113991277,91.24791452190256,516125,ONMOBILE.NS,98.3341293334961,84.41041130065918,94.72807528555836,94.38746842418054,40.017824404794695,0.04167589548766452
2021-04-01,90.27251434326172,90.27251434326172,90.27251434326172,90.27251434326172,157234,ONMOBILE.NS,97.9317798614502,85.12147193908692,94.04260437135888,94.08265701077914,41.681097156441155,0.0426302542573172
2021-04-05,94.7593231201172,94.7593231201172,92.56469137877367,94.7593231201172,808835,ONMOBILE.NS,97.5538158416748,85.91446563720703,94.15286879424477,94.13278042628566,41.17133456432205,0.04316597072896025
2021-04-06,99.48997497558594,99.48997497558594,95.68594503230712,99.48997497558594,917087,ONMOBILE.NS,97.52211570739746,86.80499855041504,94.97396205291264,94.52960965215976,40.65256539683687,0.04448606097813784
2021-04-07,104.46446228027344,104.46446228027344,101.97721760791514,103.39153276817872,475323,ONMOBILE.NS,97.98055000305176,87.8037996673584,96.43403901096815,95.26552466164966,46.0343390108795,0.04423124968687694
2021-04-08,113.7306900024414,120.94859129378764,109.24388891051784,111.19467264106282,3901584,ONMOBILE.NS,98.66576271057129,89.024990234375,99.09506224042558,96.6333146868935,57.83410384642974,0.0470537616762037
2021-04-09,108.9512710571289,113.04792145714023,108.26849971128512,112.17006726844856,804929,ONMOBILE.NS,99.26806716918945,90.20033744812012,100.61140205837994,97.54575589950352,58.191658999935925,0.04758121892182803
2021-04-12,98.70965576171876,106.17140516851305,96.56379659189209,105.34232355479136,992119,ONMOBILE.NS,99.2217357635498,91.12305809020997,100.31882570504744,97.63197070411205,52.038699213606684,0.052318704167318764
2021-04-13,101.73336791992188,106.1226310286916,98.319496613101,102.1235186873823,561522,ONMOBILE.NS,99.07786560058594,92.05455726623535,100.5364475842589,97.93577790528315,50.815021952813076,0.05153789373408887
2021-04-15,98.31950378417967,104.2206201513874,96.56379543595706,104.2206201513874,412976,ONMOBILE.NS,98.50238494873047,92.90997596740722,100.19537930732362,97.96420204446066,50.45742855585872,0.05064565095796971
2021-04-16,98.12442016601562,102.31860816368616,97.53918653513468,98.31950300407551,492800,ONMOBILE.NS,97.94885025024413,93.78880401611327,99.87677020866084,97.97607005346472,52.87610951276615,0.05064695011020967
2021-04-19,92.90606689453124,95.83224222979209,91.88190255053048,94.66177507234724,521845,ONMOBILE.NS,97.40506896972656,94.5096184539795,98.80435431417936,97.60051426391409,52.45061660085112,0.05082338608547448
2021-04-20,96.75887298583984,100.7092131363719,95.05193716996914,95.49086798761137,610490,ONMOBILE.NS,97.31240692138672,95.2509162902832,98.4896648790502,97.53817046553822,52.20588421368171,0.050618869133647264
2021-04-22,102.26983642578124,109.24388980811108,96.7101057247068,99.29489567724644,1508736,ONMOBILE.NS,97.63428611755371,96.04293449401855,99.07122973239343,97.88866424037103,58.911956239595554,0.05166894273415903
2021-04-23,98.95349884033205,104.70831216424835,98.0268795722786,103.78169289619494,659614,ONMOBILE.NS,97.55137748718262,96.68376686096191,99.0531172874609,97.96754087740517,59.63767259988026,0.05114206339463193
2021-04-26,97.73426055908205,102.02598619468996,96.6125658829992,100.9042840769579,495011,ONMOBILE.NS,97.5538158416748,97.35288551330567,98.8502162523257,97.95026085382568,55.80865354713996,0.05076922482280985
2021-04-27,99.29489135742188,102.41614223948956,97.73425847473897,99.19734622101736,506756,ONMOBILE.NS,97.80254096984864,98.08833106994629,98.91862780695587,98.04986311335132,53.69928008882961,0.050151283398268166
2021-04-28,99.19734954833984,102.172297708886,98.0268822887164,100.41658937780149,511657,ONMOBILE.NS,98.28048286437988,98.85693984985352,98.9615080748611,98.13486210853566,49.74181755861391,0.04857958179528116
2021-04-29,102.8062973022461,104.80584602908344,97.58795265580878,100.4653554917778,2006966,ONMOBILE.NS,98.72916297912597,99.51532928466797,99.55301410984342,98.48089434510679,48.500883512994996,0.04817598554326572
2021-04-30,103.44031524658205,111.7799116293794,100.75798748852182,103.39154267432104,3420314,ONMOBILE.NS,99.39486846923828,100.23711929321288,100.15106043857243,98.84825885632719,38.975983831203216,0.04698929143891416
2021-05-03,106.75662994384766,109.04880663598075,104.0743024835334,104.0743024835334,1048210,ONMOBILE.NS,100.43366012573242,100.8311328125,101.16730190092247,99.43406412206946,47.57280586733359,0.04548900335470677
2021-05-04,101.24567413330078,108.7561881884922,100.07519948152938,108.56111280068816,641998,ONMOBILE.NS,100.98231811523438,101.00670318603515,101.17935916744221,99.56825745623475,53.13252914402483,0.04667018884326891
2021-05-05,101.3432159423828,103.68415789933373,100.6604371740454,102.22107010644557,283412,ONMOBILE.NS,101.31151275634765,100.99987548828125,101.20456790204847,99.6997358626161,49.48052597126343,0.0455712158404178
2021-05-06,101.53829193115234,106.02509303388508,100.07520412971888,102.41614610034227,683360,ONMOBILE.NS,101.41392860412597,101.16081527709962,101.25591006037214,99.83592520102619,54.687490625418754,0.04429112812062579
2021-05-07,99.53874206542967,102.95261356773928,99.09981126442888,102.65999303373874,588781,ONMOBILE.NS,101.16764259338379,101.0983903503418,100.99173036884252,99.81391163542645,51.95681987267126,0.04303609408021524
2021-05-10,99.63628387451172,101.29444712454313,98.90473995097148,100.70921347404084,386821,ONMOBILE.NS,100.46292228698731,100.83308380126954,100.78320013894547,99.80075402350684,60.84907690797812,0.037465755949433646
2021-05-11,99.0510482788086,101.78214107473488,96.7588714100774,98.36826949858992,565762,ONMOBILE.NS,99.9679111480713,100.33856018066406,100.51671523738595,99.74522026464031,54.13006146978721,0.03649133865371462
2021-05-12,98.0268783569336,101.1481292185047,97.58795501259202,99.24611813749247,378648,ONMOBILE.NS,99.93377227783203,99.94255096435546,100.13366340962405,99.61793567888427,40.880497162971494,0.029831583201203105
2021-05-14,100.31905364990234,103.83046293938123,98.27073218451044,98.75842812587275,733993,ONMOBILE.NS,99.86305656433106,99.70943222045898,100.16218498505148,99.66987034340411,53.07018898062436,0.029482775909246903
2021-05-17,99.29489135742188,101.97721889226564,98.56334748428269,101.09936475616878,415149,ONMOBILE.NS,99.91182594299316,99.56702499389648,100.02875519618539,99.64209412222024,53.539830819085196,0.0285433344080228
2021-05-18,103.73291778564452,105.83001167114446,99.48996488900217,100.17273618118868,1570610,ONMOBILE.NS,100.1922508239746,99.58165573120117,100.59862636379448,99.94511809728871,58.90409826605341,0.03015945125228356
2021-05-19,103.14768981933594,107.146794981212,102.41614591990802,103.34276521585696,937235,ONMOBILE.NS,100.70433197021484,99.6782194519043,100.99078997233931,100.18234563225518,57.773523368507284,0.027209895576098653
2021-05-20,103.14768981933594,105.4398592158802,102.41614591990802,103.83046114880892,402176,ONMOBILE.NS,101.02377281188964,99.69480117797852,101.32262071803109,100.40200075722413,50.78301052471697,0.025879525822807364
2021-05-21,114.2183837890625,117.04702163353612,103.48907347265502,104.07430709249286,6055554,ONMOBILE.NS,101.6212001800537,99.9766893005371,103.30658426742053,101.42543653736031,66.71709276801192,0.03286285636365886
2021-05-24,116.1691665649414,121.63135937634556,113.63314927125188,116.07162886934742,3470347,ONMOBILE.NS,102.48198356628419,100.3941571044922,105.28544308242374,102.5175646875515,65.24488043768915,0.031655422787000384
2021-05-25,122.50921630859376,125.24030905563748,116.26670690704483,116.26670690704483,4360338,ONMOBILE.NS,103.72073135375976,100.84381271362305,107.93525434798836,103.99842777059166,83.53846305655362,0.032849969604547016
2021-05-26,123.1919937133789,129.23942021073077,122.4116772562016,123.6796896387024,3462869,ONMOBILE.NS,104.91558647155762,101.36954895019531,110.2824450195869,105.42017339598331,83.83685975516818,0.03286373627002547
2021-05-27,122.85060119628906,125.24030826507376,119.14411661120155,124.16738615424111,2365046,ONMOBILE.NS,106.09824905395507,101.83383529663087,112.2160075083103,106.71131619600597,82.85713210311513,0.03290144447498432
2021-05-28,125.4354019165039,131.04390523523105,123.9723066525778,130.21481618262138,4884501,ONMOBILE.NS,107.22970428466797,102.25032791137696,114.24976049418623,108.09828550863544,89.21711735048156,0.03246052463089695
2021-05-31,116.80316925048828,125.82554349321912,114.16961434008049,125.82554349321912,2754716,ONMOBILE.NS,107.89784698486328,102.38980895996093,114.64259261054039,108.74309171173566,70.65724639331007,0.03699832691430074
2021-06-01,122.65552520751952,128.75172427349963,115.14501093489174,118.02241391737464,2748472,ONMOBILE.NS,108.69279174804687,102.65901718139648,115.8753514716141,109.77364234105299,75.20830617406268,0.03785847965772499
2021-06-02,122.85060119628906,124.99646030125292,120.7535146607491,122.80183606851446,1166655,ONMOBILE.NS,109.77303810119629,103.0403953552246,116.94846681387179,110.74230595995937,76.98831895120895,0.035255260393801044
2021-06-03,119.82688903808594,123.67969136696928,118.99780744178044,123.09445029508365,1045637,ONMOBILE.NS,110.69722175598145,103.4646908569336,117.39130100221243,111.4152380398206,70.87681562571801,0.03606608938919421
2021-06-04,120.16827392578124,124.21615162470472,119.09534437033932,120.70474242432688,1089924,ONMOBILE.NS,111.62872085571288,103.9514112854004,117.8185276058384,112.06361106841027,72.6694794476962,0.0360571179486737
2021-06-07,118.99781036376952,122.07029630001644,118.31503901867002,121.19244211228168,837695,ONMOBILE.NS,112.60167427062989,104.3191340637207,117.99995572244319,112.5772554606591,67.84493033805833,0.03570636375226959
2021-06-08,118.46133422851562,121.33874457868636,116.31547518910784,119.8268842725247,1108320,ONMOBILE.NS,113.54292678833008,104.73465087890625,118.07093703106972,113.01311314716699,67.92235061835633,0.0357967457945084
2021-06-09,115.9740982055664,119.87566579908152,114.6085480595062,119.38796984989212,692805,ONMOBILE.NS,114.38907928466797,105.16772506713868,117.74834644253075,113.2324453737151,64.18554393065722,0.03629010981893426
2021-06-10,117.97364044189452,119.87565900085824,116.31547728534592,116.85194577569062,626954,ONMOBILE.NS,115.38641738891602,105.73442764282227,117.78300705781747,113.58364500839505,55.19567666803821,0.036058650017707625
2021-06-11,116.559326171875,118.99780579890168,116.16916794322088,118.46133730429612,357989,ONMOBILE.NS,116.19843101501465,106.18896026611328,117.59474845998017,113.80406583531949,50.54794905109955,0.036229986385496654
2021-06-14,120.1195068359375,122.85059952866868,114.1208455190426,118.022412887215,1406423,ONMOBILE.NS,117.23966178894042,106.7888262939453,117.98317282551207,114.27187627980972,46.359585852100764,0.03628967355290503
2021-06-15,118.26626586914062,121.58259976122376,117.82734249824486,121.09490381949531,578815,ONMOBILE.NS,117.96632919311523,107.43453567504883,118.02672560145493,114.56775699013053,42.75466490163849,0.035766247658437784
2021-06-16,116.70564270019533,119.6805835398122,116.1204090466354,118.26626825690497,435746,ONMOBILE.NS,118.6442268371582,107.9631982421875,117.82348207818421,114.72611889457977,41.27425107144559,0.03594810303642802
2021-06-17,114.02330780029295,117.29086898215198,113.24299135015536,115.583933258919,582334,ONMOBILE.NS,119.18800773620606,108.34847793579101,117.23883988158555,114.67405881352148,33.83976038257195,0.03653921496557344
2021-06-18,110.9020538330078,116.07163377616926,105.58617106109516,114.90116649626265,754773,ONMOBILE.NS,119.02219123840332,108.57671951293945,116.26394972026588,114.39465103718713,40.09819984028505,0.02829394810770191
2021-06-21,112.07252502441406,112.95037917751742,106.65909728165109,107.39064116896236,385221,ONMOBILE.NS,118.81735916137696,108.72888076782226,115.6191151516733,114.22264170290765,28.93201642140373,0.02811041998952821
2021-06-22,111.4385223388672,114.1208500100434,111.19467436876025,113.14545812961568,311334,ONMOBILE.NS,118.26382446289062,108.68303741455078,114.97594702662622,114.01641063890466,27.6717411397741,0.024831062225078422
2021-06-23,109.39019775390624,113.09668232867764,109.00003952454892,113.09668232867764,284359,ONMOBILE.NS,117.573734664917,108.69181594848632,114.1166009846693,113.67372820297885,28.76982242459792,0.02490082810226679
2021-06-24,107.7320327758789,111.6823729621158,107.2931093959191,111.34098728418596,277588,ONMOBILE.NS,116.81780624389648,108.87226348876953,113.13435972177848,113.23360261578627,25.988687582177675,0.024979993581978173
2021-06-25,108.4635772705078,109.24389377412574,107.97588131615905,109.14635607158591,242196,ONMOBILE.NS,115.96921501159667,109.00686767578125,112.41577780619838,112.8802674050249,29.31032880972836,0.024356196788019546
2021-06-28,107.92710876464844,110.1217404083151,107.68326080424104,110.1217404083151,212555,ONMOBILE.NS,115.5254119873047,109.19901977539062,111.72521333826762,112.51336676499702,29.310337593712745,0.019526908513881336
2021-06-29,108.7074203491211,111.8774439095409,107.58572565798434,107.87833875241807,424075,ONMOBILE.NS,114.82800674438477,109.41067977905273,111.26093749378354,112.23144480826548,34.70223207889852,0.015168843348204128
2021-06-30,108.56111145019533,112.75529176899931,108.17095323779172,109.34142043335356,456301,ONMOBILE.NS,114.11353225708008,109.72378067016602,110.84557964092382,111.95956826322325,28.507798359322095,0.015106524072727189
2021-07-01,107.92710876464844,109.68280961459226,107.39064027509248,109.2438862625186,203095,ONMOBILE.NS,113.5185432434082,109.94714538574219,110.39658412149683,111.66086755962512,29.56120175816997,0.014462249173887979
2021-07-02,122.31414031982422,125.24030844830637,108.31726866435868,108.31726866435868,6568875,ONMOBILE.NS,113.62583656311035,110.34803146362304,112.23005430585488,112.44999887519542,53.43511723857917,0.03419732760946667
2021-07-05,140.16380310058594,146.7476979580766,122.94814324135557,123.33829402033204,17035301,ONMOBILE.NS,114.68413619995117,111.17223754882812,116.52755412042889,114.50287326226139,72.8382416738785,0.04688832223892797
2021-07-06,133.4823760986328,145.0407601991397,131.77544041902522,141.1391929314652,3690031,ONMOBILE.NS,115.43518829345703,111.88719985961914,119.1359882709218,115.90876236125187,65.80881951190332,0.04851688757374532
2021-07-07,142.06581115722656,145.7723030114699,133.140982050048,133.140982050048,4691164,ONMOBILE.NS,116.73977394104004,112.74261825561524,122.6636533303533,117.84632153132407,73.77998403534224,0.049659167512768214
2021-07-08,138.50564575195312,142.99245431413874,132.9946876313393,142.79736403320115,1851383,ONMOBILE.NS,117.76637420654296,113.5287841796875,125.10088293367635,119.37664184396326,73.23482985158977,0.05028948839890773
2021-07-09,139.2859649658203,142.16336806666766,137.28640861326568,139.04211699315022,1144289,ONMOBILE.NS,118.90270614624023,114.25837753295899,127.28320324631389,120.85140651965638,73.0578720965952,0.050052873016172394
2021-07-12,145.28460693359375,150.16156597724105,138.01794093521883,140.55396559123457,3637356,ONMOBILE.NS,120.16096115112305,115.09526336669921,130.05264996743387,122.66127321698508,76.28789080082569,0.05039970744793663
2021-07-13,144.65060424804688,150.60048518830078,143.87028784578314,146.60138781205748,1278028,ONMOBILE.NS,121.48017807006836,115.85314285278321,132.2984890875282,124.29011255261929,78.0015675272718,0.05015808530699775
2021-07-14,144.11415100097656,147.77187056952928,142.40721520231864,145.52846625749046,1568619,ONMOBILE.NS,122.85060348510743,116.71051239013671,134.1162832280587,125.75855984509019,79.41643802457676,0.049959271759014025
2021-07-15,140.7002716064453,145.2358376667827,139.9687277332749,144.74814175133574,1039689,ONMOBILE.NS,124.18445167541503,117.49765350341796,135.12920451704127,126.86535330889427,74.98112224108621,0.049985284171384585
2021-07-16,141.4805908203125,143.87029787617226,139.18841401947444,140.55397153946464,950309,ONMOBILE.NS,125.71337852478027,118.29649948120117,136.1063408713907,127.94796349492525,75.9036395789188,0.04916685107603744
2021-07-19,137.14010620117188,141.62689998200403,135.09177727117734,138.7007243010399,892560,ONMOBILE.NS,126.96675758361816,119.04852676391602,136.26538169135705,128.62886295464722,70.8065964666077,0.05014403018433335
2021-07-20,134.26268005371094,137.8716417476798,130.31235503097452,134.94546624443905,849237,ONMOBILE.NS,128.10796546936035,119.7410546875,135.95727374710378,129.04618273976305,68.08511323636276,0.05053181137238383
2021-07-22,140.74905395507812,142.7973680123105,134.65285458837602,135.04300539452527,1099788,ONMOBILE.NS,129.67590827941893,120.57501480102539,136.69447070217677,129.91306208904564,71.33799663475683,0.05072583634681493
2021-07-23,139.18841552734375,145.04076669079168,137.96917570162543,141.48059235301363,1041169,ONMOBILE.NS,131.24872741699218,121.39824554443359,137.07815452143325,130.60012530669735,63.16590584911013,0.0506114357844929
2021-07-26,136.2134552001953,139.72487153770794,135.3356085574658,139.18840308568556,375962,ONMOBILE.NS,132.63622131347657,122.11613357543945,136.94512385662742,131.01592752103053,45.9861144272899,0.051211939095026034
2021-07-27,137.18885803222656,141.43181854179997,133.62868372570065,136.89625238326167,625082,ONMOBILE.NS,134.09930877685548,122.87401290893554,136.98262142210422,131.47318163297098,54.260078990382254,0.051064600816860393
2021-07-28,133.4823760986328,137.72532157225004,131.9217432382438,137.28639823129626,583686,ONMOBILE.NS,135.33805656433105,123.4690020751953,136.44412214157015,131.62201085264962,38.88891522515135,0.051844805148728405
2021-07-29,133.92129516601562,136.31100206454855,132.8483582483245,134.21391567841297,374828,ONMOBILE.NS,136.60606575012207,124.0844741821289,136.05599491456175,131.79232820919526,43.543950730828904,0.051794599262321085
2021-07-30,134.99423217773438,139.48104084350237,133.14099353243407,133.8237648815816,783914,ONMOBILE.NS,137.95942192077638,124.72140502929688,135.89264680120368,132.0295062809389,44.005444190440954,0.051639333172770426
2021-08-02,136.1647186279297,139.6761206265215,133.62869367064147,133.62869367064147,668071,ONMOBILE.NS,138.65195083618164,125.16033172607422,135.93450400531538,132.33581830664193,35.27566690267737,0.04310148905978875
2021-08-03,138.2617950439453,142.30966527709768,134.7016207368739,136.8474798349703,1269073,ONMOBILE.NS,138.5568504333496,125.6021842956543,136.2925487804892,132.77477954644218,40.15040558412724,0.028105378664889928
2021-08-04,137.09132385253906,143.3338255733972,135.6770086842679,138.99333493285536,1037584,ONMOBILE.NS,138.73729782104493,125.8938264465332,136.41543725311226,133.094523569116,39.38054567504259,0.02591006248035685
2021-08-05,134.55531311035156,137.87165458615112,132.65330183279133,137.82288201322913,449660,ONMOBILE.NS,138.36177291870118,126.12109283447266,136.12926430807215,133.2027302018001,40.45457820724806,0.021634129939420096
2021-08-06,134.70162963867188,138.99334811848422,133.62869257706902,135.09178045200045,419768,ONMOBILE.NS,138.17157211303712,126.35811340332032,135.90962820508747,133.31375978971653,39.25815383752385,0.020978656989261695
2021-08-09,129.43450927734375,137.53026546958952,126.8009539790542,135.96963239037345,985752,ONMOBILE.NS,137.6789993286133,126.43809555053711,134.91345606235765,133.02640789991113,38.138162685270004,0.022540232684415216
2021-08-10,121.09489440917967,130.21480632246042,116.16916280384277,129.727110418631,1198404,ONMOBILE.NS,136.4695137023926,126.52393005371094,132.78752350033028,132.14259208578287,32.647851300158436,0.023660365710776086
2021-08-11,118.4125747680664,121.92398401949806,110.02420615585484,121.72890862172665,1216181,ONMOBILE.NS,135.15761222839356,126.43907104492187,130.57599292613583,131.12555376595202,17.285745094292608,0.023818750210559764
2021-08-12,123.6796875,126.1669396527994,118.99780372119498,119.04657628954364,484904,ONMOBILE.NS,134.13588905334473,126.4556527709961,129.51502286057647,130.57400811662225,29.510326684071003,0.026716340053353386
2021-08-13,123.72845458984376,127.53248429027352,122.21660168848588,124.36246078019025,398890,ONMOBILE.NS,133.28729820251465,126.53368408203124,128.62478158815605,130.06693007760163,32.12293102679804,0.026479333800607647
2021-08-16,118.99781036376952,124.60631372107837,118.31503901867002,123.87476980490764,357396,ONMOBILE.NS,132.1631591796875,126.51027481079102,127.14370909209659,129.24699528398443,26.48172314102166,0.027266283341876564
2021-08-17,119.33919525146484,122.07029549720043,117.72979715814384,119.63181579266848,311450,ONMOBILE.NS,131.27311363220215,126.51710250854492,125.94301465507631,128.51308417046445,29.97237494449604,0.026843182774892876
2021-08-18,115.04747009277344,120.11951237006544,113.8770028050558,119.77812669795192,294793,ONMOBILE.NS,130.31235313415527,126.44882522583008,124.26677703010665,127.51563127582067,25.90287626825433,0.02746784562931688
2021-08-20,114.99869537353516,119.1928756728069,111.97498226437438,113.82822074177528,444000,ONMOBILE.NS,129.02483520507812,126.42931716918946,122.84091831371103,126.58845083861434,23.78516368225104,0.02424430556546311
2021-08-23,109.14634704589844,119.2416509777727,107.29310108429443,119.2416509777727,871513,ONMOBILE.NS,127.52273178100586,126.25277130126953,120.73406119558601,125.296443150265,18.450993521203387,0.025933068800374035
2021-08-24,112.9991455078125,114.99870179774018,108.26849647450844,110.99959665953416,470874,ONMOBILE.NS,126.36201629638671,126.18156768798828,119.54407416669778,124.38553221378703,21.663019880915826,0.027852478714365223
2021-08-25,111.82868194580078,115.24255356901185,111.19467572744595,113.4868451861292,259402,ONMOBILE.NS,125.09400749206543,126.01575119018554,118.35709074809824,123.45539515689916,21.663023588694557,0.027594222983091003
2021-08-26,111.09713745117188,113.82823027060672,110.21928326427692,111.97499163806684,198417,ONMOBILE.NS,123.97474555969238,125.87236862182617,117.24017485626342,122.53996866017862,22.57696654627344,0.027300148309235852
2021-08-27,111.92621612548828,116.60810003811616,110.31681806541935,111.487292764401,446764,ONMOBILE.NS,122.87499160766602,125.77678009033202,116.42264274383648,121.75376476872007,23.793468705376483,0.027412978180415826
2021-08-30,112.75530242919922,114.2183902828004,112.26760647799884,112.26760647799884,370073,ONMOBILE.NS,121.76304512023925,125.75141998291015,115.8584365415846,121.08721200282963,28.62498609172212,0.027394068374826032
2021-08-31,111.58483123779295,113.53561497467167,111.24344557216908,113.48684240458996,208406,ONMOBILE.NS,120.53405075073242,125.76507553100586,115.20095880253973,120.38333194616025,35.06891282062833,0.027091500775852963
2021-09-01,111.87744140625,113.14545377870552,110.99959470094149,112.17006193578564,164515,ONMOBILE.NS,119.21483306884765,125.76117385864258,114.68964843387977,119.75326598024097,38.90726225555649,0.0266185902122816
2021-09-02,120.41212463378906,121.5338267843467,111.29221204226722,111.29221204226722,1542660,ONMOBILE.NS,118.38087310791016,125.94064590454101,115.57002938771197,119.80207032494823,45.00744885469489,0.03291021259807273
2021-09-03,118.5588836669922,121.82644491262047,116.55932737552224,120.899818179792,616666,ONMOBILE.NS,117.58105163574218,126.12401962280273,116.02985312298586,119.7099824243589,42.5141290999137,0.032855149534254315
2021-09-06,120.36335754394533,122.89937490281642,118.46133894355496,119.19288284178602,651573,ONMOBILE.NS,116.86413803100587,126.37664611816406,116.69654611082576,119.7583805813653,52.16049241144925,0.033161578274465524
2021-09-07,116.70564270019533,120.99736856238408,114.41347321612338,120.99736856238408,348837,ONMOBILE.NS,116.22769470214844,126.54148742675781,116.69794558611339,119.53225184942679,46.22905653492919,0.03274587297282247
2021-09-08,116.1691665649414,118.51010846744296,115.0962370301092,117.04702070858563,249170,ONMOBILE.NS,115.98140830993653,126.70632858276367,116.61659496747154,119.28313442094638,51.79968061278475,0.029577217867168607
2021-09-09,115.9253158569336,120.36335159691626,115.3400822555944,116.02285355021527,429082,ONMOBILE.NS,115.85704536437989,126.85068649291992,116.5102443350811,119.0344071199084,51.47744695842069,0.029183453179099192
2021-09-13,112.6089859008789,115.7302442801874,111.77990431821776,115.14501065958244,501425,ONMOBILE.NS,115.30351028442382,126.93164398193359,115.91005072981922,118.55844999257287,56.00676572614426,0.027775295338750085
2021-09-14,112.9991455078125,115.38886003012232,112.65775984509662,113.87699967026,439015,ONMOBILE.NS,114.76704483032226,127.03308471679688,115.46221915720281,118.1466496603684,50.0,0.027811161204407745
2021-09-15,114.02330780029295,116.8519456299803,112.95037826259065,113.63314957522417,500195,ONMOBILE.NS,114.51831970214843,126.86726806640625,115.24084817921667,117.84121692999244,54.35201889111522,0.026752197153535943
2021-09-16,119.92443084716795,124.313694386877,114.36470000686305,114.55977540974582,2181280,ONMOBILE.NS,114.54758148193359,126.46248062133789,115.96139935890147,117.99552907200544,64.52647773803922,0.029311723168523828
2021-09-17,116.36425018310548,121.289974539512,115.38885833728446,120.460892958894,528552,ONMOBILE.NS,114.6134204864502,126.12011810302734,116.02337640877901,117.8746935987536,56.70103069031556,0.028930307498369872
2021-09-20,112.02375030517578,115.92531762928569,111.3897441266781,114.51100245095547,413537,ONMOBILE.NS,114.46467323303223,125.51927688598633,115.40804931591698,117.44129039182191,49.0013206572457,0.030171733382872358
2021-09-21,112.91322326660156,113.654447926995,107.72465064384744,112.81439481990786,637101,ONMOBILE.NS,114.65301704406738,125.0074284362793,115.02422992371461,117.10587801217595,51.827476710338324,0.02781554638895564
2021-09-22,113.45679473876952,115.6310507975442,108.71295374128086,113.45679473876952,369352,ONMOBILE.NS,114.67589950561523,124.49084503173827,114.78308604910768,116.83557554747918,52.15782590666963,0.026711471802369022
2021-09-23,114.24742889404295,117.06408116323114,113.9015255522352,114.64275023044932,268945,ONMOBILE.NS,114.79683685302734,123.87010147094726,114.70067725602081,116.64386098055797,39.31665201266631,0.026620432010798674
2021-09-24,112.02375030517578,115.63104510052528,111.6778469774304,115.1368953351384,292432,ONMOBILE.NS,114.84316749572754,123.21756439208984,114.28884234050619,116.3016305601593,38.81825342557843,0.026977757537867634
2021-09-27,111.57901763916016,114.1980128827702,110.93662144127435,113.3579522562358,303905,ONMOBILE.NS,114.82580757141113,122.56686172485351,113.8719462326068,115.95180738082603,34.23631676298356,0.02694924296984757
2021-09-28,112.36965942382812,115.6310510595062,111.03545649655162,112.12258452840184,431029,ONMOBILE.NS,114.80652542114258,122.00024948120117,113.64082518510239,115.68646308771507,41.32647704116824,0.02694480220975404
2021-09-29,112.07317352294922,114.6427509147368,111.77668063384291,112.41907686682164,236468,ONMOBILE.NS,114.8309425354004,121.4121011352539,113.39964800630958,115.41881200884353,41.727112916965076,0.026840710601177528
2021-09-30,112.02375030517578,114.14859580436467,111.48019008732646,112.66614650820412,228640,ONMOBILE.NS,114.83825798034668,120.90977401733399,113.18797143690438,115.16732595671999,42.05742789052927,0.02683702542871799
2021-10-01,110.9366226196289,112.17199703632856,109.50359131230812,112.0237505982992,304574,ONMOBILE.NS,114.36448287963867,120.44325286865234,112.84161008040046,114.85394052434287,46.25566177420136,0.02007629522481519
2021-10-04,111.43077087402344,112.91322015394393,110.78837467803253,111.6778457540102,326559,ONMOBILE.NS,114.00807723999023,119.85688720703125,112.62455789480398,114.600372402097,46.50476278566171,0.019968548844471502
2021-10-05,113.209716796875,114.00035191509164,111.23311769114258,111.43077458566496,328723,ONMOBILE.NS,113.65039520263672,119.33731323242188,112.71458234127644,114.49736087578425,48.24586539160635,0.020004780863427732
2021-10-06,113.4073715209961,117.3111516640558,112.81439330865028,112.81439330865028,595201,ONMOBILE.NS,113.48548164367676,118.88119155883788,112.82116529200255,114.41662092357771,31.36619894052656,0.01894032016369799
2021-10-07,113.7532730102539,117.60764263836,113.06146636372608,114.1980123174163,497143,ONMOBILE.NS,113.36468696594238,118.41247985839844,112.96456647942583,114.36748404110928,40.853387357145095,0.018946654145924335
2021-10-08,116.81700134277344,121.56084209928412,113.45678897538264,114.6427453944468,1396648,ONMOBILE.NS,113.40927124023438,118.07917236328124,113.55724876609469,114.54892976715848,68.44104633530802,0.019934757496404727
2021-10-11,122.59856414794922,123.7845206108042,116.619348759081,117.85472321627466,1625551,ONMOBILE.NS,113.90875015258788,117.85271774291992,114.94822036330308,115.14519898055039,77.07181507493456,0.021505691968189165
2021-10-12,120.27605438232422,125.0693133181411,119.33717280898766,123.389199528845,749166,ONMOBILE.NS,114.27259559631348,117.55835418701172,115.76788713546017,115.52526234364474,67.33665242205035,0.022135682546737468
2021-10-13,117.75588989257812,123.4386121604017,117.01466524894896,121.21493822951422,616578,ONMOBILE.NS,114.45922470092773,117.1901776123047,116.07373371347832,115.6904940139361,58.19860089591444,0.022737728287757858
2021-10-14,116.76759338378906,121.36318780101722,116.6193469432087,117.80530338759723,339382,ONMOBILE.NS,114.30138282775879,116.76029357910156,116.18048135506459,115.77027915244372,61.7647114473139,0.01954393614909709
2021-10-18,121.70909118652344,125.51404294899916,119.68307409137456,119.68307409137456,1207605,ONMOBILE.NS,114.5686248779297,116.45264892578125,117.03103671375057,116.21019115496814,70.54107614979648,0.020613795027294154
2021-10-19,116.3228530883789,124.13042097894464,114.5439184366865,122.79621810514357,668606,ONMOBILE.NS,114.78358001708985,116.0879997253418,116.9220853867703,116.21853648336894,56.75674477400146,0.02136452446880007
2021-10-20,117.70647430419922,119.88073782732585,113.06146945864256,116.32285343314176,562300,ONMOBILE.NS,115.02324256896972,115.74809661865234,117.04276060483629,116.32875409972674,59.28336927483988,0.021439585142268156
2021-10-21,116.27344512939452,120.3748898250841,115.43339200862133,120.3748898250841,171147,ONMOBILE.NS,115.16407508850098,115.48487533569336,116.92440437784524,116.32465713896138,56.69782770555605,0.021669959395812684
2021-10-22,114.24742889404295,118.00297027971207,113.65445065949716,117.26174560149796,201732,ONMOBILE.NS,115.16407508850098,115.34792602539062,116.5125619957218,116.17078838007853,55.068080647549785,0.02202645540601135
2021-10-25,111.52960205078124,115.28514333465192,110.68954894626803,115.087478901743,217107,ONMOBILE.NS,115.13936767578124,115.21026657104493,115.74595277342326,115.82699680013059,50.14164473218056,0.022250077844887126
2021-10-26,112.32024383544922,113.9509395787606,111.72726562155246,112.07316895131498,128203,ONMOBILE.NS,115.1764289855957,114.98307769775391,115.21892062911957,115.5672373212653,48.68804225092496,0.022283286636390794
2021-10-27,112.22142028808594,113.90152655748156,110.88720982342348,113.06147342278376,212145,ONMOBILE.NS,115.1690170288086,114.75293701171876,114.75776673049901,115.31939902251126,48.24562690524049,0.022231739302965327
2021-10-28,109.00944519042967,112.17200078687208,108.71295230445752,112.17200078687208,296644,ONMOBILE.NS,115.01583061218261,114.55316970825196,113.87340957048833,114.85199503494967,43.53101421447115,0.02314478101806072
2021-10-29,109.84949493408205,111.23311579250311,106.98342477166558,109.05885228923368,150715,ONMOBILE.NS,114.90711784362793,114.3633757019043,113.25434578027199,114.48143947192244,39.88523429946077,0.023229124093902927
2021-11-01,111.48019409179688,112.5673221066732,109.5035949592482,109.5035949592482,190401,ONMOBILE.NS,114.93429641723633,114.29203018188477,112.98139936666043,114.25912499932055,31.647639391258195,0.023377770504266576
2021-11-02,113.209716796875,114.14859835604702,111.28252814470956,113.06147035591964,185097,ONMOBILE.NS,115.0232437133789,114.25625061035156,113.01652512515497,114.18139105839866,38.1031688352525,0.02360585287652611
2021-11-03,112.81439208984376,114.88981958069544,111.67784613005232,113.6050271843874,246905,ONMOBILE.NS,115.00347747802735,114.32961151123047,112.9854277351071,114.08013187554275,41.03942811006384,0.023358734212218034
2021-11-04,114.34625244140624,114.642745316033,112.86380314852651,113.95093866207328,70699,ONMOBILE.NS,115.05042152404785,114.35655364990234,113.19478538223004,114.09984451005116,45.69418847724295,0.023552115069249292
2021-11-08,111.87550354003906,114.98864856088852,111.28252533133607,114.74157367891836,255322,ONMOBILE.NS,114.9565330505371,114.3574900817871,112.99181894496988,113.93507851227248,30.828505659043728,0.024061109799295
2021-11-09,116.17461395263672,118.59594480978566,111.92492291423522,112.1719977992556,562494,ONMOBILE.NS,114.92441368103027,114.45903961181641,113.48147971538016,114.10097002637355,49.698201010863514,0.024875815727429144
2021-11-10,112.91322326660156,117.60764611576003,107.92230753723484,108.7129501910387,1125265,ONMOBILE.NS,114.4401466369629,114.47877975463867,113.3940556463373,114.01298878490896,40.934584995236875,0.022708302779742312
2021-11-11,111.72726440429688,113.90152034493906,111.52959997506676,112.22141416718163,214497,ONMOBILE.NS,114.01270713806153,114.45821899414062,113.13762622448493,113.84367586782658,41.32075301309238,0.02249063481153792
2021-11-12,109.5530014038086,112.66614643165607,108.71294831124708,112.51789999411533,547726,ONMOBILE.NS,113.60256271362304,114.41758239746093,112.58614548284241,113.52584812975117,41.08817565610338,0.022431856656000226
2021-11-15,111.28252410888672,114.88981885405002,109.45417151041754,110.59071746302062,393688,ONMOBILE.NS,113.32830924987793,114.40568405151367,112.38558834838769,113.3596759800575,49.51266469856542,0.022795274018274473
2021-11-16,110.7389678955078,113.11088078987366,110.4918930073341,111.3813565726577,310845,ONMOBILE.NS,112.77980308532715,114.21222091674805,112.13226212486771,113.16554945527605,46.85040004254961,0.020249585982388827
2021-11-17,111.13428497314452,112.6167343460551,110.0965749361836,110.78838162749088,230144,ONMOBILE.NS,112.52037467956544,114.0637289428711,111.97872717844876,113.0150854195626,47.85991084175866,0.018009815091370732
2021-11-18,108.4164581298828,111.62843168251986,106.24220212568709,111.52960323507956,405648,ONMOBILE.NS,112.05587387084961,113.82479095458984,111.43068578636169,112.6744463610678,48.80950922199948,0.018351462641215045
2021-11-22,101.54777526855467,108.4164538886738,98.63229471241824,107.7246472435276,931576,ONMOBILE.NS,111.31959037780761,113.52163360595704,109.91023801439138,111.85024850236312,36.58146779681996,0.0226295297187884
2021-11-23,102.23958587646484,102.9314000885524,98.13814875821436,98.13814875821436,258617,ONMOBILE.NS,110.71919822692871,113.2430419921875,108.7301376854796,111.13834756711138,34.59636560277002,0.02266273816532084
2021-11-24,104.2656021118164,108.61412162260952,102.53607790617016,103.77145233877462,413330,ONMOBILE.NS,110.35599822998047,113.00984771728515,108.04328605876219,110.62925531116362,35.23653942105399,0.02288576147441428
2021-11-25,107.23049926757812,109.20709833241828,105.20448221006616,105.748049968948,280204,ONMOBILE.NS,110.10151100158691,112.90227798461915,107.91824193704157,110.37749560423136,41.50375932867006,0.02386333727423369
2021-11-26,102.23958587646484,105.7974703040529,100.8065545387782,103.8208711954494,329268,ONMOBILE.NS,109.60241928100587,112.68708679199219,107.04460254310669,109.77468747624864,33.333340335344545,0.02584826257722554
2021-11-29,99.32410430908205,103.77145226322004,97.940483437547,103.07964559751608,352066,ONMOBILE.NS,109.11815223693847,112.39310272216797,105.85683358402598,109.00057020460667,32.93011642455048,0.02584304890941136
2021-11-30,100.2629852294922,103.62320517058656,99.47235012225808,101.30070276163784,218965,ONMOBILE.NS,108.63882675170899,111.99987380981446,104.99624152948232,108.35334168793153,26.183418269288993,0.02588873451957513
2021-12-01,101.3501205444336,102.28900208861644,99.62059635452944,101.7948523200724,147186,ONMOBILE.NS,108.13232307434082,111.69959121704102,104.43529983947482,107.83458456619096,31.487343202359497,0.025748606803653852
2021-12-02,101.99250793457033,103.4749572216433,100.60889463207045,101.79485104567804,173317,ONMOBILE.NS,107.57146263122559,111.4989663696289,104.05948570025875,107.40183814903388,34.13847165930002,0.025454554094667303
2021-12-03,103.27730560302734,105.7480545408988,101.49836335170892,102.58549891647428,511369,ONMOBILE.NS,107.09460830688477,111.30624801635742,103.93915030068469,107.09631721970005,39.46932877097447,0.02575358526797102
2021-12-06,102.19017791748048,106.48927957561678,101.35012478384216,105.84688334161312,201700,ONMOBILE.NS,106.48680458068847,111.08091567993164,103.67007762634559,106.73289949360971,34.406793144469745,0.025445540700823416
2021-12-07,102.684326171875,103.5737972871908,101.7948550565592,102.38783328672731,125647,ONMOBILE.NS,106.02724571228028,110.84965362548829,103.51842355642704,106.4330051734812,36.162988026441546,0.02523933302164954
2021-12-08,104.85858154296876,107.97172665712644,102.63490753858858,104.80917108916998,412808,ONMOBILE.NS,105.46144409179688,110.70635025024414,103.7246017082027,106.31638120085066,39.839998023752074,0.023977223895340672
2021-12-09,104.36443328857422,107.4775784482028,104.06794794106938,105.25390441134344,322607,ONMOBILE.NS,105.03400459289551,110.56205856323243,103.82303733595216,106.17179246660795,42.931039210054394,0.023346192308546055
2021-12-10,107.23049926757812,108.4164556904314,104.36442911553448,104.36442911553448,434015,ONMOBILE.NS,104.80916633605958,110.45927536010743,104.34726224851,106.25021519260574,61.523053036805315,0.02428546637570598
2021-12-13,104.4632568359375,108.86119424876816,104.11735351001592,108.5152909228466,681997,ONMOBILE.NS,104.55467910766602,110.30707702636718,104.3651075696527,106.1178479069266,54.1589600266894,0.024568621062946553
2021-12-14,105.05624389648438,105.9951254414534,103.62320504243044,103.87027992690936,181701,ONMOBILE.NS,104.2433650970459,110.16772689819337,104.47143623531912,106.03921057281977,51.56250424056815,0.024283922850959292
2021-12-15,105.8468780517578,108.11996998459202,104.75975007784334,105.69863161437696,224906,ONMOBILE.NS,103.9987606048584,110.06593200683594,104.68304266861738,106.02496371940778,47.00854249705888,0.024380552988977726
2021-12-16,104.06794738769533,107.0822565419999,103.57379760435416,107.0822565419999,180727,ONMOBILE.NS,103.64544372558593,109.91867553710938,104.58841262539859,105.87999954668834,54.590592204343245,0.02456199731975861
2021-12-17,100.16415405273438,103.72203078860376,99.8182507314922,103.17847058097377,386600,ONMOBILE.NS,103.23282852172852,109.65776428222657,103.90775746037333,105.45660358417322,52.00944470217394,0.025324303826555355
2021-12-20,95.3214874267578,99.71942489505903,94.38260588168195,98.82995380280836,377860,ONMOBILE.NS,102.92151412963867,109.2960466003418,102.58679283981711,104.7058542391795,40.03984112758319,0.023627310698816573
2021-12-21,99.12644958496094,102.1901767345987,95.76622954917582,96.8533575648373,520908,ONMOBILE.NS,102.76585731506347,109.00351013183594,102.05443233907002,104.29256500553367,45.96050886381559,0.025433365347412813
2021-12-22,97.05101013183594,101.35011908851294,96.2603750375994,100.11474468489932,523999,ONMOBILE.NS,102.40512771606446,108.60819030761719,101.28467507641862,103.75615353340793,41.46758326619201,0.02529016513288933
2021-12-23,98.23697662353516,99.81825439302295,97.39692351538169,97.39692351538169,255188,ONMOBILE.NS,101.95545158386231,108.1209585571289,100.81579839135964,103.3473256141581,41.26712745246296,0.024466623317175255
2021-12-24,95.22265625,99.81825047805462,94.67909604375008,98.33580121352908,364644,ONMOBILE.NS,101.60460510253907,107.61989059448243,99.9553149849966,102.74549825385009,38.68378303026546,0.023244507169383824
2021-12-27,93.93787384033205,95.86505491799343,93.44372407271352,95.22265871206396,325352,ONMOBILE.NS,101.33529357910157,107.1435302734375,99.02955480889436,102.09308163062653,36.150243249479644,0.02262077387358196
2021-12-28,102.78314971923828,107.08225110812334,94.13552894959084,95.07441047424464,2557220,ONMOBILE.NS,101.46130180358888,106.86384140014648,99.60703094894727,102.1441977853385,47.28681969520492,0.03126340684890353
2021-12-29,101.15245819091795,104.66092463570602,100.6088979584294,101.84427240516784,649427,ONMOBILE.NS,101.4514186859131,106.45270874023437,99.84478898617353,102.0707355931592,45.922208524114545,0.03142216447296176
2021-12-30,98.6323013305664,102.73373856505002,97.84165864866762,101.30070718675182,399192,ONMOBILE.NS,101.2834083557129,106.09889770507813,99.65825242377244,101.81603675889306,38.987357060676366,0.03188298507595987
2021-12-31,101.20187377929688,102.88197997087458,98.87937138265931,99.17585671875284,513035,ONMOBILE.NS,101.17963676452636,105.76880569458008,99.89573263231466,101.7705432048489,45.801534514797105,0.03232831813710211
2022-01-03,103.77145385742188,104.75975341796874,101.59719784026964,101.59719784026964,490958,ONMOBILE.NS,101.25870056152344,105.51876586914062,100.4919974361773,101.91875880874319,48.42614939692737,0.03273873074286078
2022-01-04,104.06794738769533,105.00682895999256,102.8819833836002,104.31502227936588,358825,ONMOBILE.NS,101.32788162231445,105.31517623901367,101.04214358256469,102.07795796273965,47.794128776984984,0.03273036803215321
2022-01-05,110.44247436523438,114.3462545594088,103.27730265026392,104.06794530382876,2836529,ONMOBILE.NS,101.60707626342773,105.29343368530273,102.48834831836002,102.69755177033186,57.095701723067855,0.03515677289853018
2022-01-06,109.25651550292967,110.68954679810436,107.23049846066358,109.00944062168392,706101,ONMOBILE.NS,101.8516803741455,105.23215911865235,103.52960480829381,103.18340093570947,60.77283960884348,0.03525358302808764
2022-01-07,112.46849060058594,114.04976835561196,109.70124887419504,110.14598065087742,1050870,ONMOBILE.NS,102.1135799407959,105.23710052490235,104.90481800710799,103.87118535532996,71.13276936454972,0.03532725682315724
2022-01-10,115.38397216796876,116.81700349575988,111.92492375179836,113.06146973942263,973357,ONMOBILE.NS,102.65961570739746,105.36459106445312,106.51699557031735,104.72398437848838,70.48567516111432,0.035001878551658275
2022-01-11,118.9418487548828,122.4997256095202,113.16029792358115,116.02636811264053,1764091,ONMOBILE.NS,103.35389595031738,105.54643814086914,108.42851144486588,105.77715951748057,76.59065196342279,0.035455663385666254
2022-01-12,120.96786499023438,123.9327636049944,118.00296637547436,120.17722234358088,1268298,ONMOBILE.NS,104.10994529724121,105.73619155883789,110.35764275953795,106.90239695990678,77.05883645794412,0.03552940547088723
2022-01-13,117.45939636230467,121.26434800363371,117.06407504655417,121.0172731238055,625314,ONMOBILE.NS,104.77951774597167,105.82118515014649,111.45022023688668,107.68439691563995,76.16280572796268,0.03606535284718066
2022-01-14,120.12781524658205,121.56084660103107,116.71817722028162,118.20062656907469,533115,ONMOBILE.NS,105.77770080566407,105.96745361328125,112.78523485376289,108.60613160682084,79.84235080076442,0.0346688877283269
2022-01-17,133.07452392578125,136.38533333967936,122.4997221104221,123.04328986079769,5068651,ONMOBILE.NS,107.66535263061523,106.34201904296874,115.90666394176571,110.41860511192901,81.56540051043972,0.03829978606541514
2022-01-18,127.34239959716795,135.44645267140467,126.50233897034148,135.3970346791936,1508988,ONMOBILE.NS,109.07615013122559,106.65135696411133,117.66600788875067,111.67221951824301,75.14233147347093,0.04019172527279871
2022-01-19,151.9510498046875,152.79111042107508,126.05760563450858,127.49063690929876,14571544,ONMOBILE.NS,111.82115211486817,107.36688568115234,122.94062972197173,114.65583657649816,85.94271071574519,0.05600187394946847
2022-01-20,153.0876007080078,163.0694326153526,147.45429605189207,153.58175050381192,12469363,ONMOBILE.NS,114.5636833190918,108.17037322998047,127.57862525828497,117.50263391957294,85.66576924916484,0.05606459337866465
2022-01-21,152.8899383544922,160.10452813204898,148.8379192215251,151.11099613697408,5673767,ONMOBILE.NS,117.44704742431641,108.99362670898438,131.47267342693223,120.12391572956696,84.90169066213079,0.05493457593989306
2022-01-24,141.8704071044922,163.5635797745526,139.35024017046476,156.05249696730507,7410110,ONMOBILE.NS,119.84367408752442,109.63997482299804,133.07232476194147,121.73476694252439,73.30896705142018,0.05855374453987437
2022-01-25,149.0355682373047,151.16040613906063,136.38533156852154,140.28911159374368,3174901,ONMOBILE.NS,122.15629501342774,110.3950357055664,135.52820837353582,123.75704851991551,73.56669411042526,0.05651436227307857
2022-01-27,145.032958984375,149.03557517852957,142.41397120858173,143.30343477161415,1338960,ONMOBILE.NS,124.35032005310059,111.08091552734375,136.9904776982803,125.33304188765325,71.1201956215394,0.056935158339990286
2022-01-28,138.5101776123047,150.9627581283132,136.68183247036,146.2683352077928,1330696,ONMOBILE.NS,126.3442138671875,111.62843338012695,137.2242776850533,126.30912601540521,64.79506111193466,0.05792911853522881
2022-01-31,144.98353576660156,146.76247790881985,139.8443813070573,139.8443813070573,1514863,ONMOBILE.NS,128.53329696655274,112.35977493286133,138.4180096975992,127.69241562660494,66.1629808640889,0.05825245495664879
2022-02-01,144.53880310058594,146.26832724025107,140.58560506706564,145.72475949459127,1333831,ONMOBILE.NS,130.57166442871093,113.21959548950196,139.35967022113562,128.94029618023316,64.46927731845673,0.05845225241094739
2022-02-02,166.57789611816406,170.2840195185374,145.52711218799263,145.52711218799263,9981928,ONMOBILE.NS,133.69716186523436,114.50636169433594,143.5470895899092,131.7282665460058,71.02506493005897,0.06552722156998948
2022-02-03,161.33990478515625,173.248917618427,160.4998441186447,166.5778955216441,6160323,ONMOBILE.NS,136.24203338623047,115.64784774780273,146.28444577379335,133.92172123038733,69.91032246415142,0.06615656533832476
2022-02-04,160.2527618408203,169.98751818774326,158.12792389557512,163.86006415284052,3277931,ONMOBILE.NS,138.791845703125,116.70829299926758,148.43341747641287,135.872168683012,68.47133451486965,0.06606128823757496
2022-02-07,158.86915588378906,165.39193907814914,155.80542118456592,160.49984414225176,1906864,ONMOBILE.NS,141.11187896728515,117.84088439941407,150.03891569293228,137.5756492164029,63.28921562924211,0.06636200728329744
2022-02-08,152.44520568847656,160.99399076953736,149.18381415526542,159.65979542430622,1746297,ONMOBILE.NS,142.96494064331054,118.90330642700195,150.40911415378525,138.6770978439639,62.84125314847846,0.06766369147297804
2022-02-09,148.64024353027344,157.6337753005241,146.5154055692959,152.44520275928426,1427836,ONMOBILE.NS,144.4498603820801,119.87085159301758,150.13698021170651,139.4151086355424,47.848425009068315,0.0681707790621212
2022-02-10,143.5010986328125,151.0615996066805,140.33854293483898,149.43089622160852,1678097,ONMOBILE.NS,145.57652206420897,120.71387115478515,149.1160753534151,139.7177745612661,44.078145804478645,0.06899263591411563
2022-02-11,137.32421875,145.67534688848767,135.4958736400583,141.91982068201105,1264528,ONMOBILE.NS,146.56976318359375,121.42050537109375,147.30194356827434,139.54047413080195,41.04604779361746,0.06948746474945884
2022-02-14,126.5517578125,136.38533511839117,124.62456920522912,124.62456920522912,1843711,ONMOBILE.NS,146.89096031188964,121.8859944152832,144.1096072981552,138.57834699611294,41.16305260024235,0.07214330463076618
2022-02-15,131.44383239746094,134.11223800902786,124.22924309192554,127.58947041189242,1621039,ONMOBILE.NS,146.80942573547364,122.47106750488281,142.16102654420223,138.04986443324984,39.578452765991294,0.06852205282996178
2022-02-16,136.68182373046875,142.6116207245867,133.6180892514064,135.34761337469078,1950499,ONMOBILE.NS,147.27639694213866,123.15101745605469,141.3180722651663,137.94852808489568,45.124060715734075,0.06819260232071628
2022-02-17,135.94061279296875,142.5622170870257,134.6064023028599,138.3619437933005,1151711,ONMOBILE.NS,146.47587509155272,123.77265808105469,140.49077080790516,137.79979361882704,48.39109778801384,0.05196094563347394
2022-02-18,135.84176635742188,139.89380043194788,134.16166018515034,135.1993776998708,926586,ONMOBILE.NS,145.61358337402345,124.40220474243164,139.77553935398467,137.65475456242666,43.779423958554624,0.0518952800810547
2022-02-21,126.00819396972656,135.49587578307836,124.67399107101372,135.49587578307836,983717,ONMOBILE.NS,144.26949615478514,124.77775863647462,137.65748621794495,136.7920463703748,38.81932601201496,0.054038742307747765
2022-02-22,121.1161117553711,124.22924927715648,118.79360180211556,121.56084353273268,1059197,ONMOBILE.NS,143.2317813873291,125.11081573486328,135.11265937754897,135.6308660285227,15.41352794300363,0.05246113257115617
2022-02-23,126.84825134277344,130.55437459883123,124.62456984901168,125.61286938396044,1342621,ONMOBILE.NS,142.12241554260254,125.54665588378906,133.8412119875835,134.98030197772644,23.95522240165768,0.05228356209309315
2022-02-24,112.81439208984376,122.4997228938606,111.8755030186565,118.7935996815801,1222517,ONMOBILE.NS,140.51148719787597,125.68600616455078,130.60631661870048,133.33838272677218,20.037453652767198,0.057110521604846524
2022-02-25,119.58424377441406,122.54914238039126,115.08747787263113,118.59594423908833,962413,ONMOBILE.NS,139.56519050598143,125.99633209228516,128.91061310419488,132.3195576191901,26.767968987575358,0.058624514631956774
2022-02-28,111.52960205078124,115.43338977430182,109.15768163676437,113.65444757875736,2781847,ONMOBILE.NS,137.89249382019042,126.2236410522461,126.2366114036697,130.77956091041906,26.2614658188196,0.05880281379837025
2022-03-02,112.46849060058594,116.61934565004518,109.20709910449146,110.640130420581,1499836,ONMOBILE.NS,136.28897819519042,126.56658111572266,124.11843897242605,129.42318533191292,28.2918193135109,0.058944584221097815
2022-03-03,113.7532730102539,117.50881419458844,112.96263791995452,115.08747585148724,794492,ONMOBILE.NS,133.64774703979492,126.85911758422851,122.5237980551688,128.2624510858641,31.281088311375825,0.04521374680226096
2022-03-04,111.23311614990234,113.55561855893204,110.1953986177205,113.55561855893204,481193,ONMOBILE.NS,131.14240760803222,127.14275970458985,120.7867700697432,127.00101886838543,32.79009114000543,0.045114854314781024
2022-03-07,108.070556640625,111.67785158479656,107.62582484947986,108.71295287015596,840408,ONMOBILE.NS,128.53329734802247,127.33943130493164,118.83042954218655,125.59876240706984,36.449273384150715,0.04510498121635062
2022-03-08,111.67784881591795,112.56731991628256,108.51529328142956,109.30592839498809,657630,ONMOBILE.NS,126.17373199462891,127.66853515625,117.730032507376,124.56758362254007,35.22895581162014,0.04654484707808512
2022-03-09,116.3228530883789,119.584244593339,111.33194492488194,112.51790135934354,1510587,ONMOBILE.NS,124.36761436462402,128.11623474121095,117.51354336599184,123.95686284223183,34.64977378689086,0.04791100553089425
2022-03-10,117.5582275390625,122.54914324366588,116.27344265816484,122.05499347252206,1306453,ONMOBILE.NS,122.81351356506347,128.41173629760743,117.52041785415656,123.48288985681188,36.24259375232677,0.04807707327955005
2022-03-11,117.70647430419922,121.56084403781388,115.6310467676766,117.55822786442036,730722,ONMOBILE.NS,121.5237823486328,128.74281661987305,117.54904192339389,123.05500722328502,36.43754712138881,0.047801034479631695
2022-03-14,115.9769515991211,119.33717160364674,115.1368984830215,118.5465289413605,424681,ONMOBILE.NS,120.45641899108887,129.08970962524415,117.30718187350577,122.53070680668029,41.46341210044283,0.04714623577964727
2022-03-15,115.38397216796876,119.33717035787774,114.3956726204915,116.6193466023153,619045,ONMOBILE.NS,119.89802970886231,129.3733515930176,117.0113034572693,122.00131905566462,44.73683952440364,0.044075759316656624
2022-03-16,117.11349487304688,119.93014703918335,116.718173551104,116.718173551104,612312,ONMOBILE.NS,119.1815128326416,129.64019241333008,117.02702521354279,121.63925800510034,40.35258782259129,0.04318859610418371
2022-03-17,118.20062255859376,120.96786426516744,117.70647279242895,118.595943879551,592782,ONMOBILE.NS,118.25745277404785,129.92284591674806,117.20757865124294,121.38454426832207,57.18050114117632,0.042049580019813966
2022-03-21,121.1161117553711,126.00819146685706,117.70647381513282,118.59594490998312,1758173,ONMOBILE.NS,117.51622772216797,130.13631866455077,117.80889143649341,121.36466037847386,52.276070836434634,0.04261970902952486
2022-03-22,119.53482818603516,122.99387662925383,118.1017968470383,121.26435240764452,866995,ONMOBILE.NS,116.70088081359863,130.34188491821288,118.07442016719214,121.22911725310803,64.72727630003611,0.04264582051989553
2022-03-23,119.93014526367188,122.89504382415883,119.38658505165876,120.47371301581194,588643,ONMOBILE.NS,116.3969783782959,130.4911180114746,118.35991633588134,121.13289710574239,64.0074155170152,0.039649161206520143
2022-03-24,117.11349487304688,121.61026077240878,116.61934510565004,118.84301905893577,626203,ONMOBILE.NS,116.19684753417968,130.52570846557617,118.16815918775296,120.8351636070242,55.96492050176566,0.039036921794361225
2022-03-25,114.69216918945312,118.5465315164746,114.2474298547086,117.80530683202778,571936,ONMOBILE.NS,115.58904342651367,130.44071487426757,117.63339149570683,120.38012698350042,56.16198259855082,0.037545243145966654
2022-03-28,111.52960205078124,115.3345537877838,110.73896693952705,113.80269401840724,580733,ONMOBILE.NS,115.52480392456054,130.2519496154785,116.69434696571828,119.72453254403975,56.16196733253778,0.028725817106377276
2022-03-29,109.45417785644533,113.1603012601624,108.71295317570188,112.32024813001202,670542,ONMOBILE.NS,115.0183006286621,130.09184524536133,115.58047479506091,118.96376553014386,45.81006036333008,0.02522138426998538
2022-03-30,112.32024383544922,116.12519554309104,110.29422676949766,110.29422676949766,1054221,ONMOBILE.NS,115.05783271789551,129.93569381713868,115.0789008012745,118.47165281201832,41.916173385237784,0.021233845727941784
2022-03-31,113.3579559326172,115.53221947750494,112.71556725402468,112.71556725402468,570344,ONMOBILE.NS,115.10230598449706,129.5413624572754,114.8141400522503,118.0928604505812,41.448691965400755,0.021250601767042368
2022-04-01,117.5582275390625,118.497116628312,113.25912603813674,113.95094024181437,952856,ONMOBILE.NS,115.2925537109375,129.34567901611328,115.23630735791372,118.05325801269092,49.74092932654425,0.02266300472441882
2022-04-04,120.96786499023438,122.79621762797764,118.59594459040092,118.59594459040092,1016130,ONMOBILE.NS,115.7792911529541,128.72601531982423,116.11808545519382,118.26915482584228,58.23817591945903,0.022693463091356735
2022-04-05,122.9938735961914,125.8105332911688,121.1161105197092,122.0549920579503,1201585,ONMOBILE.NS,116.52545700073242,128.12414077758788,117.1758990153473,118.6191339940163,61.99376602413411,0.021463693260187783
2022-04-06,147.55313110351562,147.55313110351562,123.83394105596604,125.51404733494984,4482107,ONMOBILE.NS,118.3192211151123,128.01740463256837,121.84931933660395,120.7623930391644,77.89855842652005,0.04806647415844416
2022-04-07,153.63116455078125,172.45827430306989,151.5063265155387,152.98877586484875,17079701,ONMOBILE.NS,120.18463668823242,128.25261978149413,126.73883398493892,123.1971168548397,79.7510419378712,0.04805489713792844
2022-04-08,156.20074462890625,162.32819873401775,152.74169625405656,154.86653422364827,2906788,ONMOBILE.NS,122.11676254272462,128.39592330932618,131.27143562247235,125.64183002328909,79.63272434324067,0.04804499487453705
2022-04-11,150.36976623535156,158.02908753060467,149.28264580933896,157.43611686557617,1127439,ONMOBILE.NS,123.74992713928222,128.5026594543457,134.20964033214608,127.47352900196037,74.2990597454537,0.04939473481581827
2022-04-12,164.60128784179688,168.99921768359405,144.3905657021196,150.22152682986135,8358332,ONMOBILE.NS,126.18114395141602,129.02448165893554,138.8852784105539,130.22373336046678,78.90025413863745,0.052100905041325
2022-04-13,160.203369140625,167.7638549517075,131.78975600447424,165.78725577701874,2544207,ONMOBILE.NS,128.42211380004883,129.328878326416,142.1649846767187,132.44444712196,77.318305097994,0.05284248741538467
2022-04-18,153.87823486328125,159.90686806984615,152.39578555808538,158.0290899017789,764317,ONMOBILE.NS,130.26035079956054,129.51566696166992,143.96702316695908,134.0321351027986,73.67162805548683,0.05437453015028969
2022-04-19,148.2943572998047,161.09283404366442,144.29174092254607,156.15133606686493,1043971,ONMOBILE.NS,131.7650375366211,129.14999618530274,144.63276687970455,135.08859600628054,71.57773317893898,0.055570117861617266
2022-04-20,156.79371643066406,167.02262273058565,151.0121731535271,151.0121731535271,4356349,ONMOBILE.NS,133.54891777038574,129.05907241821288,146.5036821952368,136.69638270438304,75.83602815674078,0.05641139904772077
2022-04-21,163.6129913330078,168.70272791541734,158.47383675770757,158.57265766323488,4398612,ONMOBILE.NS,135.75282592773436,129.12627700805663,149.1358836010477,138.69020556576265,76.8355746995357,0.056380300679887155
2022-04-22,176.856201171875,182.04477380102625,163.612993255286,163.66241124875737,15263480,ONMOBILE.NS,138.59912872314453,129.48601791381836,153.40054784271345,141.5173163514006,79.45896415459485,0.05802062714177667
2022-04-25,179.03045654296875,185.70147847165617,173.05125635997828,174.92901946335894,6583883,ONMOBILE.NS,141.69497680664062,130.0177229309082,157.3436107196758,144.29606747670195,79.06542050680605,0.05711803081643265
2022-04-26,180.41409301757807,188.7158035344372,179.1787185311256,182.291856204884,6226153,ONMOBILE.NS,144.98107299804687,130.6531999206543,160.89291568858386,146.97147677602612,78.65650571796098,0.05632538928189433
2022-04-27,173.44656372070312,182.34125929612372,170.0369334328426,179.8705105251736,3736274,ONMOBILE.NS,148.07692108154296,131.25210922241212,162.82424615506375,148.93259432748368,73.21509025889733,0.05691199743910349
2022-04-28,165.88607788085938,176.55970046644248,163.31649313677238,175.2255051833714,2271285,ONMOBILE.NS,150.89851608276368,131.8233464050293,163.29529718980154,150.18840792403003,59.99999334148337,0.05815143094831986
2022-04-29,162.2293701171875,172.90300860331052,160.49984585120362,167.17086801999864,2326040,ONMOBILE.NS,153.3939723968506,132.53689865112304,163.13130840939937,151.08033104944911,54.81727438421793,0.05898503710139943
2022-05-02,157.9796905517578,161.9822917018464,156.10191234134456,160.10452857168767,1982438,ONMOBILE.NS,155.62505912780762,133.06761581420898,162.33875181591605,151.5913947162868,50.978264463101176,0.05985417815002448
2022-05-04,166.6767120361328,172.75476327888745,158.52324079947147,159.6103763297947,7666270,ONMOBILE.NS,158.08098335266112,133.66751358032226,163.006130311334,152.70882562886797,58.69336458748876,0.06028429860485315
2022-05-05,163.6129913330078,172.16177629421136,160.20336094710453,170.97581986610425,2992681,ONMOBILE.NS,160.2132396697998,134.22096115112305,163.09949354543767,153.51654160695242,49.40191548825485,0.06080871602134425
2022-05-06,154.76771545410156,161.8340511995688,153.53234101746364,158.12792788965498,2382564,ONMOBILE.NS,161.80193176269532,134.59948013305663,161.81768153138594,153.6092211511857,46.878542769092725,0.06284285914960441
2022-05-09,147.65194702148438,155.5583434366697,146.41657258161166,152.5934447809752,2319424,ONMOBILE.NS,161.80687255859374,135.0323551940918,159.63833776063183,153.16794158602264,46.45669140914001,0.046341605685555835
2022-05-10,141.72215270996094,153.97707646105366,139.35023976730028,148.8873246128895,1932253,ONMOBILE.NS,161.21142196655273,135.4444760131836,156.88200159899014,152.32010537298103,46.27450200236998,0.04620143763107194
2022-05-11,134.260498046875,147.45428780915478,129.07192548097467,142.6116261130828,2704382,ONMOBILE.NS,160.11440963745116,135.59272094726563,153.40177028328011,150.98235668215838,37.07483558836075,0.047232734764912084
2022-05-12,129.2695770263672,135.1993739993175,127.04590316151084,132.82744616198525,1582070,ONMOBILE.NS,159.05940017700195,135.92182464599608,149.68912516683196,149.37400263358126,29.878397659856716,0.04722736733898911
2022-05-13,136.33592224121094,141.5244949675656,133.32160554603968,133.420441534834,2201314,ONMOBILE.NS,157.64613189697266,136.25685821533204,147.63478625519795,148.4082189008131,24.406993583092373,0.04341332702145244
2022-05-16,140.33853149414062,142.1174736418073,133.56867376672315,137.8677827002297,1710053,ONMOBILE.NS,156.65289001464845,136.83303680419922,146.5122855227276,147.81046427809662,26.113485797225053,0.04398140762574887
2022-05-17,147.55313110351562,148.83792358047555,140.2397051240349,141.4750796056781,1824402,ONMOBILE.NS,156.33663482666014,137.5347296142578,146.67241561207962,147.79140256146098,31.07569560071805,0.04499006691812113
2022-05-18,148.88731384277344,153.5817364740755,145.42826558812982,148.83791093191002,3106454,ONMOBILE.NS,156.36628265380858,138.2374104309082,147.0131691860325,147.87258117489154,34.87521676774507,0.04426237047052139
2022-05-19,140.0420379638672,146.07067102474429,139.10315644264963,144.29172888544826,1661853,ONMOBILE.NS,155.52869873046876,138.8135888671875,145.94068745954553,147.29254093703787,34.33192346253563,0.044158371541064806
2022-05-20,131.04852294921875,137.27479788786502,128.47893815403643,136.830066117998,3100258,ONMOBILE.NS,153.9004753112793,139.27314819335936,143.64958522718757,146.08928034534756,32.245349051390676,0.04453639807981702
2022-05-23,130.5049591064453,134.90288910517864,129.36840557132595,134.90288910517864,1010837,ONMOBILE.NS,151.58291320800782,139.6496903991699,141.6273350547657,144.93488617950294,33.66626414042747,0.03911595217101929
2022-05-24,130.0602264404297,134.11224553569767,128.67659802623106,131.443839774374,893160,ONMOBILE.NS,149.13440170288087,139.92443786621095,139.8477798833294,143.83305953216419,25.86319063599244,0.038708405489405476
2022-05-25,120.67137145996094,131.93798764313004,118.69477239414626,131.345001891284,997211,ONMOBILE.NS,146.147265625,139.9867007446289,136.89756320281117,142.11737893422318,23.87251237476228,0.040315088760263205
2022-05-26,118.10179901123048,123.14212532711524,111.92492667800713,122.00557930977668,1708254,ONMOBILE.NS,143.38002738952636,139.99460723876953,134.00590717333722,140.33844708807558,25.846347210301175,0.04005970890071371
2022-05-27,122.49972534179688,124.9210637462824,119.4854162596494,119.4854162596494,1043145,ONMOBILE.NS,141.21070976257323,140.12506271362304,132.23572535310024,139.01706029205494,32.81565845321576,0.04142467671357855
2022-05-30,131.8391571044922,133.02512865718109,123.73510361589491,124.42691784158764,1768134,ONMOBILE.NS,139.6911991119385,140.45416641235352,132.17471485331438,138.48536375964287,43.548384526211294,0.04602312073777666
2022-05-31,128.33070373535156,134.80405378093835,126.7988364032434,129.9613919751817,3011968,ONMOBILE.NS,138.20874977111816,140.6785105895996,131.58332852747395,137.73316672080648,45.918367561286196,0.04603124782570541
2022-06-01,130.80145263671875,132.72863376029008,128.67659953718768,128.72601753117763,1181156,ONMOBILE.NS,136.41498680114745,140.9305271911621,131.46303992889622,137.21970641828148,51.09232723705502,0.04404918461470719
2022-06-02,136.5335693359375,138.85607918356473,129.31899507957078,129.6648908550076,2142080,ONMOBILE.NS,135.06101570129394,141.23887634277344,132.24312137613333,137.16888144921896,50.14366898169715,0.04567581234260425
2022-06-03,132.67921447753906,140.68444685800628,131.74033292186806,137.6701302169536,1552521,ONMOBILE.NS,133.95659065246582,141.5017640686035,132.31021262250346,136.8363135253908,44.42044357140697,0.04465905519926148
2022-06-06,131.24618530273438,133.0745304505934,128.13303262353452,130.70261752570698,993462,ONMOBILE.NS,133.13630256652831,141.72808486938476,132.14651611176976,136.42222995334217,37.02828018736125,0.04371438834469904
2022-06-07,128.13302612304688,130.9002677818621,127.49063747022092,129.5166544925814,618683,ONMOBILE.NS,132.45684623718262,141.94847549438475,131.52905611350468,135.80821485480178,33.9449425411636,0.04316885748366589
2022-06-08,128.23187255859375,130.70262154816203,126.79884116069516,128.97309725546424,664897,ONMOBILE.NS,132.15541496276856,142.2192695617676,131.02179710505686,135.24700431434192,39.434135401900676,0.04163488730034631
2022-06-09,128.97308349609375,131.34499624093203,126.9964845153107,127.49063426050648,593181,ONMOBILE.NS,132.14059028625488,142.56813919067383,130.70661039598562,134.78226943891613,47.82156416997103,0.04079564767854763
2022-06-10,126.74942016601562,128.4789444177936,126.05761348135536,127.54006284002222,355451,ONMOBILE.NS,131.66126518249513,142.91404403686522,130.09781189906715,134.18724356684942,46.1923805221567,0.03891250156946329
2022-06-13,120.42430114746094,123.53744630230447,118.69477689922869,123.53744630230447,548619,ONMOBILE.NS,130.66555366516113,143.07612518310546,128.60957947574312,133.1677663505984,41.271251358381264,0.039484289201429615
2022-06-14,121.16551971435548,124.32808270426868,118.79359935695231,118.79359935695231,617556,ONMOBILE.NS,129.34617309570314,143.23227645874024,127.46433951245271,132.27871104421004,50.53078458827544,0.03719865774443676
2022-06-15,120.57254791259766,123.68569307574349,119.68307678882351,121.56084748565172,464340,ONMOBILE.NS,127.93043479919433,143.29256286621094,126.40406388170578,131.41158784927578,52.77162234469564,0.03696990028938044
2022-06-16,114.09918212890624,123.29037112891648,113.01205411194728,122.45031800399944,817460,ONMOBILE.NS,126.63329200744629,143.15518920898438,124.51100515050585,130.1291874255447,40.99575644000218,0.03658634664891983
2022-06-17,114.29684448242188,117.31115358629116,111.6284311729511,117.31115358629116,1188905,ONMOBILE.NS,125.79570808410645,142.98124862670898,122.93959581695447,128.95642128160966,26.613941972051975,0.034300683939023434
2022-06-20,109.10826873779295,120.57254168506924,106.73634837694654,115.7298725192009,854018,ONMOBILE.NS,124.72587356567382,142.21235137939453,120.81169934323731,127.48618775984546,25.472855089362895,0.03538996639018323
2022-06-21,116.1251983642578,116.61934814453124,109.70125122070311,109.94832611083984,636191,ONMOBILE.NS,124.02912216186523,141.46223205566406,120.09069919262508,126.64463298980192,33.22032005889672,0.0389455354994104
2022-06-22,114.19801330566406,119.28774983515058,113.35795267601878,116.61934412959208,964263,ONMOBILE.NS,123.7054542541504,140.6221774291992,119.18413213309262,125.72266116134726,22.02971328116793,0.03574510196973104
2022-06-23,114.7415771484375,116.7675942579057,113.3085458057298,114.24742736955524,417291,ONMOBILE.NS,123.53744316101074,139.90961364746093,118.50066213545338,124.90924753076135,25.50607388676667,0.03548463457629276
2022-06-24,117.6076431274414,119.88073504427469,115.28514075858035,116.56992561320732,691811,ONMOBILE.NS,123.29283905029297,138.96974075317382,118.36327459575924,124.36838794533024,32.07791340642271,0.034892973744287195
2022-06-27,120.22663879394533,121.51142365311362,118.59594306872494,120.3748852308066,652046,ONMOBILE.NS,122.71221313476562,138.17020614624025,118.6499460108648,124.06159171189432,39.47369383344667,0.030359710809306457
2022-06-28,120.67137145996094,121.36318565707232,118.64536194157712,118.69477239414626,627422,ONMOBILE.NS,122.3292465209961,137.50606887817383,118.96093454149496,123.81046428582519,40.02605583081748,0.02993363020123514
2022-06-29,121.26435089111328,124.624570844814,117.65706359182828,118.74419158093308,788089,ONMOBILE.NS,121.85239143371582,136.96546875,119.31530628759009,123.62186329362432,39.79057729169132,0.029550766222818964
2022-06-30,117.5582275390625,123.83393566469064,116.6193459899401,121.7090901407468,1286579,ONMOBILE.NS,120.90362434387207,136.18075897216798,119.04498648012431,123.17270508958269,38.287144003294806,0.027936228450972038
2022-07-01,117.50881958007812,118.2500442525259,114.8404062351898,118.2500442525259,307290,ONMOBILE.NS,120.14510459899903,135.25867553710938,118.80865311088644,122.75315801480457,45.5772129559844,0.027517216416359454
2022-07-04,118.595947265625,120.37488949066028,116.6687661386095,118.39829036956652,389119,ONMOBILE.NS,119.51259269714356,134.09347045898437,118.77592913469238,122.4452164778283,46.1424419010854,0.027686088361711613
2022-07-05,117.45939636230467,123.0432901544476,116.61934327891416,120.27604848432088,1975655,ONMOBILE.NS,118.97891120910644,132.8620492553711,118.57338563124812,122.07589646927099,45.40144896275173,0.027353128765972113
2022-07-06,118.595947265625,119.8313217163086,115.7298770320136,118.29945438141004,674664,ONMOBILE.NS,118.497114944458,131.62568634033204,118.57685665192149,121.8181224541861,57.88561654978724,0.027506633286419863
2022-07-07,121.0666961669922,122.15382417556827,118.64536525970324,119.48541837814264,1238624,ONMOBILE.NS,118.10179557800294,130.57808898925782,118.9599088850093,121.76246124772729,60.9951818061511,0.027976945272253993
2022-07-08,122.00557708740234,124.03159419184594,120.1772244180978,121.956166633713,910158,ONMOBILE.NS,117.86460342407227,129.70047897338867,119.428473223839,121.78046982844396,74.30167453205856,0.027855223477282573
2022-07-11,124.87164306640624,126.50233878533636,120.37488476647242,121.26434830395525,869770,ONMOBILE.NS,118.08697052001953,128.95332443237305,120.26588396884935,122.00944562384856,69.53641458682965,0.02591480935743302
2022-07-12,122.35148620605467,126.20584838430044,121.11611177966128,123.73509953151364,693599,ONMOBILE.NS,118.14626884460449,128.240760345459,120.58674585149633,122.03478196327123,67.74194940775607,0.026364988176662222
2022-07-13,120.52312469482422,123.3397843880656,120.17722136727106,122.9938735203854,431542,ONMOBILE.NS,118.14379768371582,127.31768859863281,120.57695798123908,121.92280735079368,61.914452920239725,0.026574502037266454
2022-07-14,119.04067993164062,121.46201839695274,117.85472346626996,121.21494350498992,357783,ONMOBILE.NS,118.39087257385253,126.42624237060546,120.34060751207008,121.7093164308564,53.1317557980441,0.023591908434565316
2022-07-15,117.90413665771484,119.93014616520118,116.8170011452626,119.18892151950756,275542,ONMOBILE.NS,118.57123718261718,125.68897079467773,119.96576584216928,121.42745126247556,44.57274991486907,0.023742665546311707
2022-07-18,119.23834228515624,121.06669494569852,118.44769962864368,119.04067785096451,481910,ONMOBILE.NS,119.07774085998535,125.12069869995118,119.85385452570573,121.26529504193338,46.78493302157753,0.021039523299017086
2022-07-19,119.58424377441406,122.0549926127284,118.49711579358116,118.49711579358116,672541,ONMOBILE.NS,119.25069313049316,124.67794052124023,119.81237594858393,121.14077272582085,46.188343911891316,0.01567145386227048
2022-07-20,120.47371673583984,122.54914428424108,120.12781340112753,120.72079162350968,469304,ONMOBILE.NS,119.56447830200196,124.40220489501954,119.91412068508484,121.09136117100745,57.58356449499726,0.015115535535546325
2022-07-21,132.9757080078125,136.63241334159082,120.72079203008924,121.26435226071725,8418350,ONMOBILE.NS,120.4761848449707,124.47632751464843,121.92359565781217,121.97168315891894,74.414975434195,0.027188706818905915
2022-07-22,131.69091796875,134.85347358309306,129.36840794245254,133.5192782090484,1421441,ONMOBILE.NS,121.18034858703614,124.38342742919922,123.42626062872569,122.69162647816569,70.54263510223778,0.027135919293826128
2022-07-25,129.41781616210938,133.0745212862587,128.52835264659458,132.1850577707439,1142610,ONMOBILE.NS,121.63990745544433,124.16501312255859,124.3480384030924,123.18986275105041,68.11375903021879,0.02732795656605373
2022-07-26,124.72339630126952,130.90026829598628,123.93276121002197,129.46723700926276,1255241,ONMOBILE.NS,121.84250869750977,123.70841842651367,124.40578577204273,123.30345782884443,58.378366762147735,0.02877666942217522
2022-07-27,123.78451538085938,126.65057796835453,122.84563384911124,124.52574002385852,856277,ONMOBILE.NS,121.96851692199706,123.20636245727539,124.31020571186068,123.33909172158627,53.87869610133496,0.028845457550162094
2022-07-28,126.05760955810548,127.8365517491912,124.27866736701976,124.62457069858444,779314,ONMOBILE.NS,122.39348602294922,122.92667388916016,124.57903707282141,123.54046341318029,55.57065701925778,0.028055188392694594
2022-07-29,129.862548828125,132.28389467777356,126.30467966092851,126.89765031533445,1441698,ONMOBILE.NS,123.01117248535157,122.90295440673827,125.3918850351758,124.00876603650953,56.688733135735795,0.02863830354018008
2022-08-01,133.07452392578125,134.26049541032938,129.02250495442135,130.3567002541572,1466541,ONMOBILE.NS,123.73510131835937,122.954345703125,126.57382947988432,124.68030365793706,64.10921483342277,0.028955798849932834
2022-08-02,129.0225067138672,133.8651683808793,128.38010297093436,133.0745257404834,1144223,ONMOBILE.NS,124.3132568359375,122.93359130859375,126.95054905434321,125.0019483287467,60.565121540090104,0.029912951864836747
2022-08-03,126.60118103027344,130.20846843098442,125.81053835771556,129.76373664025022,531288,ONMOBILE.NS,124.71351852416993,123.0521875,126.89680012756324,125.12041001034129,59.183688978053375,0.030357558580499624
2022-08-04,120.32546997070312,124.03159327575558,119.1889239824616,119.58424530969263,2208731,ONMOBILE.NS,124.67645721435547,123.09666091918945,125.88582625727706,124.76522926666439,52.614727643831074,0.03228618585872686
2022-08-05,121.1161117553711,122.40089663448632,120.12781221445458,121.01727576917776,728834,ONMOBILE.NS,124.63198394775391,123.06898864746094,125.1520240262146,124.49492426582786,52.051836501336304,0.03227263327092931
2022-08-08,119.78189849853516,122.25264729215286,119.58424161109652,121.56084064599068,412546,ONMOBILE.NS,124.37749671936035,122.8278434753418,124.32585086811008,124.1458112460284,50.211410917965836,0.03187707074407633
2022-08-10,117.50881958007812,120.523128723956,114.00035311444113,120.37488982156827,588191,ONMOBILE.NS,124.13536338806152,122.61140579223633,123.27707682379747,123.65418223373578,46.91991892233344,0.03184123664685247
2022-08-11,122.4503173828125,126.4035156354287,118.1017977969092,118.1017977969092,1965401,ONMOBILE.NS,124.23172302246094,122.4443830871582,123.14988306364594,123.56500705959331,37.02801102011265,0.03310496606825268
2022-08-12,121.36318969726562,123.83393861178548,120.967868362917,122.54914616018422,487390,ONMOBILE.NS,124.34784851074218,122.14097549438476,122.8750071611259,123.40190947719867,37.2093010071354,0.033039760056191025
2022-08-16,121.80792236328124,123.0432968294403,120.77020479565672,120.77020479565672,359200,ONMOBILE.NS,124.54303779602051,121.92354965209961,122.71084026914978,123.28383635764922,40.128214720761726,0.03293980653478589
2022-08-17,122.25264739990234,125.0198890672439,121.56084075313044,122.74679715906142,764491,ONMOBILE.NS,124.69375305175781,121.74367889404297,122.64034905849633,123.20745199040871,46.39769093419369,0.03287183351868072
2022-08-18,122.00557708740234,123.53744441418918,120.6219637420652,121.1655239734113,579693,ONMOBILE.NS,124.81481971740723,121.62112991333008,122.54269183217417,123.11842421981565,47.3529397740981,0.03288116686489242
2022-08-19,126.40351104736328,131.3450011436451,122.05499161929812,122.45031293823622,4397741,ONMOBILE.NS,125.1113094329834,121.58456268310547,123.13666401912633,123.36176398481919,50.484089887947555,0.03376348028956725
2022-08-22,123.19154357910156,126.9470774414679,122.54914734707933,126.9470774414679,529048,ONMOBILE.NS,124.62210121154786,121.46893188476562,123.14510702835328,123.34915506587714,40.506344506921266,0.024558513733678337
2022-08-23,123.19154357910156,126.00819586090816,121.61026576651956,122.40090090274688,653326,ONMOBILE.NS,124.19713249206544,121.39777435302734,123.15225111308378,123.33748014093081,34.52013175637403,0.024526498229224522
2022-08-24,123.58686065673828,125.316384854029,122.64797156841848,123.58686065673828,505257,ONMOBILE.NS,123.90558471679688,121.46102554321288,123.21911411979985,123.35595277173135,40.38460967475933,0.024328314681892796
2022-08-25,123.33979034423828,126.99649576660312,122.74680456536623,124.52574682172758,692140,ONMOBILE.NS,123.8364044189453,121.50451095581055,123.23767969279038,123.35475555488001,43.74999086206811,0.022957044403490976
2022-08-26,123.14212036132812,125.26696586629664,122.45031370395562,124.32808432555863,524939,ONMOBILE.NS,123.80428466796874,121.55590240478516,123.22297825718081,123.3390047998021,57.037035625107215,0.02289711177504775
2022-08-29,120.12781524658205,122.20324282686688,118.64536589778898,119.584247469307,520918,ONMOBILE.NS,123.50779495239257,121.67647506713867,122.7467993324733,123.10113890697097,47.77778158998977,0.02309084890905934
2022-08-30,122.79621887207033,125.51404262980226,121.06669466260452,121.06669466260452,871534,ONMOBILE.NS,123.15447845458985,121.84646255493163,122.75440233856516,123.07855223771908,56.394156307604696,0.022566157947508946
2022-09-01,123.04329681396484,123.73510349887596,121.31377256155972,122.104415235853,410239,ONMOBILE.NS,122.65291709899903,122.12516311645508,122.79884764247281,123.0759407248484,62.84405472792735,0.021674550295873805
2022-09-02,124.97047424316406,130.2084648390792,123.24095004226548,123.63627136763915,1815771,ONMOBILE.NS,122.45031547546387,122.3020686340332,123.13294404257915,123.21627654101992,56.79999505936992,0.021123514778644874
2022-09-05,124.42691802978516,127.391809215355,123.19154356074466,125.61287450401308,711276,ONMOBILE.NS,122.34160232543945,122.50664672851562,123.33201696368778,123.30595368833588,58.516503908859605,0.02074156364319427
2022-09-06,124.52574157714844,126.40351220419434,123.73509893203634,124.92106289970448,548700,ONMOBILE.NS,122.55161590576172,122.70233001708985,123.51566690422018,123.39630834676643,57.70308971246243,0.01725530401676008
2022-09-07,124.77281951904295,127.8859571026638,123.2409521841444,123.83393795257432,637564,ONMOBILE.NS,122.73445129394531,122.84563354492188,123.7090749988083,123.49827213730543,57.22383469183167,0.017219803025018465
2022-09-08,130.55438232421875,132.67922041799147,125.56346636134572,125.71170526825824,2944921,ONMOBILE.NS,123.2730754852295,123.05218841552734,124.7621992027176,124.02094696596569,68.60219837869158,0.019612637464735308
2022-09-09,128.72601318359375,134.65581033600498,127.88595255490056,131.83915065650805,1936530,ONMOBILE.NS,123.83393516540528,123.21328125,125.37201673823701,124.3694703894937,55.69007019525849,0.01932890555392937
2022-09-12,129.4672393798828,132.1850631073231,128.62717874111777,129.4672393798828,932021,ONMOBILE.NS,124.18478126525879,123.37733901977539,126.0020509907979,124.7470829073003,67.493094786234,0.017231860568047215
2022-09-13,126.6999969482422,130.45553818476347,126.30468316766272,130.15904530920182,656768,ONMOBILE.NS,124.45162162780761,123.56017440795898,126.10942729194318,124.89174320662933,58.472527755975925,0.017896248283612713
2022-09-14,127.0999984741211,129.1999969482422,125.0,125.0,667508,ONMOBILE.NS,124.7162254333496,123.75199798583985,126.26182285843208,125.05531767088799,58.48192115954503,0.01789457866354275
2022-09-15,126.3000030517578,129.25,125.8499984741211,128.10000610351562,615274,ONMOBILE.NS,124.91859321594238,123.9060791015625,126.26769673432835,125.14751658798946,56.961115096000334,0.017992367583604407
2022-09-16,123.4000015258789,126.9000015258789,122.0,126.0,872470,ONMOBILE.NS,124.98831443786621,124.02489120483398,125.82651285610535,125.01807102783312,50.5380410853846,0.01881575506546603
2022-09-19,122.4499969482422,124.4000015258789,121.0,123.4000015258789,607750,ONMOBILE.NS,124.79063873291015,124.10197219848632,125.30704887028025,124.82784331823379,55.30165874424545,0.01694437402545192
2022-09-20,122.4000015258789,125.4499969482422,121.8000030517578,123.8000030517578,374017,ONMOBILE.NS,124.75106163024903,124.12863830566407,124.85981081729544,124.64800318546675,48.97257794246527,0.01597854857704037
2022-09-21,121.0500030517578,125.9000015258789,120.0999984741211,122.4000015258789,1287449,ONMOBILE.NS,124.64398460388183,124.10952682495117,124.27368654567427,124.38148465704386,45.11088896432395,0.016160497241661964
2022-09-22,125.6999969482422,126.5,120.5,120.9499969482422,859688,ONMOBILE.NS,124.74964141845703,124.1260939025879,124.4931189153001,124.47915223416966,51.57851711177264,0.01837975346255091
2022-09-23,122.4000015258789,126.9000015258789,121.9499969482422,125.8499984741211,837713,ONMOBILE.NS,124.70265197753906,124.12706420898438,124.17110085538916,124.32514107059257,46.08163101563266,0.019362371570399578
2022-09-26,117.3000030517578,122.5500030517578,117.0,121.0999984741211,874926,ONMOBILE.NS,124.41054611206054,124.06260177612305,123.11400888559972,123.80476047660481,38.29478361419004,0.021472012004457128
2022-09-27,115.75,117.9000015258789,115.5,117.25,718147,ONMOBILE.NS,124.19165534973145,123.99678817749023,121.9810844416613,123.20811155241186,35.97564258397324,0.020999688309741138
2022-09-28,113.0,116.9499969482422,112.3000030517578,115.5,465295,ONMOBILE.NS,123.70184440612793,123.89870544433593,120.59937914294417,122.4519551411221,19.875952534444707,0.02076531500744485
2022-09-29,114.0999984741211,116.25,112.4000015258789,115.0,280285,ONMOBILE.NS,123.25467948913574,123.79593856811523,119.5994744246637,121.8332916843072,24.257637799166574,0.02095285708012769
2022-09-30,115.75,116.5999984741211,112.6500015258789,113.9499969482422,342406,ONMOBILE.NS,122.79365577697754,123.71925369262695,119.00724759010005,121.38267748546963,26.605499095940658,0.02089648957693371
2022-10-03,113.1999969482422,116.5,112.75,116.0,314675,ONMOBILE.NS,122.2323097229004,123.573779296875,118.11382441442962,120.77655300123055,26.804116413585703,0.021299156202956922
2022-10-04,116.5500030517578,119.3499984741211,114.1500015258789,115.0,672624,ONMOBILE.NS,121.83352279663086,123.24526519775391,117.8732365124801,120.46347522719554,33.54134644430884,0.022609336160715345
2022-10-06,116.25,118.3000030517578,114.9000015258789,117.5500030517578,650657,ONMOBILE.NS,121.40738182067871,122.93644683837891,117.62350781825239,120.151365951107,34.07289686268689,0.022578738400504658
2022-10-07,116.9499969482422,118.1500015258789,116.0,116.4499969482422,347492,ONMOBILE.NS,120.72716255187989,122.68709045410156,117.51989076132776,119.91422750645035,39.01191667297037,0.019505423955793657
2022-10-10,115.6999969482422,116.4000015258789,114.9000015258789,115.4000015258789,303439,ONMOBILE.NS,120.0758617401123,122.50662246704101,117.23990709777613,119.60206227991641,38.6171983313623,0.019441578989325383
2022-10-11,111.75,116.5,105.1999969482422,116.5,441164,ONMOBILE.NS,119.18999977111817,122.26593215942383,116.39530600581057,119.02042803695963,34.128162475426194,0.020292751942168643
2022-10-12,111.6500015258789,113.5,111.0999984741211,112.5500030517578,274414,ONMOBILE.NS,118.4375,121.9777799987793,115.66525916274415,118.47447051762032,35.44891198441054,0.02005171690632091
2022-10-13,110.8000030517578,112.5,110.3499984741211,111.9000015258789,248037,ONMOBILE.NS,117.62250022888183,121.59652908325195,114.9167582225924,117.90599144607495,23.85965983072913,0.019933976336221272
2022-10-14,111.4499969482422,114.8000030517578,111.0,113.0,247792,ONMOBILE.NS,116.87999992370605,121.16403854370117,114.38341033423083,117.42776963142066,28.820105949718055,0.020129898015673654
2022-10-17,114.8000030517578,116.6999969482422,109.5999984741211,111.8000030517578,747729,ONMOBILE.NS,116.45,120.87958847045898,114.44750152154266,117.23312025514933,44.81327932187679,0.021244764599236132
2022-10-18,114.0999984741211,117.0999984741211,113.5,115.75,478044,ONMOBILE.NS,116.03250007629394,120.62956481933594,114.39403951424703,117.00103716025836,46.45161078615552,0.021230691055996127
2022-10-19,112.25,115.5,111.5999984741211,114.9000015258789,328801,ONMOBILE.NS,115.525,120.46805541992188,114.06418728128595,116.6491084817207,48.32214810920784,0.021410366445725144
2022-10-20,111.5999984741211,112.3499984741211,111.0,111.9499969482422,299565,ONMOBILE.NS,115.05249977111816,120.27773315429687,113.6850813109529,116.27510033300962,44.29223982904589,0.02135311395893928
2022-10-21,110.9499969482422,112.3000030517578,110.5,112.3000030517578,175697,ONMOBILE.NS,114.31499977111817,120.10109512329102,113.2642991013051,115.88064823043425,38.516744140883105,0.01889572639601641
2022-10-24,112.0500030517578,112.5999984741211,111.1999969482422,111.5,83327,ONMOBILE.NS,113.79749984741211,119.9919187927246,113.07748432445166,115.59689673571746,47.04371934515116,0.01858877026417696
2022-10-25,111.25,113.6500015258789,111.0,112.1999969482422,223316,ONMOBILE.NS,113.49499969482422,119.76791244506836,112.79633288992063,115.27490438492359,34.31952609296661,0.016405304816685326
2022-10-27,110.9000015258789,113.0,110.3000030517578,113.0,255309,ONMOBILE.NS,113.25249977111817,119.55864868164062,112.50458960314498,114.95083750647584,34.21829784878136,0.016213115100841544
2022-10-28,108.5,111.4000015258789,108.0999984741211,110.9499969482422,379361,ONMOBILE.NS,113.02749977111816,119.292490234375,111.88849889496883,114.47299769118133,27.345863806579104,0.016069957682157087
2022-10-31,107.5500030517578,109.4499969482422,107.1500015258789,109.0,231179,ONMOBILE.NS,112.7,118.9984373474121,111.2210379960133,113.96018327344626,27.792939548605972,0.015895888276271006
2022-11-01,110.4000015258789,112.4000015258789,107.5999984741211,107.9499969482422,612201,ONMOBILE.NS,112.43250007629395,118.76632583618164,111.09472469291569,113.69646610695979,46.086962675249325,0.016788042798529218
2022-11-02,108.75,111.6500015258789,108.25,110.8499984741211,224957,ONMOBILE.NS,112.21000022888184,118.41325561523438,110.7339978170825,113.33006121014796,42.28723436634464,0.016418946874076273
2022-11-03,108.8499984741211,110.0999984741211,108.0,108.5,285299,ONMOBILE.NS,111.825,118.12642471313477,110.4441517643192,112.998204711183,44.59832846616294,0.014686983426097621
2022-11-04,110.5500030517578,111.5999984741211,108.4000015258789,109.1500015258789,293448,ONMOBILE.NS,111.5400001525879,117.87359390258788,110.46043657777129,112.81685644011448,47.643997670440804,0.015286029099094826
2022-11-07,109.6999969482422,112.5999984741211,109.3000030517578,111.4499969482422,510732,ONMOBILE.NS,111.1775001525879,117.59585662841796,110.34344586553604,112.58597795923505,34.638555601209305,0.015195657296050024
2022-11-09,106.5999984741211,111.0,106.0,108.4499969482422,834509,ONMOBILE.NS,110.72250022888184,117.26106079101562,109.76753088224143,112.14257207144884,30.2631737452667,0.016137113361560727
2022-11-10,104.0999984741211,106.8000030517578,103.8000030517578,105.75,334426,ONMOBILE.NS,110.34000015258789,116.88021835327149,108.89560281945369,111.5468258790542,29.262100345283145,0.015237078452720435
2022-11-11,105.6999969482422,106.4499969482422,104.0,106.0,364797,ONMOBILE.NS,110.04249992370606,116.59166198730469,108.4039711469596,111.11372743973479,35.67961749352335,0.015802998321177344
2022-11-14,105.75,107.1999969482422,105.1500015258789,105.8000030517578,208077,ONMOBILE.NS,109.78999977111816,116.25073760986328,107.99566789358121,110.71641429605073,37.00001754759398,0.015771834397743434
2022-11-15,106.0,106.75,105.6999969482422,105.75,143286,ONMOBILE.NS,109.51749992370605,115.90987167358398,107.68864206379949,110.36705027412104,34.20365493639521,0.015696685656347856
2022-11-16,104.0,106.6999969482422,103.5,105.8000030517578,221346,ONMOBILE.NS,108.97749977111816,115.4904621887207,107.1211586693688,109.89541692048245,32.18673752941159,0.014105935090463447
2022-11-17,100.6500015258789,104.0,100.3499984741211,103.9000015258789,465518,ONMOBILE.NS,108.30499992370605,115.01492385864258,106.12559603190881,109.21057133569701,28.05139760015578,0.015380175794609333
2022-11-18,102.75,103.6500015258789,100.9499969482422,100.9499969482422,352685,ONMOBILE.NS,107.82999992370605,114.57940902709962,105.60627356546131,108.73201049601576,37.52711661883814,0.0163085067863052
2022-11-21,103.3000030517578,104.6999969482422,101.6500015258789,102.5,224911,ONMOBILE.NS,107.4150001525879,114.1499526977539,105.25146271719923,108.32963957421887,40.618105337475086,0.016444152082584016
2022-11-22,101.6500015258789,104.0,101.0,103.9499969482422,219363,ONMOBILE.NS,106.95000038146972,113.57186508178711,104.69739176468842,107.83485157063812,29.603741211084724,0.01666731630080958
2022-11-23,101.1500015258789,103.3499984741211,100.5999984741211,102.3000030517578,251713,ONMOBILE.NS,106.40500030517578,113.02034484863282,104.15163942025619,107.33967749324856,31.280801785051835,0.01633117990578419
2022-11-24,101.1500015258789,103.1500015258789,100.5999984741211,100.5999984741211,225577,ONMOBILE.NS,105.90000038146972,112.45400009155273,103.68984897496738,106.88118297714709,30.940613131010934,0.016359424756651204
2022-11-25,106.0,107.9000015258789,101.75,101.75,780944,ONMOBILE.NS,105.65500030517578,112.0400001525879,104.0452568249724,106.81591016402508,40.25695532672099,0.020151699098344807
2022-11-28,105.8000030517578,108.0,104.9499969482422,106.0,532818,ONMOBILE.NS,105.52000045776367,111.61400024414063,104.31521778293938,106.74065778533861,41.40970391895491,0.01961877728037569
2022-11-29,103.3499984741211,106.5,103.0,106.5,288328,ONMOBILE.NS,105.31000022888183,111.15500015258789,104.16672250465965,106.48949783635953,42.63038650749548,0.020171904622895028
2022-11-30,100.6500015258789,103.3000030517578,99.9000015258789,101.3499984741211,840071,ONMOBILE.NS,104.82250022888184,110.70000015258789,103.62568850792414,106.05694255410171,42.24719786911867,0.019713537205617457
2022-12-01,102.8000030517578,104.0,102.0500030517578,102.6999969482422,396564,ONMOBILE.NS,104.52500038146972,110.30700027465821,103.49865997620624,105.81568777615031,43.64036511332653,0.020355334260357082
2022-12-02,103.5,104.1500015258789,102.5,103.0,258741,ONMOBILE.NS,104.25750045776367,109.92900024414062,103.49886613371297,105.64415534828733,45.2025580110605,0.020451514690761105
2022-12-05,103.0500030517578,106.1999969482422,102.6999969482422,103.8499984741211,558060,ONMOBILE.NS,103.88250045776367,109.56900024414062,103.42981027495063,105.45199591891478,43.763218373006154,0.02001247114648912
2022-12-06,101.6500015258789,103.3000030517578,101.3499984741211,102.9499969482422,367009,ONMOBILE.NS,103.48000068664551,109.08800033569337,103.1559935443242,105.17036670461582,44.90238841470418,0.02012339801996774
2022-12-07,100.3499984741211,102.75,99.75,102.1500015258789,385578,ONMOBILE.NS,103.16750068664551,108.6470002746582,102.72430199506219,104.81330239124584,49.285707019624255,0.01941087133061496
2022-12-08,101.0,101.9499969482422,100.5,100.5500030517578,228597,ONMOBILE.NS,103.01250076293945,108.32100021362305,102.45902476505262,104.53083554744985,45.524297373849635,0.01888459860809484
2022-12-09,99.6500015258789,101.75,98.9000015258789,101.6999969482422,274722,ONMOBILE.NS,102.71000099182129,107.99900024414063,102.02686734364129,104.16929228659275,41.03193661041163,0.018637737061020464
2022-12-12,98.25,101.5,98.0,99.5999984741211,457277,ONMOBILE.NS,102.33500099182129,107.70400024414063,101.44581082923493,103.73082619128958,41.54228411943306,0.018786668387453943
2022-12-13,95.9000015258789,100.0,95.3000030517578,100.0,621035,ONMOBILE.NS,101.83000106811524,107.34000030517578,100.59260939794939,103.15076510496286,38.04100061521778,0.019267600175081497
2022-12-14,96.3000030517578,98.0,96.0,96.9000015258789,408465,ONMOBILE.NS,101.44500122070312,106.95100036621093,99.93220842161222,102.6433012491699,39.149890816017525,0.019071172265937145
2022-12-15,99.9499969482422,103.3000030517578,96.5,96.6500015258789,1500789,ONMOBILE.NS,101.41000099182129,106.68600036621093,99.93494511801683,102.44379722687896,35.697388185148725,0.019970938986008557
2022-12-16,98.5500030517578,100.25,98.0,99.9499969482422,320081,ONMOBILE.NS,101.20000114440919,106.32600036621093,99.72187710782313,102.15536802872182,33.78075398247732,0.01955658335733612
2022-12-19,97.6999969482422,99.3499984741211,97.0,99.3000030517578,237200,ONMOBILE.NS,100.9200008392334,105.95500030517579,99.41081862173377,101.82534054127888,36.385533486068404,0.01953330807798794
2022-12-20,97.0999984741211,97.5999984741211,96.3499984741211,96.5999984741211,228489,ONMOBILE.NS,100.6925006866455,105.55800033569336,99.05530782979335,101.47531520297089,40.4825624301491,0.019301489823246767
2022-12-21,95.75,99.0500030517578,95.3000030517578,97.8000030517578,356227,ONMOBILE.NS,100.42250061035156,105.15900039672852,98.54679893290206,101.0512177805286,30.252082163278615,0.019474022655470102
2022-12-22,91.1999969482422,97.4000015258789,89.25,97.4000015258789,789620,ONMOBILE.NS,99.92500038146973,104.74800033569336,97.41652170449285,100.32149771887775,21.658975157703523,0.02189360676089389
2022-12-23,82.75,91.0,82.0,91.0,1058208,ONMOBILE.NS,98.76250038146972,104.17000030517578,95.16013374995548,99.01990529525717,15.82490717569037,0.0261734699800443
2022-12-26,88.80000305175781,89.80000305175781,82.75,82.75,395687,ONMOBILE.NS,97.91250038146973,103.73000030517578,94.18165210407892,98.26287549944242,31.295489017558296,0.03233998317689457
2022-12-27,91.0,92.5,90.0,90.0,286160,ONMOBILE.NS,97.29500045776368,103.32100036621094,93.69216716498985,97.72488472170593,36.7375879463765,0.03294498408588995
2022-12-28,92.0500030517578,93.4000015258789,89.75,91.0,253652,ONMOBILE.NS,96.86500053405761,102.86600036621094,93.43952653218491,97.30452311652459,37.447407460671684,0.03279943958286473
2022-12-29,91.1999969482422,92.5,90.1999969482422,92.1999969482422,117488,ONMOBILE.NS,96.28500022888184,102.40800033569336,93.09498351927066,96.85233599294811,37.98007935872284,0.03226653779296449
2022-12-30,90.0999984741211,93.1999969482422,89.69999694824219,91.8499984741211,290004,ONMOBILE.NS,95.6150001525879,101.96500030517578,92.63421658924764,96.35216284340537,38.3070274279482,0.03216438376156456
2023-01-02,93.0500030517578,94.9000015258789,90.25,90.25,429432,ONMOBILE.NS,95.1150001525879,101.59400039672852,92.69818373732613,96.10755841439443,45.98025654992581,0.03333743187697953
2023-01-03,102.25,104.4000015258789,93.4499969482422,93.75,7569120,ONMOBILE.NS,95.14500007629394,101.42000045776368,94.16769393158364,96.56255408740226,56.723160393494005,0.040457827591376415
2023-01-04,100.0999984741211,103.6999969482422,99.1999969482422,102.25,1374392,ONMOBILE.NS,95.13250007629395,101.18100036621094,95.0803561688971,96.824587004937,50.17544034983487,0.040647795986279406
2023-01-05,97.4000015258789,100.0,97.0,100.0,493653,ONMOBILE.NS,94.95250015258789,100.90400039672852,95.43722468535583,96.86721030278454,48.69466373776506,0.0410814500183749
2023-01-06,94.6999969482422,97.1500015258789,94.0,97.0500030517578,399692,ONMOBILE.NS,94.70499992370605,100.58000030517579,95.32380503349219,96.70667598022585,46.73202679562502,0.04143242392284701
2023-01-09,97.4000015258789,99.8000030517578,95.6999969482422,96.0,865273,ONMOBILE.NS,94.6625,100.35800033569336,95.64321987847475,96.758033428052,50.31250307957234,0.0418575178613686
2023-01-10,95.6999969482422,97.8000030517578,95.25,97.8000030517578,258349,ONMOBILE.NS,94.65249977111816,100.12100021362305,95.65195481228514,96.6796603554735,49.94829055877442,0.04168450848174736
2023-01-11,95.9499969482422,97.9000015258789,94.5,96.1999969482422,343379,ONMOBILE.NS,94.63499946594239,99.83200012207031,95.69780744858623,96.62561121419711,55.391598212869205,0.04167916392592239
2023-01-12,94.9499969482422,96.75,94.25,96.1500015258789,217422,ONMOBILE.NS,94.38499946594239,99.55600006103515,95.58275967930254,96.50149163894119,66.66665276978132,0.04079651575721009
2023-01-13,95.5999984741211,96.9000015258789,95.3499984741211,95.3499984741211,213258,ONMOBILE.NS,94.23749923706055,99.29100006103516,95.58541180158232,96.43471436747303,60.897421633085564,0.040733976767297286
2023-01-16,95.3499984741211,96.5999984741211,95.1500015258789,96.0500030517578,286495,ONMOBILE.NS,94.1199993133545,98.98699996948243,95.54919436658828,96.35436504203955,57.4358890089594,0.04069486680760019
2023-01-17,95.0,97.3000030517578,94.9000015258789,95.3499984741211,376050,ONMOBILE.NS,94.01499938964844,98.69300003051758,95.4647029255747,96.25404170559217,55.16636612305154,0.040680383945216406
2023-01-18,95.5500030517578,96.4499969482422,95.0999984741211,95.9499969482422,295931,ONMOBILE.NS,94.00499954223633,98.47200012207031,95.47782602191056,96.20189069419703,57.69912168837191,0.04057229482012105
2023-01-19,94.5999984741211,95.75,94.5,95.1500015258789,157103,ONMOBILE.NS,94.17499961853028,98.28200012207031,95.34277562994295,96.08323201122843,58.0071113505213,0.039065210780344875
2023-01-20,93.6999969482422,96.1999969482422,93.5,95.0,217857,ONMOBILE.NS,94.72249946594238,98.0420001220703,95.09004044814284,95.90669608063686,51.24758817582335,0.03222597396916546
2023-01-23,93.6500015258789,96.3000030517578,93.0,94.4499969482422,642301,ONMOBILE.NS,94.96499938964844,97.80000015258788,94.86849599856379,95.73953352102517,24.556242802305306,0.028194404427991225
2023-01-24,93.5,96.0,93.1999969482422,94.4499969482422,572532,ONMOBILE.NS,95.08999938964844,97.55000015258788,94.6579581526309,95.57364214909738,27.85237906271189,0.02773671251219362
2023-01-25,91.0,93.9000015258789,90.6500015258789,93.5,415955,ONMOBILE.NS,95.03749923706054,97.2900001525879,94.09519535991845,95.23485384175683,28.23131670196757,0.028336683906496362
2023-01-27,88.05000305175781,93.0,86.30000305175781,91.4499969482422,522586,ONMOBILE.NS,94.87999954223633,97.03800018310547,93.16516577404758,94.70264267212727,27.759235897624166,0.029186831360666687
2023-01-30,85.80000305175781,89.25,85.05000305175781,88.44999694824219,428015,ONMOBILE.NS,94.66499977111816,96.69900024414062,92.03206381677224,94.04318788543323,10.000026308242994,0.029600055261523994
2023-01-31,88.5,88.8499984741211,86.0,86.0,272957,ONMOBILE.NS,94.43749961853027,96.40300018310546,91.48866938342266,93.63258137540114,26.77420339276702,0.02952259585861276
2023-02-01,87.0,91.0,86.0,89.19999694824219,279658,ONMOBILE.NS,93.67499961853028,96.11000015258789,90.7981048628961,93.14127905129736,23.28359119927694,0.017642109940797443
2023-02-02,85.6500015258789,88.6500015258789,85.19999694824219,86.55000305175781,270006,ONMOBILE.NS,92.95249977111817,95.80000015258788,90.00608896489345,92.58636960497007,22.807028502260366,0.01746842717114166
2023-02-03,85.19999694824219,86.5999984741211,84.19999694824219,85.94999694824219,225384,ONMOBILE.NS,92.34249954223633,95.48100006103516,89.26669019310094,92.03923088965689,19.230767494448315,0.01686671694376316
2023-02-06,85.44999694824219,86.69999694824219,84.69999694824219,85.25,207640,ONMOBILE.NS,91.87999954223633,95.07,88.67950661696882,91.55113948658914,20.71005730171359,0.016220531427349017
2023-02-07,84.25,88.3499984741211,82.0,83.0,605959,ONMOBILE.NS,91.22249946594238,94.63899993896484,87.99804406051209,91.01031433943439,19.718309859154886,0.014266554589658925
2023-02-08,80.94999694824219,84.69999694824219,80.0,84.69999694824219,521299,ONMOBILE.NS,90.48499946594238,94.19099990844727,86.91372912016287,90.26510564379052,14.390229015815564,0.015833939236534672
2023-02-09,79.75,81.05000305175781,77.6500015258789,80.9000015258789,476467,ONMOBILE.NS,89.67499961853028,93.77299987792969,85.81161694783012,89.48620892943566,14.216857989890954,0.015685763477665062
2023-02-10,80.0999984741211,82.9000015258789,79.44999694824219,79.6500015258789,385996,ONMOBILE.NS,88.93249969482422,93.31899978637695,84.93290641341335,88.79093408089385,16.336619640111437,0.015966486991252252
2023-02-13,77.55000305175781,80.4000015258789,77.05000305175781,80.0999984741211,271072,ONMOBILE.NS,88.02999992370606,92.79999984741211,83.7970751270048,87.95827252318007,14.53743160849558,0.0163671688824555
2023-02-14,74.19999694824219,77.94999694824219,73.5,77.5,523892,ONMOBILE.NS,86.97249984741211,92.2229997253418,82.32060156104131,86.9391409991106,12.74129806961544,0.01781824371666373
2023-02-15,71.55000305175781,75.94999694824219,71.0,74.4000015258789,628992,ONMOBILE.NS,85.8,91.62099975585937,80.66358640576694,85.79920485486224,12.667934620890662,0.018430736383749206
2023-02-16,72.30000305175781,81.5999984741211,71.5,72.19999694824219,5926444,ONMOBILE.NS,84.6375,91.05999984741212,79.37688127438092,84.79926398055821,16.981119400550085,0.018722301468209815
2023-02-17,74.05000305175781,76.9000015258789,72.80000305175781,72.8499984741211,1674608,ONMOBILE.NS,83.61000022888183,90.52099990844727,78.55736154782352,84.0030224302767,24.839390563072413,0.020548673874204813
2023-02-20,72.44999694824219,74.4000015258789,72.0,74.4000015258789,468800,ONMOBILE.NS,82.54750022888183,89.97699981689453,77.61776699404177,83.14724276494081,13.932577411780201,0.020650295671722906
2023-02-21,71.3499984741211,73.5999984741211,71.05000305175781,73.25,528045,ONMOBILE.NS,81.43250007629395,89.43899978637695,76.65349491405397,82.27337281747269,14.187637027950814,0.02045967473766321
2023-02-22,68.94999694824219,71.30000305175781,68.5,71.30000305175781,543748,ONMOBILE.NS,80.20499992370605,88.89999969482422,75.46834138085215,81.28645608641858,13.537110338695115,0.020747090698154256
2023-02-23,69.19999694824219,70.80000305175781,68.19999694824219,69.5,621373,ONMOBILE.NS,79.11499977111816,88.35799957275391,74.50398069891216,80.39116281692404,14.757704513173977,0.020945864771386824
2023-02-24,71.69999694824219,73.4000015258789,69.4000015258789,70.0,721191,ONMOBILE.NS,78.29749946594238,87.7929995727539,74.07259858342448,79.74737275257723,22.44488640915698,0.02315943208147457
2023-02-27,69.5999984741211,72.4000015258789,69.1500015258789,72.4000015258789,479715,ONMOBILE.NS,77.48749923706055,87.21399948120117,73.38450625891626,78.99571539861752,21.66343831597264,0.023306363272395277
2023-02-28,67.75,70.30000305175781,67.25,70.30000305175781,356418,ONMOBILE.NS,76.44999923706055,86.61499954223633,72.51765914215991,78.16269944316437,22.950819159540686,0.02138615896969023
2023-03-01,69.75,70.0999984741211,67.4000015258789,68.0,340555,ONMOBILE.NS,75.58749923706054,86.0679995727539,72.09186542798146,77.5395365214485,30.158727755922314,0.023372518730323186
2023-03-02,68.69999694824219,71.4000015258789,68.5,70.3499984741211,409637,ONMOBILE.NS,74.73999900817871,85.52699951171876,71.57003950802158,76.88475581232211,27.992276343134208,0.023367750581046818
2023-03-03,70.30000305175781,71.19999694824219,69.30000305175781,69.3499984741211,438586,ONMOBILE.NS,73.9949993133545,85.10899963378907,71.374649283981,76.39699634857661,35.470948992247685,0.024559475720254638
2023-03-06,71.05000305175781,73.1500015258789,70.44999694824219,70.8499984741211,617963,ONMOBILE.NS,73.27499961853027,84.87499969482423,71.32470370979281,76.00092277103448,42.95303571306657,0.024821387754907075
2023-03-08,70.19999694824219,70.8499984741211,69.80000305175781,70.8499984741211,220386,ONMOBILE.NS,72.57249946594239,84.50299957275391,71.15167190032349,75.57122456193875,46.715316543482686,0.024803017596522547
2023-03-09,72.30000305175781,74.3499984741211,70.55000305175781,70.94999694824219,1042233,ONMOBILE.NS,72.13999977111817,84.12899963378906,71.32833823131338,75.3289118574809,50.0,0.025157148628500194
2023-03-10,70.94999694824219,72.30000305175781,70.5,71.1500015258789,385503,ONMOBILE.NS,71.69999961853027,83.70699951171875,71.27013188007166,75.00454779012988,42.790693713245886,0.025248113580866382
2023-03-13,68.69999694824219,71.8499984741211,68.05000305175781,71.8499984741211,487251,ONMOBILE.NS,71.12999954223633,83.25699951171875,70.87472650594404,74.53754402406413,41.5349980435705,0.025786751622662925
2023-03-14,66.75,69.3499984741211,66.4000015258789,68.94999694824219,344364,ONMOBILE.NS,70.58999938964844,82.78999954223633,70.24015319733726,73.9606889111705,40.000013268499025,0.025625195244928903
2023-03-15,65.69999694824219,67.9000015258789,65.30000305175781,67.3499984741211,340652,ONMOBILE.NS,70.16499938964844,82.24299942016602,69.54166762055341,73.34878580280544,42.494234791973255,0.024293431860283123
2023-03-16,65.0999984741211,65.8499984741211,63.04999923706055,65.8499984741211,517892,ONMOBILE.NS,69.84249916076661,81.49999938964844,68.85833390571767,72.73776451919919,40.68183134408638,0.023275634093787537
2023-03-17,66.5,68.5,65.8499984741211,66.4000015258789,429151,ONMOBILE.NS,69.55249900817871,80.82799942016601,68.49551330483803,72.2757078881474,37.559830445118074,0.023773169864416993
2023-03-20,63.84999847412109,66.5999984741211,63.5,66.5999984741211,297493,ONMOBILE.NS,69.04249877929688,80.15699935913086,67.78081871549696,71.65158126488619,36.5967537590281,0.024099458567396766
2023-03-21,64.44999694824219,65.9000015258789,63.650001525878906,64.69999694824219,454344,ONMOBILE.NS,68.64249877929687,79.55199935913086,67.26838459745777,71.11813057476441,41.831686720868035,0.02411482447634401
2023-03-22,68.05000305175781,69.55000305175781,64.6500015258789,65.19999694824219,1236431,ONMOBILE.NS,68.47749900817871,78.96499938964844,67.388633590427,70.89086186935651,46.100930434727836,0.027602148803893032
2023-03-23,66.5,68.5999984741211,66.30000305175781,67.05000305175781,321966,ONMOBILE.NS,68.3549991607666,78.38099945068359,67.2519207303613,70.56561284199677,45.067278841975984,0.027048401343847644
2023-03-24,64.30000305175781,67.25,64.0,67.0999984741211,571327,ONMOBILE.NS,68.10999946594238,77.74799957275391,66.79777954903768,70.10149359827537,36.89957728535105,0.027916521819761276
2023-03-27,60.09999847412109,65.0,59.20000076293945,65.0,650354,ONMOBILE.NS,67.52999954223633,77.05099960327148,65.76735169135821,69.36064210759727,29.22202556003603,0.029544896255938532
2023-03-28,56.75,61.25,55.54999923706055,60.5,758575,ONMOBILE.NS,66.88749961853027,76.27399963378906,64.38006681576464,68.42652046999748,26.689797246015402,0.031082668197427273
2023-03-29,61.34999847412109,62.29999923706055,57.34999847412109,57.34999847412109,1407073,ONMOBILE.NS,66.56749954223633,75.59399963378907,63.91390245551178,67.90233365548812,32.53588551678722,0.03679780076985315
2023-03-31,60.400001525878906,63.75,60.0,63.0,685666,ONMOBILE.NS,66.09999961853028,74.90199966430664,63.37330231249134,67.34660534959114,32.956391176132,0.035987252827986406
2023-04-03,63.25,63.900001525878906,60.54999923706055,60.79999923706055,656230,ONMOBILE.NS,65.82749977111817,74.25599960327149,63.354332725954215,67.04315310147328,41.362921678166785,0.03785664357207454
2023-04-05,65.6500015258789,66.0999984741211,63.25,63.45000076293945,584637,ONMOBILE.NS,65.59499969482422,73.67699966430663,63.70751254132725,66.93995668846628,48.281252793967056,0.0385371405102105
2023-04-06,66.44999694824219,67.5,65.0,65.80000305175781,549601,ONMOBILE.NS,65.36499938964843,73.13199966430665,64.12943321931417,66.90366337437561,51.181102362204726,0.03856635673087952
2023-04-10,65.1500015258789,67.5,64.5999984741211,66.4000015258789,487518,ONMOBILE.NS,65.11249961853028,72.56199966430664,64.28644372801644,66.77376249670918,50.0770463119574,0.038700266612096856
2023-04-11,67.8499984741211,72.19999694824219,65.3499984741211,65.3499984741211,3969825,ONMOBILE.NS,64.88999938964844,72.04899963378907,64.83468291972486,66.85348368022117,51.99999819155052,0.03929785620574452
2023-04-12,68.75,70.44999694824219,66.5999984741211,68.30000305175781,936283,ONMOBILE.NS,64.77999954223633,71.60399963378906,65.43703939361333,66.99396637057517,57.65625420957905,0.039252550721480844
2023-04-13,68.80000305175781,70.19999694824219,68.0,68.94999694824219,471708,ONMOBILE.NS,64.78499984741211,71.21899963378907,65.95441841794326,67.12774686547758,56.915749643274225,0.03857437465212571
2023-04-17,68.30000305175781,68.80000305175781,67.0,68.75,343990,ONMOBILE.NS,64.8625,70.86899963378906,66.31527759237626,67.21458065705389,50.44091724997241,0.03801923510411079
2023-04-18,69.55000305175781,70.80000305175781,68.4000015258789,68.69999694824219,373136,ONMOBILE.NS,65.05500030517578,70.48999969482422,66.81292766305035,67.38757490851344,55.43672794845629,0.03795340139239411
2023-04-19,69.5999984741211,71.25,69.30000305175781,69.5999984741211,328535,ONMOBILE.NS,65.28000030517578,70.14199966430664,67.24170778783046,67.5514581355955,60.231656819636605,0.037844151125373766
2023-04-20,68.1500015258789,69.94999694824219,67.5999984741211,69.94999694824219,282504,ONMOBILE.NS,65.36250038146973,69.79199966430664,67.38144528599176,67.5957946830239,67.38663170654061,0.03799873329143463
2023-04-21,68.55000305175781,70.5,68.1500015258789,68.1500015258789,448246,ONMOBILE.NS,65.59750061035156,69.45899978637695,67.56122340380192,67.66647678441159,79.20795482185727,0.036707686528971564
2023-04-24,68.0,68.75,67.6500015258789,68.5999984741211,162000,ONMOBILE.NS,65.77500076293946,69.10999984741211,67.6287274955247,67.6911822077885,70.58825752511683,0.03678433352024211
2023-04-25,68.0999984741211,70.25,67.75,68.25,400233,ONMOBILE.NS,65.77750053405762,68.78699981689454,67.70123072300106,67.72146489418351,75.16340879625012,0.034644321335698294
2023-04-26,70.30000305175781,72.75,68.19999694824219,68.30000305175781,1410129,ONMOBILE.NS,65.96750068664551,68.57399993896485,68.1010418505021,67.9124677206705,74.06145388719115,0.03487644317072407
2023-04-27,69.44999694824219,71.19999694824219,69.19999694824219,70.6500015258789,301381,ONMOBILE.NS,66.22500038146973,68.36799987792969,68.30857340400058,68.02635877456471,64.50380101138992,0.03402760682492713
2023-04-28,69.9000015258789,71.25,68.8499984741211,69.80000305175781,486091,ONMOBILE.NS,66.71500053405762,68.16399993896485,68.55340849967416,68.16514712651392,63.52942162043456,0.029810321875313222
2023-05-02,71.19999694824219,73.25,70.4000015258789,70.44999694824219,680424,ONMOBILE.NS,67.43750038146973,68.03699981689454,68.96057595330001,68.3899508170123,73.72545804763013,0.025811049221933478
2023-05-03,69.75,71.44999694824219,69.25,70.94999694824219,344683,ONMOBILE.NS,67.85750045776368,67.94799987792969,69.08202580663847,68.49069520093732,58.2608707190003,0.020981611049052794
2023-05-04,70.3499984741211,71.30000305175781,69.5999984741211,69.80000305175781,425730,ONMOBILE.NS,68.35500030517578,67.92399978637695,69.27709852471271,68.6284213693213,57.14284741149054,0.02032564591088082
2023-05-05,69.30000305175781,72.0999984741211,69.05000305175781,70.0,439630,ONMOBILE.NS,68.65750045776367,67.86399978637695,69.28062229810426,68.6781681606129,52.04918084045931,0.018676980613954456
2023-05-08,69.19999694824219,70.1500015258789,68.6500015258789,69.94999694824219,318263,ONMOBILE.NS,68.83500022888184,67.76699966430664,69.26821839812548,68.71682214488173,53.81353247341027,0.016992313011403255
2023-05-09,68.94999694824219,70.5,68.5,69.69999694824219,328402,ONMOBILE.NS,68.96000022888184,67.69699966430665,69.2192612519896,68.73409435253807,47.222194750130335,0.016898649969463716
2023-05-10,68.6500015258789,69.75,67.69999694824219,69.44999694824219,304105,ONMOBILE.NS,69.13500022888184,67.6429997253418,69.13168283258796,68.72786525426702,45.70137246210505,0.016205953004955014
2023-05-11,71.25,72.44999694824219,69.05000305175781,69.05000305175781,920945,ONMOBILE.NS,69.30500030517578,67.68899978637695,69.45757778142058,68.91469005024723,62.704907012098836,0.01577114725448904
2023-05-12,71.55000305175781,73.9000015258789,70.9000015258789,71.5999984741211,1363734,ONMOBILE.NS,69.44500045776367,67.73599990844727,69.77948936147246,69.1098984207295,62.39668796170424,0.015576600682332535
2023-05-15,69.80000305175781,71.44999694824219,69.5,71.30000305175781,368157,ONMOBILE.NS,69.49500045776367,67.69800003051758,69.78264531382405,69.16101728228715,56.76692721329832,0.016673874749403253
2023-05-16,78.1500015258789,80.5,69.94999694824219,70.1500015258789,7298978,ONMOBILE.NS,69.98750038146973,67.86900009155273,71.06993088490941,69.82686796699765,73.31786920776804,0.03121966460650869
2023-05-17,74.75,78.0999984741211,74.19999694824219,77.8499984741211,1671329,ONMOBILE.NS,70.24750022888183,68.00900009155274,71.63609536415412,70.19154441388672,59.780213073059755,0.03306711439590298
2023-05-18,75.0999984741211,77.19999694824219,74.5,74.6500015258789,928487,ONMOBILE.NS,70.52250022888184,68.11600006103515,72.16900353491826,70.5551336035337,62.69663699602688,0.03305761367379747
2023-05-19,77.5999984741211,78.9000015258789,74.69999694824219,75.30000305175781,2118778,ONMOBILE.NS,70.99500007629395,68.29400009155273,73.00454121787254,71.07697544579943,65.84362307883586,0.033106634524873745
2023-05-22,80.94999694824219,82.4000015258789,76.0,77.5999984741211,2537717,ONMOBILE.NS,71.61499977111816,68.50699996948242,74.22691902254479,71.8083103719063,68.50095519473638,0.0340753826710485
2023-05-23,81.75,83.1500015258789,81.0,81.5,1498047,ONMOBILE.NS,72.30249977111816,68.72099990844727,75.38431609599944,72.54473182583916,73.34630627421294,0.03384241623317928
2023-05-24,82.69999694824219,84.30000305175781,80.1500015258789,81.0,1618045,ONMOBILE.NS,73.03249969482422,68.97099990844727,76.50980545788295,73.29697368675791,73.70441582404065,0.03378743791206132
2023-05-25,81.4000015258789,83.25,81.0,82.6500015258789,613155,ONMOBILE.NS,73.58749961853027,69.15299987792969,77.26214331449772,73.89719797113723,73.0038033843768,0.033846168565204005
2023-05-26,80.80000305175781,82.44999694824219,80.0999984741211,81.5999984741211,616545,ONMOBILE.NS,74.15499992370606,69.35,77.80642942792235,74.40851686599801,71.64181228947986,0.03371580100695145
2023-05-29,82.5,83.5,79.4000015258789,81.30000305175781,978425,ONMOBILE.NS,74.78499984741211,69.62600006103516,78.528517208242,75.0078859870352,73.98231923996606,0.033835626998909595
2023-05-30,77.19999694824219,79.5,76.5,79.0,2008656,ONMOBILE.NS,75.0849998474121,69.835,78.32412947593433,75.17026457675422,62.85713892361954,0.03745538173985054
2023-05-31,74.1500015258789,77.8499984741211,73.25,76.94999694824219,844698,ONMOBILE.NS,75.30499992370605,70.00400009155274,77.68195594515657,75.09468953594865,54.3026742507853,0.03836318986673694
2023-06-01,74.5999984741211,75.5,73.69999694824219,73.94999694824219,507718,ONMOBILE.NS,75.51749992370605,70.19400009155274,77.20780864192034,75.05804575359105,54.50516533931664,0.038350481759641425
2023-06-02,74.6500015258789,75.6500015258789,74.4000015258789,74.94999694824219,317826,ONMOBILE.NS,75.78499984741211,70.35700012207032,76.81429985483703,75.02782025524199,57.54276912255756,0.0381114393312233
2023-06-05,75.05000305175781,77.8499984741211,74.69999694824219,75.4000015258789,836119,ONMOBILE.NS,76.07750015258789,70.58100021362304,76.54286957744023,75.02946342535428,43.5950416480004,0.03808693009209698
2023-06-06,74.5,75.69999694824219,74.1500015258789,75.4000015258789,375441,ONMOBILE.NS,76.35500030517578,70.7820002746582,76.22858195014173,74.99024391236507,49.414519655258424,0.03813882719777882
2023-06-07,74.0,75.69999694824219,73.6500015258789,74.94999694824219,588149,ONMOBILE.NS,76.62250022888183,70.90100021362305,75.88572318858147,74.91689251144915,47.441863105902776,0.03817146161641751
2023-06-08,72.8499984741211,74.9000015258789,72.55000305175781,74.0999984741211,497235,ONMOBILE.NS,76.70250015258789,71.02800018310546,75.41868861712602,74.76378924942486,38.21339593351256,0.03757247467189699
2023-06-09,72.1500015258789,73.5999984741211,71.8499984741211,73.0,255303,ONMOBILE.NS,76.73250007629395,71.18500015258789,74.91581368001108,74.57017534397701,24.857144974690016,0.03765205508758119
2023-06-12,73.3499984741211,75.4000015258789,71.94999694824219,72.75,716682,ONMOBILE.NS,76.90999984741211,71.45000015258789,74.6749190329511,74.47979187213583,26.536290585533038,0.03730518558103631
2023-06-13,73.25,74.55000305175781,73.0,74.05000305175781,255344,ONMOBILE.NS,76.66499977111816,71.78000015258789,74.45570072018938,74.38869617790355,22.287379137774877,0.025295415206928358
2023-06-14,73.69999694824219,74.5999984741211,73.4000015258789,73.9000015258789,287503,ONMOBILE.NS,76.61249961853028,72.02700012207032,74.33943860142828,74.33768142015086,26.234538103434872,0.02347382229750252
2023-06-15,74.05000305175781,74.94999694824219,73.80000305175781,74.0,422369,ONMOBILE.NS,76.55999984741212,72.30000015258788,74.29491005532513,74.316371911381,28.84012134327115,0.02347459462705763
2023-06-16,78.5999984741211,80.5,74.0,74.4000015258789,2902322,ONMOBILE.NS,76.60999984741211,72.60700012207032,74.95723135052451,74.63367758269509,39.6276529907031,0.026280321353877683
2023-06-19,78.0999984741211,79.80000305175781,77.5,78.69999694824219,768654,ONMOBILE.NS,76.46749992370606,72.85600006103516,75.44073398492398,74.89044209317109,53.21429291550386,0.024357661146027113
2023-06-20,76.8499984741211,78.4000015258789,76.5999984741211,78.30000305175781,415524,ONMOBILE.NS,76.22249984741211,73.06400009155273,75.65754390633892,75.0355944176859,61.06556403127302,0.024408332142702063
2023-06-21,76.69999694824219,79.0999984741211,76.19999694824219,77.1500015258789,550810,ONMOBILE.NS,75.92249984741211,73.295,75.81792129740096,75.15888349402341,58.823521869111666,0.02417379279976378
2023-06-22,76.55000305175781,78.25,76.0999984741211,76.80000305175781,368742,ONMOBILE.NS,75.67999992370605,73.46900009155273,75.9305492596097,75.26192938718893,57.9166780577838,0.024002333798295226
2023-06-23,75.25,76.80000305175781,75.0,76.80000305175781,719964,ONMOBILE.NS,75.40249977111816,73.59900009155274,75.82584937351591,75.26104572887864,50.775182336701306,0.0241942888502388
2023-06-26,74.44999694824219,75.5999984741211,74.25,75.44999694824219,299252,ONMOBILE.NS,74.99999961853027,73.71199996948242,75.61417976962764,75.20096804142409,49.80987423967102,0.023547066684771013
2023-06-27,74.5,75.9000015258789,74.0999984741211,74.6500015258789,323236,ONMOBILE.NS,74.86499977111816,73.83599990844726,75.44276749737723,75.14904448280008,51.968504410031386,0.018956955728711943
2023-06-28,75.1500015258789,76.5999984741211,74.55000305175781,75.0,358613,ONMOBILE.NS,74.91499977111816,73.94799987792969,75.39772657868518,75.14911537487998,59.42624437332013,0.01683082493647308
2023-06-30,76.8499984741211,78.19999694824219,75.0,75.44999694824219,517809,ONMOBILE.NS,75.02749977111816,74.09299987792969,75.62115302413686,75.2751067155645,67.80302285928965,0.017497266296461787
2023-07-03,76.19999694824219,77.6500015258789,75.5999984741211,76.8499984741211,252790,ONMOBILE.NS,75.10499954223633,74.25399978637695,75.71020593553769,75.34361710317026,61.2648147444515,0.017642042318876092
2023-07-04,81.1500015258789,82.5,76.5,76.5,3226928,ONMOBILE.NS,75.40999946594238,74.50599975585938,76.54709756482094,75.77371965300054,72.57142309072304,0.022696391559571108
2023-07-05,82.5,84.19999694824219,80.30000305175781,81.0,2069373,ONMOBILE.NS,75.80999946594238,74.79599975585937,77.46292870869465,76.27196264166717,73.91303987268869,0.02269094958544114
2023-07-06,82.0,84.4000015258789,81.75,82.25,960535,ONMOBILE.NS,76.20999946594239,75.07399978637696,78.16093967658777,76.69626170524738,71.42855967748437,0.022673201100907158
2023-07-07,80.75,82.6500015258789,79.9000015258789,82.3499984741211,538048,ONMOBILE.NS,76.60499954223633,75.2829997253418,78.55925664942042,76.9965386159698,57.04918180412828,0.022658884704728037
2023-07-10,78.94999694824219,81.1500015258789,78.5999984741211,81.1500015258789,298542,ONMOBILE.NS,76.94499931335449,75.4729997253418,78.61937054154684,77.14123923317516,52.56796956357586,0.023270172361142177
2023-07-11,79.4000015258789,81.0999984741211,79.05000305175781,79.1500015258789,477603,ONMOBILE.NS,77.24749946594238,75.66299972534179,78.73946761605947,77.30855495856062,58.095239940592506,0.023104531411538513
2023-07-12,78.5,81.80000305175781,72.30000305175781,75.5,3214667,ONMOBILE.NS,77.50999946594239,75.80899978637696,78.70262644435802,77.39681014681538,55.45454965806473,0.02333771420436428
2023-07-13,76.25,79.1500015258789,75.75,78.80000305175781,755479,ONMOBILE.NS,77.63749961853027,75.93899978637695,78.32529929907216,77.31186124705128,49.193541109673646,0.024420030665683344
2023-07-14,76.69999694824219,77.80000305175781,76.0,76.5,426803,ONMOBILE.NS,77.76999931335449,76.06599975585938,78.07525278355985,77.26653796565802,54.0844949345162,0.024428271330798675
2023-07-17,77.3499984741211,78.6500015258789,76.5999984741211,77.4000015258789,367025,ONMOBILE.NS,77.70749931335449,76.22699966430665,77.96367519749235,77.27272022554418,58.23863427008643,0.0201439874559344
2023-07-18,78.9000015258789,80.4000015258789,77.69999694824219,78.5,881316,ONMOBILE.NS,77.74749946594238,76.42099975585937,78.10772540185951,77.39325958112452,61.5183203200988,0.020607100799538546
2023-07-19,77.55000305175781,79.05000305175781,77.30000305175781,79.0,489426,ONMOBILE.NS,77.78249969482422,76.59299987792969,78.02192196338233,77.40487020857884,56.06060664442841,0.02065569753460853
2023-07-20,77.4000015258789,78.5999984741211,77.0,77.5999984741211,358635,ONMOBILE.NS,77.81749992370605,76.76799987792968,77.92624189607412,77.40450956541588,51.506856416169114,0.020655580999258558
2023-07-21,77.25,78.19999694824219,76.80000305175781,77.0,309847,ONMOBILE.NS,77.85249977111816,76.88799987792969,77.82220468129348,77.39306441242212,52.95775253274189,0.020655464460243838
2023-07-24,76.5999984741211,77.5999984741211,76.4000015258789,77.55000305175781,214042,ONMOBILE.NS,77.91999969482421,76.98899978637695,77.63417295711312,77.33431878736279,33.085505865268985,0.020357119823110233
2023-07-25,76.3499984741211,77.1500015258789,75.75,76.94999694824219,235711,ONMOBILE.NS,78.01499977111817,77.11999969482422,77.43660765203742,77.2614061715671,25.10123608409252,0.020200048410164165
2023-07-26,76.3499984741211,77.3499984741211,75.3499984741211,76.3499984741211,369165,ONMOBILE.NS,78.10749969482421,77.08399963378906,77.26943700928106,77.1938944902748,26.16035874208491,0.020201970254454523
2023-07-27,76.5,77.4000015258789,75.80000305175781,76.6500015258789,316710,ONMOBILE.NS,78.17499961853028,77.11899963378906,77.15106208477629,77.1424948984026,30.232586197841627,0.020129693666305674
2023-07-28,75.8499984741211,77.44999694824219,75.55000305175781,76.69999694824219,408116,ONMOBILE.NS,78.12499961853027,77.13399963378906,76.9508984523678,77.0467544225299,33.85419771070808,0.01957187701785628
2023-07-31,77.0,77.25,76.1500015258789,76.1500015258789,419719,ONMOBILE.NS,78.16499977111816,77.12199966430664,76.95845253661889,77.04329113197214,38.3495192375354,0.019776464755819543
2023-08-01,77.19999694824219,78.0,76.9000015258789,77.30000305175781,659514,ONMOBILE.NS,77.96749954223633,77.04699966430664,76.99561321533017,77.05489897021435,43.229155076881995,0.012796610406783987
2023-08-02,76.69999694824219,78.30000305175781,76.0,77.05000305175781,481244,ONMOBILE.NS,77.67749938964843,76.94599960327149,76.95013378962432,77.02860993154975,52.86622037173103,0.01200486824759553
2023-08-03,75.6500015258789,76.75,75.0,76.5999984741211,431997,ONMOBILE.NS,77.35999946594238,76.80499969482422,76.7501134413558,76.92649079038894,43.78701270090352,0.012207683199611824
2023-08-04,77.94999694824219,79.05000305175781,75.9000015258789,75.9000015258789,670865,ONMOBILE.NS,77.21999931335449,76.73599960327148,76.9347109039537,77.00230606134103,52.97028992458984,0.014104878998635165
2023-08-07,79.19999694824219,82.80000305175781,77.5,78.4000015258789,1700296,ONMOBILE.NS,77.2324993133545,76.70399948120117,77.28321644922885,77.16509797888926,51.530589604555836,0.01375483705049861
2023-08-08,95.0,95.0,83.80000305175781,86.0,15127954,ONMOBILE.NS,78.01249923706055,76.95399948120117,80.00887545703979,78.48620183230487,85.97937515101482,0.046671640625322544
2023-08-09,101.9499969482422,109.4499969482422,93.5999984741211,96.9000015258789,22250011,ONMOBILE.NS,79.18499908447265,77.44899948120117,83.38443260953247,80.22426072978172,89.53300972901518,0.04843548421744534
2023-08-10,103.1500015258789,106.3499984741211,101.3499984741211,101.9000015258789,4075728,ONMOBILE.NS,80.52999916076661,78.02899948120117,86.42528936589346,81.92246375171484,90.34268342218053,0.047386404569048635
2023-08-11,98.9000015258789,104.6999969482422,98.0999984741211,103.1500015258789,2527805,ONMOBILE.NS,81.63999938964844,78.51499954223632,88.34447585204508,83.18005914239366,81.23249994123015,0.04906517986120837
2023-08-14,101.6999969482422,103.3499984741211,97.0,98.9000015258789,2835867,ONMOBILE.NS,82.8574993133545,79.0559994506836,90.39917140530618,84.55190638727133,83.13725951694853,0.049151673365793146
2023-08-16,105.25,106.1999969482422,100.3499984741211,101.0,3019069,ONMOBILE.NS,84.17499923706055,79.65999938964843,92.68391426602831,86.0850985067327,84.569383601436,0.0493467968846869
2023-08-17,101.4499969482422,106.0,100.5,105.4000015258789,799760,ONMOBILE.NS,85.36999893188477,80.19899932861328,94.03254237098429,87.2232391320297,77.44774326019748,0.05018440222079952
2023-08-18,99.8499984741211,102.1999969482422,97.4000015258789,101.5,720620,ONMOBILE.NS,86.49249877929688,80.71599929809571,94.92753561762072,88.1585546388513,75.86207236744747,0.05051881587069637
2023-08-21,104.9499969482422,106.6500015258789,100.0999984741211,100.3499984741211,2206708,ONMOBILE.NS,87.87749862670898,81.35799926757812,96.46945274540865,89.40236518028766,77.75571204614187,0.051031066304048835
2023-08-22,104.25,106.4000015258789,103.0500030517578,105.5500030517578,706528,ONMOBILE.NS,89.25999870300294,81.99999923706055,97.66646001534579,90.50218998174785,76.59784456437423,0.05098758243372828
2023-08-23,109.0999984741211,111.4499969482422,103.8000030517578,103.9499969482422,2899697,ONMOBILE.NS,90.89749870300292,82.71499923706055,99.42546593208044,91.87980542562734,79.34783314787357,0.0511786365799413
2023-08-24,106.8000030517578,111.4000015258789,106.0999984741211,110.1999969482422,1049765,ONMOBILE.NS,92.41999893188476,83.3859992980957,100.5600101043385,92.98500524978515,77.59079488034413,0.05180704099424115
2023-08-25,104.8000030517578,108.8000030517578,102.9000015258789,106.6999969482422,1237458,ONMOBILE.NS,93.83499908447266,84.00799942016602,101.21231671163378,93.86019027215349,73.90917989502819,0.05234987470026067
2023-08-28,103.5999984741211,107.5,103.1500015258789,105.5,831269,ONMOBILE.NS,95.22249908447266,84.59899932861327,101.57965236740105,94.58165754637331,71.74688252187262,0.05242987527526909
2023-08-29,105.1500015258789,108.9499969482422,104.0,104.4499969482422,1022599,ONMOBILE.NS,96.6299991607666,85.12999938964843,102.12893685332072,95.3644978411515,62.126645036982964,0.05243024625244808
2023-08-30,111.5500030517578,114.1999969482422,106.25,106.25,3915701,ONMOBILE.NS,98.34749946594238,85.79899948120118,103.57833165308027,96.56342415304826,61.622282559500924,0.05320661619972007
2023-08-31,108.6999969482422,113.4499969482422,108.0,112.6500015258789,1340447,ONMOBILE.NS,99.94749946594239,86.4359994506836,104.36628016002827,97.46242954528485,56.4609951464977,0.05386946460536277
2023-09-01,117.6999969482422,118.8000030517578,108.0,109.8000030517578,4754925,ONMOBILE.NS,102.04999923706055,87.25599945068359,106.41762120436888,98.96150861217058,69.70649226224324,0.05510698310238339
2023-09-04,123.6999969482422,126.8499984741211,118.5,119.0,4494690,ONMOBILE.NS,104.33749923706054,88.19899932861328,109.07644824188786,100.79398922965737,71.61099807751285,0.05543002840241708
2023-09-05,121.6500015258789,127.5999984741211,120.5,124.0,2022116,ONMOBILE.NS,106.45999946594239,89.12699935913086,111.01084105480956,102.3388790293775,66.5991913150929,0.056173366612634446
2023-09-06,120.6999969482422,123.3000030517578,119.8000030517578,122.9499969482422,1354100,ONMOBILE.NS,107.7449993133545,90.05199935913086,112.50148042302996,103.69896183818229,70.67669037378622,0.03814031933859412
2023-09-07,123.75,125.0,119.3499984741211,120.75,1303662,ONMOBILE.NS,108.83499946594239,91.03699935913086,114.23202189640998,105.18422392424286,74.89583096570477,0.03556248994959952
2023-09-08,121.25,126.3499984741211,120.6500015258789,124.6999969482422,1235305,ONMOBILE.NS,109.73999938964843,91.95899932861329,115.31171083542381,106.37428141133599,67.95154159111495,0.03620692467556604
2023-09-11,118.5,122.5999984741211,117.8499984741211,121.9000015258789,998920,ONMOBILE.NS,110.71999931335449,92.79199935913086,115.80221686074321,107.27248278827406,65.01580224871725,0.03508202871577082
2023-09-12,109.1999969482422,119.4000015258789,106.3499984741211,119.3499984741211,2581936,ONMOBILE.NS,111.09499931335449,93.45199935913087,114.78649072035844,107.41526161493837,50.09633761250599,0.03989035884261194
2023-09-13,112.3499984741211,113.9000015258789,107.8499984741211,109.0999984741211,1226048,ONMOBILE.NS,111.44999923706055,94.07599929809571,114.41164575939885,107.78079767858154,55.26065688552199,0.03966813303538531
2023-09-14,114.4499969482422,116.25,112.5999984741211,113.5999984741211,951108,ONMOBILE.NS,112.09999923706054,94.71499923706055,114.41754594229783,108.27481243929714,59.12960264512522,0.03863036927563425
2023-09-15,112.75,116.8000030517578,112.3000030517578,114.5500030517578,697644,ONMOBILE.NS,112.7449993133545,95.32999923706055,114.16100041271355,108.60630781416401,58.575444396028836,0.038602745552860425
2023-09-18,112.1500015258789,114.6999969482422,111.3499984741211,113.4499969482422,540526,ONMOBILE.NS,113.10499954223633,95.95799926757813,113.85161596858514,108.86880364466141,56.679388145961354,0.03723351133510657
2023-09-20,110.9000015258789,113.4000015258789,110.0999984741211,111.5,526410,ONMOBILE.NS,113.43749961853027,96.59699935913086,113.39752143893803,109.01926274697382,49.31216780854601,0.0373142360323047
2023-09-21,108.0,114.0,107.1500015258789,110.6500015258789,1300297,ONMOBILE.NS,113.38249969482422,97.16899932861328,112.56713352525526,108.94376180275354,49.260045556998975,0.036458716461418156
2023-09-22,107.25,109.9000015258789,106.1999969482422,108.3000030517578,537063,ONMOBILE.NS,113.40499954223633,97.74399932861328,111.7491129829083,108.81829796551254,36.61972326302827,0.03616188223631186
2023-09-25,105.6999969482422,109.9000015258789,103.4499969482422,104.75,1298453,ONMOBILE.NS,113.44999923706055,98.33299926757813,110.81847974680582,108.587312704974,23.988443894853717,0.03605270967140363
2023-09-26,106.0999984741211,108.3499984741211,105.0999984741211,106.6999969482422,623087,ONMOBILE.NS,113.57499923706055,98.92099929809571,110.09255955100816,108.40306720639231,26.40364599252014,0.035935674878363445
2023-09-27,107.1999969482422,107.8000030517578,103.4000015258789,106.6999969482422,684413,ONMOBILE.NS,113.67749900817871,99.51799926757812,109.6475499198134,108.31395089097379,29.607254515632633,0.0358617380239022
2023-09-28,109.25,112.3499984741211,107.0999984741211,107.6999969482422,1130419,ONMOBILE.NS,113.56249885559082,100.12499923706055,109.58638839368825,108.38328786201276,27.414334512522174,0.03335646108811764
2023-09-29,107.1999969482422,110.8000030517578,106.5999984741211,110.8000030517578,517670,ONMOBILE.NS,113.48749885559081,100.71799911499023,109.21925124823501,108.29563668321494,27.804109024377894,0.03312214138705204
2023-10-03,105.6500015258789,109.9000015258789,104.9000015258789,106.9000015258789,827102,ONMOBILE.NS,112.88499908447265,101.28299911499023,108.67013590633407,108.09966370859746,28.89984147398374,0.026843642317248232
2023-10-04,102.5,106.0999984741211,101.5999984741211,105.6999969482422,746953,ONMOBILE.NS,111.82499923706055,101.78799911499023,107.72088422843652,107.68487380425691,36.21399978022319,0.023886542337971044
2023-10-05,107.0500030517578,109.0,102.5,103.5,1477975,ONMOBILE.NS,111.09499931335449,102.39699920654297,107.61767173971671,107.63784634110883,39.68872669584041,0.02661390200248073
2023-10-06,115.75,116.4000015258789,105.3499984741211,107.8499984741211,2834178,ONMOBILE.NS,110.84749946594238,103.18499923706055,108.86879916437567,108.2387466121378,52.012388434878254,0.032990578890395875
2023-10-09,108.6999969482422,114.4499969482422,108.0,114.0999984741211,1259178,ONMOBILE.NS,110.09499931335449,103.83199920654297,108.84282959266284,108.27291330370109,44.62151119930001,0.03487370237565163
2023-10-10,110.5,112.5999984741211,109.0999984741211,109.75,939676,ONMOBILE.NS,109.5574993133545,104.51199920654297,109.09777888609932,108.43788268861212,47.87644666328499,0.03504774285218961
2023-10-11,109.8000030517578,112.8000030517578,109.0,111.8000030517578,568398,ONMOBILE.NS,109.12249946594238,105.1909992980957,109.2058133731237,108.53878049328958,48.56397106089786,0.034779921063801116
2023-10-12,114.8499984741211,116.3000030517578,109.4499969482422,110.3000030517578,1892926,ONMOBILE.NS,109.40499954223633,105.94799926757813,110.07414954250791,109.00627812149932,58.4672406661583,0.03159666434994602
2023-10-13,119.3000030517578,125.0500030517578,113.0,113.0,6538442,ONMOBILE.NS,109.75249977111817,106.78999938964844,111.49351162085405,109.76877626448143,63.64665974289896,0.03209658452484908
2023-10-16,117.9499969482422,120.5,117.4000015258789,119.5500030517578,1234301,ONMOBILE.NS,109.92749977111816,107.61499938964843,112.48681705583684,110.37479261142667,63.936287369267475,0.03204985055394979
2023-10-17,116.1999969482422,121.0,115.0999984741211,119.0,1032855,ONMOBILE.NS,110.09999961853028,108.4259992980957,113.05807550082227,110.80628922896857,61.14789855703429,0.03204938540241893
2023-10-18,119.0500030517578,123.1999969482422,116.0,116.9499969482422,2850190,ONMOBILE.NS,110.44499969482422,109.24799942016601,113.9799105086585,111.41693469732331,62.5929877702718,0.03238423824821598
2023-10-19,118.0500030517578,120.0,117.4000015258789,118.4499969482422,630980,ONMOBILE.NS,110.80249977111816,110.02499954223633,114.60607859221224,111.90827309394808,59.56521753552726,0.03232472492162594
2023-10-20,122.9499969482422,128.39999389648438,117.5500030517578,118.0500030517578,7801571,ONMOBILE.NS,111.54999961853028,110.58399948120118,115.88975833929376,112.72617856463654,66.12077587731,0.03258460249263759
2023-10-23,110.25,123.4499969482422,109.0999984741211,123.1999969482422,2589407,ONMOBILE.NS,111.69999961853027,110.74999954223632,115.02210321017165,112.54275793021903,53.83333157433427,0.040833356917025554
2023-10-25,108.4499969482422,113.8499984741211,106.5,111.75,1253221,ONMOBILE.NS,111.83749961853027,110.8559994506836,114.01100993910558,112.2395904500726,55.07246037463509,0.04087567795216492
2023-10-26,111.9499969482422,112.5,104.3499984741211,108.0,1592115,ONMOBILE.NS,112.12999954223633,111.11699935913086,113.6939310174343,112.21813907956664,54.25346647331808,0.04143042187467808
2023-10-27,112.4499969482422,114.8499984741211,111.3499984741211,112.9000015258789,821487,ONMOBILE.NS,112.39249954223632,111.33199935913086,113.50255654525088,112.23531373650556,46.65991655853213,0.04140005417577067
2023-10-30,109.9499969482422,113.6500015258789,109.25,111.8499984741211,786590,ONMOBILE.NS,112.42749938964843,111.4259992980957,112.95600891494186,112.06603101144901,51.39353381258739,0.04159625446992497
2023-10-31,109.0500030517578,111.9499969482422,108.5,111.0,864060,ONMOBILE.NS,112.51999969482422,111.57799942016601,112.35508493599048,111.84262153295337,48.35040153705836,0.041396443447696996
2023-11-01,109.0999984741211,113.3000030517578,108.5500030517578,109.3499984741211,905971,ONMOBILE.NS,112.69249954223633,111.76299942016601,111.8543024033952,111.63946426933616,49.19168054083076,0.041224359328027316
2023-11-02,112.4000015258789,113.6999969482422,110.0999984741211,111.0,555237,ONMOBILE.NS,113.18749961853027,111.91199951171875,111.93825611454653,111.69580036241341,47.051748774614666,0.04093866947411479
2023-11-03,111.5,114.4000015258789,111.0,113.8499984741211,518331,ONMOBILE.NS,113.40999946594238,112.05699951171874,111.87083209692398,111.68129663186426,39.73683808979238,0.039979552869218275
2023-11-06,117.5999984741211,123.1999969482422,112.4499969482422,112.4499969482422,8007077,ONMOBILE.NS,113.50249938964843,112.22699951171874,112.75224230880045,112.11971899054994,49.59064498645178,0.037606756154467506
2023-11-07,112.3499984741211,118.4499969482422,111.5500030517578,118.0,3159336,ONMOBILE.NS,113.68499946594238,112.33799942016601,112.69035864192671,112.13677673007373,45.837838800847024,0.036341185160111714
2023-11-08,108.0,112.5999984741211,106.8499984741211,112.5999984741211,2621212,ONMOBILE.NS,113.55999946594238,112.40199935913085,111.96876500470721,111.83034882414235,38.429312478689646,0.037288949187124665
2023-11-09,107.9499969482422,109.9000015258789,107.5999984741211,108.5999984741211,816525,ONMOBILE.NS,113.46749916076661,112.48899932861327,111.35049299602028,111.54291535185345,39.20939237399437,0.03726343593505835
2023-11-10,107.8000030517578,109.1500015258789,107.1999969482422,107.4000015258789,497909,ONMOBILE.NS,113.11499938964843,112.54199935913086,110.80426377382605,111.2656625888834,31.985733300239346,0.03564481285777985
2023-11-13,105.9499969482422,107.9499969482422,105.0,107.4499969482422,640076,ONMOBILE.NS,112.44749908447265,112.42999923706054,110.057453492967,110.87190957846553,43.10896879430615,0.0344070224301982
2023-11-15,107.6500015258789,108.75,106.8000030517578,106.8499984741211,701719,ONMOBILE.NS,111.9324993133545,112.40899932861328,109.68707626726113,110.63324972271839,48.71383366300004,0.03469958789892829
2023-11-16,110.6500015258789,113.5,107.75,107.9499969482422,2071192,ONMOBILE.NS,111.65499954223633,112.26799942016602,109.8352186147408,110.63449059702657,47.87582436733989,0.03530443389760082
2023-11-17,111.5,113.1500015258789,111.0,111.9000015258789,1227878,ONMOBILE.NS,111.27749938964844,112.02399948120117,110.09133882785758,110.69860240465422,48.46527133777931,0.03484028912234678
2023-11-20,108.0500030517578,114.0,104.4499969482422,112.8000030517578,1521040,ONMOBILE.NS,110.77749938964844,111.75199951171875,109.77728716999609,110.50240985999523,47.021952570508496,0.03539532443560185
2023-11-21,109.0500030517578,110.8499984741211,108.0999984741211,108.9000015258789,796803,ONMOBILE.NS,110.08249969482422,111.51899963378906,109.66539730565174,110.39482417049616,50.0,0.03392641914224908
2023-11-22,107.25,110.1999969482422,106.8499984741211,110.1999969482422,512929,ONMOBILE.NS,109.93249969482422,111.18899963378907,109.29379772016685,110.16187423194089,47.2592621393812,0.025168537947177126
2023-11-23,108.0999984741211,109.25,107.6999969482422,107.9499969482422,465865,ONMOBILE.NS,109.91499977111816,110.92599960327148,109.11013629769828,110.0091426943246,43.13098621005354,0.02497873869662231
2023-11-24,107.4000015258789,109.0500030517578,107.0500030517578,109.0500030517578,335659,ONMOBILE.NS,109.6875,110.70399963378907,108.8470386404953,109.81587297814343,43.408362258389204,0.023831114765340236
2023-11-28,108.0999984741211,108.9499969482422,107.0,108.4499969482422,458047,ONMOBILE.NS,109.47000007629394,110.68199966430664,108.73210938413004,109.68877116303067,31.517507532914735,0.02386391143441174
2023-11-29,106.8499984741211,109.5999984741211,106.4499969482422,109.3000030517578,461248,ONMOBILE.NS,109.31500015258788,110.57199966430665,108.44255385951328,109.47849170459293,37.32718715786378,0.023497237347372055
2023-11-30,107.0,109.5,105.5999984741211,107.1999969482422,784371,ONMOBILE.NS,109.2125,110.4229997253418,108.22062249651124,109.29489972647492,47.14285714285714,0.023444269654692814
2023-12-01,106.5999984741211,108.5999984741211,106.0999984741211,108.4499969482422,524769,ONMOBILE.NS,109.0875,110.29999969482422,107.97129572383584,109.09527741148575,46.21849134587229,0.023452249873186722
2023-12-04,108.3499984741211,109.5,107.1999969482422,109.5,875484,ONMOBILE.NS,108.8849998474121,110.22399963378906,108.02955768541818,109.04007156427355,51.413869647608394,0.022676611513330187
2023-12-05,106.9499969482422,109.5999984741211,106.6500015258789,108.3499984741211,691412,ONMOBILE.NS,108.65749969482422,110.14499954223633,107.86347141816034,108.8852512223453,52.63157894736843,0.02277621082333243
2023-12-06,106.0999984741211,108.1999969482422,105.9499969482422,107.9000015258789,612704,ONMOBILE.NS,108.08249969482422,110.10699951171875,107.59216788830815,108.67893620395833,45.730017705245494,0.018496475439350443
2023-12-07,106.8000030517578,108.6500015258789,105.9499969482422,106.9499969482422,714525,ONMOBILE.NS,107.80499992370605,110.0979995727539,107.47029637499271,108.539755970462,37.85489323419446,0.016105960053780805
2023-12-08,105.9499969482422,108.1999969482422,105.3000030517578,107.8000030517578,479718,ONMOBILE.NS,107.70249977111817,110.1029995727539,107.23640415549264,108.34792196881608,32.492110679607904,0.0137526386827395
2023-12-11,106.25,107.25,106.0,106.5999984741211,367280,ONMOBILE.NS,107.61749992370605,110.10599960327148,107.08464967003223,108.19252034149636,42.913380623519195,0.013777450588999918
2023-12-12,106.0999984741211,108.1999969482422,105.75,106.9499969482422,537273,ONMOBILE.NS,107.53249969482422,110.08399963378906,106.93316487066129,108.03751872169079,37.55273772618551,0.013777509977252033
2023-12-13,105.8000030517578,106.8499984741211,105.5,106.5,388241,ONMOBILE.NS,107.525,110.01499969482421,106.75883228313768,107.87177682021427,42.99518795573617,0.013238635655611397
2023-12-14,109.0500030517578,112.5,106.0999984741211,106.5500030517578,2331425,ONMOBILE.NS,107.59500007629394,110.05199981689454,107.11132009369462,107.95905283736565,53.72550591831223,0.014518586835464925
2023-12-15,107.6999969482422,110.9499969482422,107.3000030517578,109.9000015258789,892211,ONMOBILE.NS,107.4474998474121,110.0929997253418,107.20188576362501,107.9398635122454,51.119384502214004,0.013299575917776165
2023-12-18,112.1500015258789,113.0,106.5999984741211,107.9499969482422,1651077,ONMOBILE.NS,107.47999992370606,110.28599975585938,107.9631343424333,108.25172558732936,61.807572263386845,0.016282884981549322
2023-12-19,111.0,116.25,110.5999984741211,112.1500015258789,2636290,ONMOBILE.NS,107.62749977111817,110.36499969482422,108.43034444359742,108.4553014697494,62.17007393565639,0.014773159599766739
2023-12-20,103.9000015258789,111.8499984741211,103.1500015258789,111.6999969482422,1587159,ONMOBILE.NS,107.36999969482422,110.1279997253418,107.73336861010226,108.11787184427752,43.54167600471875,0.020643206934865755
2023-12-21,106.3499984741211,106.75,102.4000015258789,103.4499969482422,617104,ONMOBILE.NS,107.32499961853027,110.08099975585938,107.52054243533593,107.98691826130297,49.52015388814758,0.021122680958234212
2023-12-22,106.0500030517578,107.6999969482422,104.9000015258789,107.5,438260,ONMOBILE.NS,107.22249984741211,109.99199981689453,107.29430560709314,107.84344306059592,45.32521516586321,0.021041458013145584
2023-12-26,111.9000015258789,113.25,104.0,106.8000030517578,2262640,ONMOBILE.NS,107.4474998474121,110.03399978637695,108.00287420998325,108.1439288728391,58.51979820587171,0.02440324155153492
2023-12-27,109.8000030517578,112.8499984741211,108.0500030517578,112.75,701636,ONMOBILE.NS,107.53250007629394,109.93299987792969,108.27935557025626,108.26660103424048,56.10561596260136,0.02482657837597908
2023-12-28,107.6999969482422,110.3000030517578,107.4000015258789,110.25,562212,ONMOBILE.NS,107.575,109.70099975585937,108.19022347456179,108.22463036120357,51.41954818598585,0.025085416530695324
2023-12-29,107.1500015258789,110.1999969482422,106.9000015258789,107.6999969482422,762103,ONMOBILE.NS,107.58250007629394,109.48499984741211,108.03018932861058,108.1450282252536,51.910835221851336,0.025117964966576256
2024-01-01,107.6999969482422,110.3499984741211,107.0,107.1500015258789,735398,ONMOBILE.NS,107.6375,109.31499984741211,107.9793905008616,108.11206294547497,52.290674925538084,0.025119924172804908
2024-01-02,107.3499984741211,110.9000015258789,107.0,108.75,1369507,ONMOBILE.NS,107.5875,109.08099975585938,107.88256095828613,108.05561372537468,51.96232395496428,0.02486058666288499
2024-01-03,108.0999984741211,109.5,106.8000030517578,108.4000015258789,565937,ONMOBILE.NS,107.64500007629394,108.88199966430665,107.91601288379921,108.05890148454108,53.56036493548675,0.024721310667456566
2024-01-04,108.3499984741211,109.4000015258789,107.5500030517578,108.8000030517578,591679,ONMOBILE.NS,107.75750007629395,108.58999969482421,107.98277989769488,108.08046422450997,48.80545275255841,0.024635976975192236
2024-01-05,107.8499984741211,110.1999969482422,107.25,108.0,607999,ONMOBILE.NS,107.80999984741212,108.54199966430664,107.96235198637584,108.06339268744412,50.26362316730207,0.024637581907471277
2024-01-08,107.5999984741211,111.9000015258789,105.8000030517578,108.4499969482422,1556530,ONMOBILE.NS,107.89249992370605,108.52499969482422,107.90660529218279,108.02906719016093,40.618544505668424,0.024564478448967572
2024-01-09,107.4499969482422,110.3499984741211,107.0,108.25,968137,ONMOBILE.NS,107.95249977111817,108.43499969482421,107.83635785465347,107.98617309816694,42.36557982452057,0.024566613356878694
2024-01-10,108.0999984741211,109.5500030517578,107.3499984741211,107.5500030517578,907150,ONMOBILE.NS,108.05249977111816,108.3479997253418,107.87691794995618,107.99460460749688,62.49999999999998,0.024587118563328306
2024-01-11,117.3000030517578,118.8499984741211,108.5999984741211,108.5999984741211,8068343,ONMOBILE.NS,108.62749977111817,108.4949998474121,109.32662335023335,108.68389338114585,73.24842188130211,0.030881425677702003
2024-01-12,118.3000030517578,122.0,117.3000030517578,119.1999969482422,4980261,ONMOBILE.NS,109.08999977111816,108.6799998474121,110.70714330431403,109.39619780119119,75.25773195876289,0.030325787198390634
2024-01-15,118.8000030517578,120.6999969482422,114.25,119.6500015258789,1990932,ONMOBILE.NS,109.64500007629394,108.87399993896484,111.95219865007462,110.09277596789983,68.25397081696275,0.030065259753972333
2024-01-16,118.8000030517578,124.0,116.6500015258789,118.8000030517578,4458330,ONMOBILE.NS,109.9775001525879,109.00199996948243,113.00570701956434,110.7377557518893,76.78570942002993,0.028858202794441085
2024-01-17,116.0999984741211,120.5,115.1500015258789,116.6500015258789,1525114,ONMOBILE.NS,110.23250007629395,109.09399993896484,113.48175185872691,111.13495891649906,74.13793330243573,0.029297372835590408
2024-01-18,117.5999984741211,118.8499984741211,112.9499969482422,116.5,1398170,ONMOBILE.NS,110.91749992370606,109.09399993896484,114.11532826109524,111.61385073558218,78.47409665504176,0.024794865561884174
2024-01-19,116.6500015258789,120.0,115.5500030517578,119.1999969482422,879814,ONMOBILE.NS,111.43250007629395,109.18,114.50527799413888,111.98689894227081,73.8666691623254,0.024656813280569415
2024-01-23,111.8499984741211,119.8000030517578,111.0500030517578,119.75,1402967,ONMOBILE.NS,111.72249984741211,109.25699996948242,114.09677345259769,111.97675816685232,59.698270759177,0.026694646937885997
2024-01-24,112.75,113.75,111.1999969482422,112.25,708919,ONMOBILE.NS,111.76499977111817,109.35300003051758,113.88957753681342,112.03403533967807,59.95717085880142,0.02376696096880183
2024-01-25,113.3000030517578,117.1999969482422,112.0999984741211,113.1999969482422,931733,ONMOBILE.NS,111.93999977111817,109.46300003051758,113.79887376988178,112.12781072575805,60.46511852973768,0.02333502323485889
2024-01-29,112.5,115.0,112.1999969482422,114.0,499046,ONMOBILE.NS,112.17999992370605,109.59400009155273,113.59904703605382,112.15538030162783,59.707719571085065,0.022917227209094865
2024-01-30,112.75,118.0,112.0999984741211,112.4000015258789,1185119,ONMOBILE.NS,112.4599998474121,109.69600006103515,113.46842441512246,112.19942620521095,60.75156004264816,0.0228489614166755
2024-01-31,112.5,114.6500015258789,112.1999969482422,113.9000015258789,704016,ONMOBILE.NS,112.7,109.73300003051757,113.31943604356515,112.22169093075088,60.49895885015437,0.022868409256169182
2024-02-01,111.0500030517578,113.9499969482422,110.3000030517578,112.9000015258789,663890,ONMOBILE.NS,112.88500022888184,109.72400009155274,112.97029250636402,112.13489923601065,55.935619612414676,0.02309471367095992
2024-02-02,111.9000015258789,114.1500015258789,111.5500030517578,111.9499969482422,1093911,ONMOBILE.NS,113.07500038146972,109.80100006103515,112.80563235552015,112.11749940563053,33.636366578828515,0.023102871958851554
2024-02-05,109.25,113.9000015258789,108.4000015258789,112.0,863854,ONMOBILE.NS,113.12000045776367,109.805,112.25861199313243,111.90509204225049,25.0688746921972,0.023803436200515077
2024-02-06,111.9000015258789,114.4000015258789,109.5,109.6999969482422,1108877,ONMOBILE.NS,113.32250061035157,109.89800003051758,112.2034411520165,111.90471496696371,33.004931292264686,0.024335260749694606
2024-02-07,111.5500030517578,114.8499984741211,111.0999984741211,112.8000030517578,1405164,ONMOBILE.NS,113.5200008392334,109.96700012207032,112.10291221351515,111.87844001028179,32.44552836397037,0.024343702489241677
2024-02-08,109.1999969482422,113.4000015258789,108.4499969482422,112.4000015258789,763278,ONMOBILE.NS,113.6075008392334,110.00300003051758,111.65630986501162,111.68003682050109,33.004931292264686,0.024882860124750418
2024-02-09,95.8000030517578,105.0500030517578,95.0999984741211,102.5,4077097,ONMOBILE.NS,112.99250106811523,109.75700012207031,109.21687804758795,110.5037380228164,16.149080243448722,0.0371611894240362
2024-02-12,87.5999984741211,95.0,86.25,95.0,2515148,ONMOBILE.NS,111.5075008392334,109.37200012207032,105.89120426705459,108.80716472291304,13.18124960354237,0.034823043783874436
2024-02-13,89.69999694824219,90.1999969482422,84.75,88.0,1080376,ONMOBILE.NS,110.07750053405762,109.02600006103516,103.4002492949296,107.39181896182632,19.863949758527113,0.03551063612193389
2024-02-14,91.6999969482422,93.4000015258789,88.19999694824219,89.0,1068959,ONMOBILE.NS,108.72250022888184,108.72800003051758,101.6002104723623,106.2294617756349,22.192867031265024,0.036198073554853626
2024-02-15,91.5500030517578,94.0,91.3000030517578,92.3499984741211,710917,ONMOBILE.NS,107.36000022888183,108.39200012207031,100.05402471534623,105.14209446275511,20.961279342613054,0.03617088922437648
2024-02-16,89.55000305175781,93.0500030517578,88.94999694824219,92.5,644555,ONMOBILE.NS,106.03250045776367,108.04400024414062,98.43802138248648,103.98712472860717,20.310477914034422,0.036158032108134786
2024-02-19,87.4000015258789,90.4499969482422,86.5,90.0,1312285,ONMOBILE.NS,104.52250061035156,107.67000030517578,96.73986448146994,102.7584489358125,18.742291817694564,0.035746122900449796
2024-02-20,86.94999694824219,89.30000305175781,86.0,87.9000015258789,729736,ONMOBILE.NS,103.03750038146973,107.27300018310547,95.23373101481951,101.58745249228878,18.650303003978195,0.03577802743444446
2024-02-21,86.19999694824219,88.5,85.5999984741211,87.05000305175781,684435,ONMOBILE.NS,101.75500030517578,106.87800018310547,93.84392577380761,100.44764097050755,18.976274394534784,0.03521090686070877
2024-02-22,85.05000305175781,87.0,84.0,85.75,992321,ONMOBILE.NS,100.37000045776367,106.45400024414063,92.49101458579996,99.30707519874831,16.728625167927078,0.03488323972616965
2024-02-23,86.5,87.69999694824219,85.19999694824219,85.55000305175781,636504,ONMOBILE.NS,99.03000030517578,106.0620002746582,91.56932003413843,98.35840296180399,20.945078484363563,0.035321981571468694
2024-02-26,84.69999694824219,86.9000015258789,84.44999694824219,86.9000015258789,436463,ONMOBILE.NS,97.64000015258789,105.64000015258789,90.51250109784671,97.34666918302163,14.490851398699277,0.035338697367148154
2024-02-27,84.5,85.9000015258789,83.4000015258789,84.80000305175781,713794,ONMOBILE.NS,96.2275001525879,105.14900009155274,89.58750092894721,96.39506405835336,14.547827812037312,0.035246368086068375
2024-02-28,81.55000305175781,84.8499984741211,80.8499984741211,84.5,788941,ONMOBILE.NS,94.68000030517578,104.62600021362304,88.350962793995,95.29542990971665,14.322574471779916,0.035443784735894816
2024-02-29,81.19999694824219,81.75,80.0999984741211,81.5,371673,ONMOBILE.NS,93.1875,104.00700012207031,87.25081420234072,94.25132376442224,21.59531549182887,0.035526936016783174
2024-03-01,82.19999694824219,83.69999694824219,81.69999694824219,81.75,428300,ONMOBILE.NS,91.70249977111817,103.43100006103515,86.47376539401787,93.35863288914965,35.40539526259771,0.03569753228089214
2024-03-04,81.75,84.0999984741211,81.3499984741211,83.05000305175781,433558,ONMOBILE.NS,90.32749977111817,102.98800003051758,85.74703225647667,92.49873415662005,26.409491786963684,0.03568760610164162
2024-03-05,80.75,82.0,80.30000305175781,81.69999694824219,407938,ONMOBILE.NS,88.76999969482422,102.47600006103515,84.97825806317256,91.62845755242597,15.457402923720437,0.03455698185889474
2024-03-06,75.9000015258789,80.75,74.5999984741211,80.75,1848377,ONMOBILE.NS,86.98749961853028,101.87300003051757,83.58160321128122,90.4633867356447,11.922128924544722,0.035800092569629786
2024-03-07,73.44999694824219,77.6500015258789,73.05000305175781,75.9000015258789,1766815,ONMOBILE.NS,85.19999961853027,101.10399993896485,82.02289455542906,89.20313564028156,11.666652134486597,0.035931204737694955
2024-03-11,69.6500015258789,74.0,68.44999694824219,73.55000305175781,1455841,ONMOBILE.NS,83.89249954223632,100.30099990844727,80.11937255088289,87.75475533551099,10.816766483201846,0.027712557573210603
2024-03-12,68.30000305175781,70.30000305175781,67.75,69.5,1000268,ONMOBILE.NS,82.92749977111816,99.51300003051757,78.30100801255595,86.3136625737515,10.403389461516724,0.022320451927785628
2024-03-13,61.900001525878906,68.6500015258789,59.54999923706055,67.6500015258789,1931631,ONMOBILE.NS,81.5375,98.60800003051757,75.77777624537488,84.50524323687205,8.390403576828675,0.027266176707456024
2024-03-14,66.5999984741211,67.25,60.95000076293945,61.70000076293945,1244048,ONMOBILE.NS,80.28250007629394,97.78600006103515,74.36581043441275,83.17892881000161,21.832047517976832,0.033388826747321146
2024-03-15,65.5,68.0999984741211,62.95000076293945,67.0,957519,ONMOBILE.NS,78.97999992370606,96.94900009155273,73.00183959834925,81.86937852777926,17.59258648768042,0.03323308942872721
2024-03-18,64.5999984741211,67.19999694824219,63.900001525878906,65.80000305175781,688854,ONMOBILE.NS,77.73249969482421,96.07900009155273,71.7092486561603,80.59016519047125,18.095232789837738,0.033208382941799036
2024-03-19,63.54999923706055,64.9000015258789,62.79999923706055,64.5999984741211,691956,ONMOBILE.NS,76.5399995803833,95.18300010681152,70.45397951476033,79.32793067540379,17.619777091931397,0.03315107441195276
2024-03-20,63.5,64.30000305175781,61.900001525878906,63.95000076293945,794346,ONMOBILE.NS,75.3674997329712,94.2960001373291,69.38413651248952,78.15549136611463,19.354830352817444,0.03323546955337998
2024-03-21,65.75,66.30000305175781,64.1500015258789,64.3499984741211,752732,ONMOBILE.NS,74.34499988555908,93.45900016784668,68.82503858749114,77.23656607973577,25.358849345818783,0.03509272877738322
2024-03-22,66.69999694824219,68.69999694824219,65.4000015258789,65.69999694824219,1093194,ONMOBILE.NS,73.4274995803833,92.64400016784668,68.49810910452976,76.45607947740291,25.239606956840518,0.0356188076650666
2024-03-26,63.25,67.30000305175781,62.79999923706055,66.5999984741211,1634696,ONMOBILE.NS,72.2649995803833,91.74700019836426,67.69070770383287,75.47785136796566,23.03206037322211,0.03603806528695328
2024-03-27,61.09999847412109,64.1500015258789,60.79999923706055,63.25,1943196,ONMOBILE.NS,71.08499965667724,90.62300010681152,66.67675243772337,74.41282522768087,22.28489781881032,0.03627150243807971
2024-03-28,60.04999923706055,62.5,59.54999923706055,61.04999923706055,1437495,ONMOBILE.NS,69.86249961853028,89.45800003051758,65.6572519453137,73.34891219133861,24.96049406672769,0.036138679796274456
2024-04-01,66.6500015258789,67.0,61.150001525878906,61.20000076293945,2360385,ONMOBILE.NS,69.11749954223633,88.415,65.80998265001605,72.85269658648976,40.502796451094284,0.04550868327440714
2024-04-02,68.75,69.30000305175781,66.44999694824219,67.0,1572419,ONMOBILE.NS,68.49499969482422,87.41399993896485,66.26229301155205,72.54879313563866,48.680349314495366,0.046401653248699784
2024-04-03,76.75,77.8499984741211,66.5,68.80000305175781,4618679,ONMOBILE.NS,68.22249984741211,86.62699996948243,67.87578639439019,72.85999364410988,60.368096356181766,0.05393508318038305
2024-04-04,84.0999984741211,84.69999694824219,76.30000305175781,78.0,5785957,ONMOBILE.NS,68.33999977111816,85.95699996948242,70.3718190220411,73.69258659448109,76.6187081949781,0.058182734423123585
2024-04-05,83.19999694824219,85.25,81.05000305175781,85.25,3318919,ONMOBILE.NS,68.46249961853027,85.28799987792969,72.34538485684126,74.39683921327821,71.89973766151572,0.058162660710407973
2024-04-08,81.75,83.8499984741211,80.19999694824219,83.69999694824219,998126,ONMOBILE.NS,68.75499954223633,84.68599990844727,73.79224872501953,74.94151779007242,71.24183430228325,0.05648432969952505
2024-04-09,80.94999694824219,83.25,80.0,82.0,579073,ONMOBILE.NS,69.12999954223633,84.04999984741211,74.89344075936148,75.38659032030722,71.42857285702972,0.05591998781307483
2024-04-10,78.9000015258789,81.4000015258789,77.5,80.94999694824219,595617,ONMOBILE.NS,69.59249954223633,83.36199981689452,75.50983472344109,75.64684300220142,69.6040947350831,0.054776966686650046
2024-04-12,80.30000305175781,82.94999694824219,79.5,80.0,1162276,ONMOBILE.NS,70.19249954223633,82.71799987792969,76.24678369702828,75.99152152439078,70.74074841548749,0.05444100707575045
2024-04-15,77.05000305175781,78.30000305175781,75.19999694824219,75.30000305175781,582593,ONMOBILE.NS,70.94999961853027,82.00399993896484,76.3703559054482,76.06992756345501,63.61446401103633,0.050271575450027854
2024-04-16,79.5999984741211,82.25,76.44999694824219,76.44999694824219,840913,ONMOBILE.NS,71.59999961853028,81.34599990844727,76.86722399293635,76.33141429757843,64.96520216483674,0.04828502496973124
2024-04-18,79.5999984741211,81.80000305175781,79.05000305175781,80.1500015258789,546168,ONMOBILE.NS,72.30499954223633,80.71699981689453,77.28765083619554,76.573531643989,70.61790793310915,0.04794738280186194
2024-04-19,79.0,79.9000015258789,75.9000015258789,78.5,436268,ONMOBILE.NS,73.02499961853027,80.05899978637696,77.55108916908854,76.75327004073056,73.49082129550756,0.04779982906425684
2024-04-22,81.1500015258789,82.25,79.5999984741211,81.0,608861,ONMOBILE.NS,73.90499973297119,79.49699981689453,78.10476799321013,77.07895385444525,76.91327293978821,0.04747518392679415
2024-04-23,81.30000305175781,82.80000305175781,80.94999694824219,81.1500015258789,525828,ONMOBILE.NS,74.79499988555908,78.8849998474121,78.59634261760209,77.39162416535729,72.36641975377667,0.04743759295525216
2024-04-24,81.3499984741211,82.9000015258789,80.8499984741211,82.0,402805,ONMOBILE.NS,75.57499980926514,78.28099975585937,79.01998198014348,77.68483707711756,70.52117729302526,0.04722714907484065
2024-04-25,80.8499984741211,81.9000015258789,80.55000305175781,81.5,297512,ONMOBILE.NS,76.28249988555908,77.71399978637696,79.30152297921695,77.9192934768956,58.83620767616099,0.04738872727433586
2024-04-26,79.69999694824219,81.6500015258789,79.5,81.4000015258789,409491,ONMOBILE.NS,77.1049997329712,77.39199966430664,79.3628266667593,78.05119743773609,37.058813233684425,0.04549328300843228
2024-04-29,79.19999694824219,80.3499984741211,79.0,80.1500015258789,232511,ONMOBILE.NS,78.00999965667725,77.22399963378906,79.3377759408336,78.13629369777358,37.951800584062646,0.04440966064260153
2024-04-30,79.8499984741211,81.5,79.44999694824219,79.80000305175781,460665,ONMOBILE.NS,78.99999961853027,77.02699966430664,79.4165794074932,78.26323479231785,43.98733520140883,0.04383194021921681
2024-05-02,79.0999984741211,80.5999984741211,79.0,80.30000305175781,360367,ONMOBILE.NS,79.62249946594238,76.77499969482422,79.36787464851287,78.32521728726624,44.126986126120975,0.03799688223831995
2024-05-03,78.25,80.0,77.55000305175781,79.44999694824219,359094,ONMOBILE.NS,80.09749946594238,76.50899963378906,79.19589393335704,78.31964563635762,47.766317077736474,0.0378688663555627
2024-05-06,77.0999984741211,79.8499984741211,76.5999984741211,78.44999694824219,457089,ONMOBILE.NS,80.11499938964843,76.25999954223633,78.87344847808997,78.22930140211788,38.811169223759535,0.028037045902996383
2024-05-07,74.8499984741211,77.44999694824219,74.0,77.25,404855,ONMOBILE.NS,79.65249938964844,76.00899948120117,78.25445616978706,77.9789826667107,41.729303252475106,0.017744402668083862
2024-05-08,75.3499984741211,76.0,74.44999694824219,74.94999694824219,262007,ONMOBILE.NS,79.25999946594239,75.77699951171876,77.8076165243,77.78424309688926,31.111111111111114,0.017909337562334288
2024-05-09,72.4000015258789,75.75,72.0,75.69999694824219,299769,ONMOBILE.NS,78.79249954223633,75.50099960327148,76.97567575531214,77.38541038792553,24.647892621084424,0.019319300878623474
2024-05-10,72.55000305175781,74.3499984741211,71.80000305175781,73.1500015258789,345556,ONMOBILE.NS,78.37249984741212,75.25099960327148,76.29480303168839,77.02723206672792,26.545465642755673,0.019374877958411033
2024-05-13,72.8499984741211,73.3499984741211,70.9000015258789,73.3499984741211,305773,ONMOBILE.NS,78.06999969482422,74.9779995727539,75.76483309975497,76.71780735616446,15.126019710775282,0.018884717893413987
2024-05-14,78.6500015258789,81.19999694824219,73.19999694824219,74.4000015258789,2437657,ONMOBILE.NS,77.98749961853028,74.85699966430664,76.2087051653125,76.86093285021738,42.450136133647895,0.026237732629245746
2024-05-15,74.69999694824219,77.9000015258789,74.0999984741211,77.9000015258789,903577,ONMOBILE.NS,77.8699993133545,74.66099960327148,75.97659620884014,76.70086352414515,34.498834250105375,0.02709189532438386
2024-05-16,73.8499984741211,75.5,73.0999984741211,75.19999694824219,368145,ONMOBILE.NS,77.58249931335449,74.50699951171875,75.64942732657566,76.48968833525447,33.94495637596812,0.02592863832877351
2024-05-17,75.69999694824219,78.25,73.6500015258789,74.19999694824219,762011,ONMOBILE.NS,77.38749923706055,74.39699951171875,75.65720726837051,76.43119267695727,41.111111111111114,0.026696648980595858
2024-05-21,74.9000015258789,77.19999694824219,74.75,76.94999694824219,339740,ONMOBILE.NS,77.1824993133545,74.25099960327148,75.54071407721796,76.31777111021071,40.57018358401588,0.026737250961590638
2024-05-22,74.0999984741211,75.44999694824219,73.5,75.44999694824219,317242,ONMOBILE.NS,76.8299991607666,74.0979995727539,75.31906552289536,76.15349165568556,37.47276521873261,0.025861943352049253
2024-05-23,74.0,75.5,73.19999694824219,74.69999694824219,344366,ONMOBILE.NS,76.46499900817871,73.9629995727539,75.11613236552684,75.9939737552644,38.56502349546085,0.02583230549301739
2024-05-24,73.3499984741211,74.4000015258789,73.0,74.25,331156,ONMOBILE.NS,76.06499900817872,73.91199951171875,74.84441945915673,75.79812373443899,38.914022931683085,0.02582210892563872
2024-05-27,71.19999694824219,74.30000305175781,70.8499984741211,74.30000305175781,467347,ONMOBILE.NS,75.58249893188477,73.86699951171875,74.28373907286218,75.45752175027626,37.22943308310458,0.02639638949500997
2024-05-28,70.5,73.4000015258789,70.0,71.5,677193,ONMOBILE.NS,75.12249908447265,73.88399948120117,73.70162536934492,75.09029791692247,39.90719397182115,0.02634267001526559
2024-05-29,70.4000015258789,71.6500015258789,70.0,70.5,319951,ONMOBILE.NS,74.6824993133545,73.92599945068359,73.19368323958092,74.74286855462294,38.29787617795721,0.02636034829898552
2024-05-30,69.44999694824219,71.0999984741211,68.75,70.4000015258789,403840,ONMOBILE.NS,74.16249923706054,74.07699935913087,72.61773150245189,74.35080399118733,42.29763879222113,0.02621058565256577
2024-05-31,69.0,70.4000015258789,68.6500015258789,69.9000015258789,288303,ONMOBILE.NS,73.65749931335449,74.12499938964844,72.0611574251516,73.95444813998827,40.87402671269147,0.026202534431004332
2024-06-03,69.8499984741211,72.4000015258789,69.1500015258789,72.0,449172,ONMOBILE.NS,73.23749923706055,74.21199935913086,71.72097912499306,73.65041483140551,42.5,0.026510979145922733
2024-06-04,63.650001525878906,70.05000305175781,62.0,70.0,581077,ONMOBILE.NS,72.56499938964843,74.19299942016602,70.47929026359088,72.90964347544057,13.235283117940014,0.03240537451604964
2024-06-05,65.3499984741211,66.0999984741211,62.04999923706055,65.0,599813,ONMOBILE.NS,72.08999938964844,74.22899940490723,69.6901684498263,72.34966977163914,24.242408956873916,0.03298146224628836
2024-06-06,67.80000305175781,69.3499984741211,65.80000305175781,65.94999694824219,555096,ONMOBILE.NS,71.71249961853027,74.31499946594238,69.39937377320038,72.01265742201831,34.683549976030164,0.034309643518409635
2024-06-07,70.55000305175781,71.80000305175781,68.0999984741211,68.0999984741211,787963,ONMOBILE.NS,71.61999969482422,74.41099952697753,69.57639366220921,71.90431265385087,37.53027743664091,0.03472461063484408
2024-06-10,73.23999786376953,75.0,70.51000213623047,70.55999755859375,1306852,ONMOBILE.NS,71.65449943542481,74.54179954528809,70.14002507783388,72.00325229903004,46.31764827736073,0.035796467222558616
2024-06-11,74.93000030517578,76.25,72.69999694824219,73.25,713646,ONMOBILE.NS,71.75849952697754,74.7753995513916,70.87694434357878,72.22004844763342,51.77123792256374,0.036130331335643015
2024-06-12,75.25,76.5,74.19000244140625,75.4000015258789,723481,ONMOBILE.NS,71.5884994506836,75.05839958190919,71.54972213687435,72.44448930336428,52.64270681309946,0.031207932805718923
2024-06-13,76.91000366210938,77.9000015258789,74.4000015258789,75.41000366210938,1355659,ONMOBILE.NS,71.69899978637696,75.39559967041015,72.37438083306435,72.77526814475281,57.21817875247313,0.02943191374753158
2024-06-14,75.69000244140625,78.4000015258789,75.25,77.48999786376953,640456,ONMOBILE.NS,71.7909999847412,75.5763996887207,72.88447646511695,72.99117438894937,59.460611676287265,0.029555049323372294
2024-06-18,74.69000244140625,76.30000305175781,74.55000305175781,75.5,371381,ONMOBILE.NS,71.74050025939941,75.69519973754883,73.16224969223838,73.11701350394618,58.718274353422274,0.02919720532683216
2024-06-19,72.19000244140625,76.1500015258789,71.79000091552734,75.5,1543610,ONMOBILE.NS,71.60500030517578,75.60399978637696,73.01267319211036,73.0483460178321,53.38630513594206,0.030059350922636813
2024-06-20,73.4000015258789,74.79000091552734,71.66000366210938,72.48999786376953,982506,ONMOBILE.NS,71.57000045776367,75.38999984741211,73.07226216653629,73.07439457398372,57.399785210634505,0.0302393024579512
2024-06-21,73.05000305175781,74.98999786376953,72.55999755859375,74.0,663850,ONMOBILE.NS,71.52250061035156,75.18699996948243,73.06883768733961,73.07258779455958,57.61565176672585,0.030256811904124523
2024-06-24,76.18000030517578,77.0,71.33000183105469,72.44999694824219,1960936,ONMOBILE.NS,71.6640007019043,75.07559997558593,73.54747809008364,73.30276649904967,60.96294233054127,0.03165623765497211
2024-06-25,74.11000061035156,76.88999938964844,73.9000015258789,76.18000030517578,511830,ONMOBILE.NS,71.80950088500977,74.93880004882813,73.63402001627871,73.36256161840537,71.13985446173136,0.03154695311887909
2024-06-26,73.23999786376953,74.95999908447266,72.81999969482422,74.19999694824219,414390,ONMOBILE.NS,71.94650077819824,74.82559997558593,73.573401223585,73.35348282176568,66.49936884399534,0.03158902198108126
2024-06-27,71.9000015258789,75.44999694824219,71.33999633789062,73.56999969482422,848882,ONMOBILE.NS,72.02150077819825,74.65759994506836,73.31595511624559,73.24581754058889,58.99122652915015,0.0319198763033637
2024-06-28,71.66999816894531,72.98999786376953,71.47000122070312,72.19999694824219,410851,ONMOBILE.NS,72.1325008392334,74.54999984741211,73.06273097050709,73.12909017972639,52.76132935059854,0.03174706640582393
2024-07-01,72.06999969482422,73.25,71.5999984741211,71.98999786376953,377867,ONMOBILE.NS,72.2860008239746,74.39939987182618,72.91000308194049,73.05063903269661,46.74819952281311,0.03169075980342964
2024-07-02,72.12000274658203,73.77999877929688,71.80000305175781,72.3499984741211,492113,ONMOBILE.NS,72.39950103759766,74.24979995727539,72.78846456880842,72.98170301150294,41.40673850271671,0.03161090408854161
2024-07-03,72.11000061035156,73.30000305175781,71.87000274658203,73.0,488442,ONMOBILE.NS,72.82250099182129,74.11199996948243,72.6840854982766,72.91713246326951,40.21197719173743,0.023333875872457527
2024-07-04,73.37000274658203,76.94999694824219,72.19000244140625,72.51000213623047,2018141,ONMOBILE.NS,73.22350120544434,73.95639999389648,72.78961122878513,72.95067841018155,38.68286660224287,0.02300227017505902
2024-07-05,72.93000030517578,73.9000015258789,72.69999694824219,73.4000015258789,360640,ONMOBILE.NS,73.48000106811523,73.78899993896485,72.81120954822985,72.94914669869965,40.71332232223033,0.02190338719667033
2024-07-08,71.31999969482422,73.4000015258789,70.05000305175781,73.4000015258789,636279,ONMOBILE.NS,73.51850090026855,73.5883999633789,72.58179264770591,72.82846914285703,39.10794822667229,0.020834517291672936
2024-07-09,70.94000244140625,72.19999694824219,70.80999755859375,71.6500015258789,549924,ONMOBILE.NS,73.40350112915038,73.39020004272462,72.32920953904443,72.68858272052735,45.31835420033695,0.018907834647785473
2024-07-10,69.25,71.44999694824219,68.4000015258789,71.4000015258789,872037,ONMOBILE.NS,73.1195011138916,73.18120010375976,71.85548499457606,72.43387288937718,34.99638941771154,0.01861533075848107
2024-07-11,69.62000274658203,70.80000305175781,69.4000015258789,70.30000305175781,338782,ONMOBILE.NS,72.8380012512207,72.98960021972657,71.51156464873083,72.22543806398495,37.61733969611353,0.018641234882034494
2024-07-12,72.76000213623047,75.30000305175781,69.6500015258789,70.25,2464824,ONMOBILE.NS,72.63050117492676,72.84780029296876,71.7036319545,72.26503540266981,37.66235839397575,0.020894068435634867
2024-07-15,78.9000015258789,81.5999984741211,73.4000015258789,73.94999694824219,8463485,ONMOBILE.NS,72.79100112915039,72.8438003540039,72.81076573471213,72.75651437475938,63.35749235252793,0.0282617686055457
2024-07-16,79.02999877929688,82.44999694824219,78.3499984741211,79.5,2939771,ONMOBILE.NS,73.00800094604492,72.85940032958985,73.7675708184944,73.22121692324363,66.84117953299611,0.028022720156354472
2024-07-18,87.11000061035156,89.5,76.81999969482422,78.5999984741211,16776683,ONMOBILE.NS,73.75400085449219,73.05960037231445,75.82025232493396,74.25001571488126,81.78016964472168,0.034386119275451474
2024-07-19,82.69999694824219,88.7300033569336,82.02999877929688,86.5,5274347,ONMOBILE.NS,74.21900062561035,73.21660034179688,76.87867457467368,74.87594025068577,69.61933929643506,0.0368962246268046
2024-07-22,81.98999786376953,84.0,80.55999755859375,82.0,1671293,ONMOBILE.NS,74.66600036621094,73.34940032958984,77.66503200376535,75.40290748128457,67.4524867733958,0.036967964340830564
2024-07-23,80.4800033569336,84.77999877929688,75.76000213623047,82.08999633789062,2632169,ONMOBILE.NS,74.88100051879883,73.51100036621094,78.09810451963739,75.77898865725858,63.98928923060582,0.036322987369582324
2024-07-24,84.37999725341797,86.5,81.25,81.25,3215556,ONMOBILE.NS,75.39450035095214,73.74760025024415,79.06454955560363,76.41610040512224,68.16700897656983,0.03690992172132987
2024-07-25,82.29000091552734,86.06999969482422,81.95999908447266,83.44000244140625,1247570,ONMOBILE.NS,75.84700050354004,73.93640029907226,79.56077284174575,76.85120414663372,62.890174175154186,0.03737268478837547
2024-07-26,88.66000366210938,92.20999908447266,81.41000366210938,82.77999877929688,14331506,ONMOBILE.NS,76.68500061035157,74.13660034179688,80.96065450641707,77.72593003666896,69.4053871104429,0.040063152895090395
2024-07-29,89.73999786376953,91.8000030517578,87.5,89.18000030517578,3574386,ONMOBILE.NS,77.58850059509277,74.43740036010742,82.31132271524052,78.61586098682456,73.02500649452458,0.03991817640170619
2024-07-30,89.9000015258789,92.8000030517578,89.01000213623047,89.73999786376953,3131920,ONMOBILE.NS,78.48000068664551,74.75840042114258,83.47881176303105,79.45172324897673,73.83107504099985,0.0399595243052176
2024-07-31,88.5199966430664,91.9499969482422,87.80000305175781,90.4499969482422,1800845,ONMOBILE.NS,79.30000038146973,75.01480041503906,84.25437866765188,80.12344720409449,74.41094473259518,0.040354335939211734
2024-08-01,82.48999786376953,85.98999786376953,81.6500015258789,83.9000015258789,3969090,ONMOBILE.NS,79.81900024414062,75.16660034179688,83.9829354670546,80.2987472529593,64.25880575688919,0.044040686458396934
2024-08-02,82.22000122070312,84.38999938964844,81.0,81.55000305175781,1996337,ONMOBILE.NS,80.26150016784668,75.32900039672852,83.71171481376976,80.44106236168106,61.192619524359635,0.04404137850986958
2024-08-05,76.95999908447266,81.4000015258789,76.0999984741211,78.76000213623047,2059234,ONMOBILE.NS,80.46300010681152,75.38820037841796,82.67298931695483,80.1832058226286,47.655868864355675,0.046740234554684096
2024-08-06,76.41999816894531,80.33999633789062,76.0,77.0,1172458,ONMOBILE.NS,80.71800003051757,75.44960037231445,81.7109906787995,79.90444970013354,46.87724212770137,0.046423185868374496
2024-08-07,78.0999984741211,79.5199966430664,74.61000061035156,79.0,1875693,ONMOBILE.NS,81.07599983215331,75.58760040283204,81.15545341654129,79.77078664635484,37.27040938965476,0.046521597936687295
2024-08-08,78.56999969482422,79.7699966430664,77.25,78.0999984741211,1024207,ONMOBILE.NS,81.54199981689453,75.74900039672852,80.75769130550789,79.68183946475997,43.434024394178564,0.04599610448517371
2024-08-09,77.81999969482422,79.98999786376953,77.5,79.80000305175781,649212,ONMOBILE.NS,81.95199966430664,75.89740036010743,80.3057387500181,79.5439254077277,43.37885128272718,0.04615003047224994
2024-08-12,78.04000091552734,78.72000122070312,75.8499984741211,77.5999984741211,820400,ONMOBILE.NS,82.21599960327148,76.06920043945313,79.95716369855798,79.43252359349064,45.96026045037685,0.0452520327899094
2024-08-13,76.72000122070312,79.48999786376953,75.11000061035156,78.04000091552734,921473,ONMOBILE.NS,82.1069995880127,76.22360046386719,79.45913870196493,79.2315960103212,36.13324534577976,0.04133509597766488
2024-08-14,75.98999786376953,76.44999694824219,74.2300033569336,76.44999694824219,701404,ONMOBILE.NS,81.95499954223632,76.34640045166016,78.92542472685795,78.99147762909514,38.00456833796637,0.04137846056803449
2024-08-16,77.91999816894531,78.79000091552734,75.95999908447266,76.44999694824219,570275,ONMOBILE.NS,81.49549942016601,76.63180038452148,78.77074371794832,78.91210878019515,25.389546544186132,0.03422058844614838
2024-08-19,79.4000015258789,81.05000305175781,78.0999984741211,78.3499984741211,1047477,ONMOBILE.NS,81.33049964904785,76.91280044555664,78.86755261147611,78.94824898357913,26.73269876412141,0.03284886728120975
2024-08-20,79.76000213623047,81.16000366210938,79.08999633789062,79.08999633789062,657817,ONMOBILE.NS,81.2189998626709,77.1520004272461,79.0048525383614,79.0083788467385,27.38627717076902,0.03283136962727315
2024-08-21,84.83999633789062,88.6500015258789,79.9000015258789,80.29000091552734,6175808,ONMOBILE.NS,81.43699951171875,77.43780029296875,79.90256696905821,79.44035051274976,42.955589743080466,0.035542764685808255
2024-08-22,87.86000061035156,89.0,84.72000122070312,85.37000274658203,3278579,ONMOBILE.NS,81.61099967956542,77.7302003479004,81.12678752925719,80.0640282977573,61.61834883586573,0.034789872181056995
2024-08-23,88.66000366210938,90.88999938964844,87.5,87.70999908447266,3376600,ONMOBILE.NS,81.92949981689453,78.00480041503906,82.2857438573883,80.70076721363523,63.62097811100955,0.03420716806938905
2024-08-26,87.5,89.69000244140625,86.41999816894531,89.23999786376953,1280913,ONMOBILE.NS,81.87149963378906,78.24980041503906,83.0879371100978,81.20441408669929,76.97029731577507,0.029716693891365924
2024-08-27,87.0,87.83999633789062,86.58999633789062,87.5,603363,ONMOBILE.NS,81.73449974060058,78.45160034179688,83.68979293931352,81.63371674694379,77.12818859535523,0.029592347439665895
2024-08-28,87.94000244140625,89.30000305175781,86.76000213623047,87.0,1079711,ONMOBILE.NS,81.63649978637696,78.69660034179688,84.34367132425086,82.10084902060768,76.22599904917335,0.029707604696534513
2024-08-29,84.58000183105469,87.94000244140625,82.01000213623047,87.94000244140625,1364192,ONMOBILE.NS,81.43950004577637,78.89440032958984,84.38002986375913,82.28448996952969,63.879901794086855,0.03072406108875606
2024-08-30,85.05000305175781,86.44999694824219,84.5,85.25,462952,ONMOBILE.NS,81.56750030517578,79.15160034179688,84.48310266191278,82.48934279043547,66.9162313179063,0.02648015915776335
2024-09-02,83.36000061035156,85.7300033569336,83.01000213623047,85.1500015258789,623917,ONMOBILE.NS,81.6245002746582,79.35080032348633,84.31031773090336,82.55383596228111,61.64622420446759,0.026906254173808965
2024-09-03,83.0,84.80999755859375,82.69999694824219,83.8499984741211,510441,ONMOBILE.NS,81.92650032043457,79.54980026245117,84.10873038768746,82.5868851502603,64.35098948413764,0.02221858004473959
2024-09-04,82.13999938964844,83.88999938964844,81.69999694824219,82.9000015258789,526033,ONMOBILE.NS,82.21250038146972,79.66900024414062,83.80584869568146,82.5537825013261,63.97091473283101,0.022318359128764086
2024-09-05,82.08000183105469,84.48999786376953,81.75,82.58000183105469,381016,ONMOBILE.NS,82.4115005493164,79.82840026855469,83.54033379343119,82.51868763686156,60.32770763757144,0.021921357094183098
2024-09-06,81.0199966430664,83.69999694824219,80.5,82.4800033569336,623217,ONMOBILE.NS,82.53400039672852,79.98400024414063,83.15258961645199,82.40767348917302,54.10748925811551,0.02217839877638295
2024-09-09,83.41000366210938,84.9800033569336,79.73999786376953,81.1500015258789,1095429,ONMOBILE.NS,82.81350059509278,80.21420028686524,83.19219177732236,82.4819201686498,58.3907992755766,0.022838845817676902
2024-09-10,83.52999877929688,85.30000305175781,83.11000061035156,83.91000366210938,557001,ONMOBILE.NS,83.08800048828125,80.45140029907226,83.24416208531844,82.55955562129033,46.09888117518865,0.022843808608334334
2024-09-11,81.31999969482422,83.8499984741211,80.86000061035156,83.80999755859375,403663,ONMOBILE.NS,83.3180004119873,80.63640029907226,82.94813710216548,82.46773666377432,29.536942125046494,0.02338910714402105
2024-09-12,84.11000061035156,85.1500015258789,80.4000015258789,81.75,1199161,ONMOBILE.NS,83.7240005493164,80.87620025634766,83.1268853341941,82.58938584500225,37.3400142483164,0.02417747445703868
2024-09-13,87.61000061035156,90.25,83.25,84.08999633789062,3609116,ONMOBILE.NS,84.20850067138672,81.18620025634766,83.81659537667987,82.96128323502813,50.270803892002995,0.0251374070944647
2024-09-16,91.25,92.58999633789062,88.0,88.18000030517578,3953450,ONMOBILE.NS,84.80100059509277,81.54380020141602,84.9601960879599,83.57526225465567,59.061828971512604,0.026225149194246643
2024-09-17,90.4800033569336,95.27999877929688,89.0999984741211,91.5500030517578,5408272,ONMOBILE.NS,85.33700065612793,81.89480026245117,85.80939720626354,84.0867245585281,55.455326925036964,0.02645660508819321
2024-09-18,86.98999786376953,89.94000244140625,86.0,89.19999694824219,1399695,ONMOBILE.NS,85.44450073242187,82.20820022583008,85.99102807664909,84.30178184039784,55.147361961310736,0.024674955050279144
2024-09-19,84.72000122070312,88.23999786376953,83.11000061035156,87.19999694824219,1086363,ONMOBILE.NS,85.28750076293946,82.48380020141602,85.79548548342663,84.33276105375377,49.34549436102854,0.02404138080385346
2024-09-20,85.11000061035156,87.30000305175781,83.81999969482422,85.23999786376953,1129004,ONMOBILE.NS,85.11000061035156,82.80100021362304,85.69002627218431,84.3903343542425,53.659556110343175,0.02395734540729702
2024-09-23,85.41000366210938,86.20999908447266,84.43000030517578,85.69999694824219,727250,ONMOBILE.NS,85.00550079345703,83.1168002319336,85.64694587063433,84.46586541408448,55.05241728586839,0.023832049247155828
2024-09-24,82.76000213623047,86.0,82.22000122070312,85.0,712705,ONMOBILE.NS,84.79350090026855,83.3168002319336,85.20280068072603,84.33950517128048,51.20905338700093,0.024753300392813177
2024-09-25,84.0199966430664,84.5,82.08000183105469,82.94999694824219,680207,ONMOBILE.NS,84.59750061035156,83.41920013427735,85.0208308287784,84.31583787289425,53.61399874302617,0.024894891531818758
2024-09-26,82.73999786376953,84.58999633789062,82.19999694824219,84.05000305175781,416183,ONMOBILE.NS,84.5055004119873,83.4934001159668,84.66993344954626,84.19910898332945,53.17812523260351,0.023633568972413657
2024-09-27,82.7300033569336,83.5999984741211,82.19999694824219,82.69000244140625,333368,ONMOBILE.NS,84.38950042724609,83.40580017089843,84.3714826660674,84.09028634433716,48.62236483551813,0.02358680078188032
2024-09-30,82.29000091552734,83.4000015258789,81.20999908447266,82.5,379025,ONMOBILE.NS,84.33600044250488,83.39760025024414,84.05125470444584,83.95693186812902,47.52000351562607,0.023199171582304234
2024-10-01,83.11000061035156,83.5,82.16000366210938,82.55000305175781,272623,ONMOBILE.NS,84.34150047302246,83.42000030517578,83.9064463822775,83.89419621940476,53.79076969012886,0.023291580911989872
2024-10-03,79.54000091552734,82.18000030517578,79.0,82.0,625700,ONMOBILE.NS,84.21150054931641,83.40120025634765,83.234685541239,83.57166323393237,40.631403774659084,0.025145010456966644
2024-10-04,79.72000122070312,81.88999938964844,77.25,79.52999877929688,678898,ONMOBILE.NS,84.09350051879883,83.30800033569336,82.69396487654117,83.28635493665612,31.276691122741695,0.025157528718395376
2024-10-07,74.69000244140625,81.48999786376953,74.04000091552734,80.0,653740,ONMOBILE.NS,83.77700080871583,83.15600036621093,81.46258604036657,82.64958808515614,13.134452673957739,0.028651599584207012
2024-10-08,77.33000183105469,77.9800033569336,74.41000366210938,75.9800033569336,409918,ONMOBILE.NS,83.47300071716309,82.92940032958984,80.82680385431858,82.25554465892641,22.97574052651929,0.029035088695269735
2024-10-09,78.43000030517578,79.58999633789062,77.33000183105469,77.97000122070312,459908,ONMOBILE.NS,83.21800079345704,82.70320037841798,80.45806484675816,81.97217100309304,30.492245762623455,0.02928631003670614
2024-10-10,91.5999984741211,92.6999969482422,78.23999786376953,78.43000030517578,11837549,ONMOBILE.NS,83.73200073242188,82.73720031738281,82.17220848173709,82.68534340835438,60.475029870576705,0.04755458198460836
2024-10-11,87.61000061035156,94.4000015258789,86.80000305175781,91.0,6536101,ONMOBILE.NS,83.90700073242188,82.71900039672852,83.00879188613932,83.05013283072455,53.43029758417775,0.048380141774816476
2024-10-14,85.30999755859375,88.19999694824219,84.55999755859375,87.69999694824219,1348291,ONMOBILE.NS,83.79200057983398,82.775400390625,83.36282352805539,83.21753021797412,49.86991917681902,0.047913842482201846
2024-10-15,84.9000015258789,88.5,84.5,85.0999984741211,1295661,ONMOBILE.NS,83.47450065612793,82.82900039672852,83.59931245079747,83.34215772226337,52.9558017570378,0.0468931587626552
2024-10-16,86.33999633789062,87.9000015258789,84.20999908447266,84.55000305175781,2562799,ONMOBILE.NS,83.26750030517579,83.01660034179687,84.02095612573487,83.56421984193946,53.18856630435763,0.047070894990779946
2024-10-17,84.25,87.79000091552734,83.5,86.5,923855,ONMOBILE.NS,83.1305004119873,83.17320037841797,84.05619364485258,83.61501837216616,52.030119610672955,0.046580059731483124
2024-10-18,87.2699966430664,89.4000015258789,81.87000274658203,83.69999694824219,2021099,ONMOBILE.NS,83.25800018310547,83.35660034179688,84.55062487534703,83.88575750334395,55.646760390594814,0.0468563035346066
2024-10-21,84.05999755859375,88.25,83.0,87.80000305175781,696083,ONMOBILE.NS,83.20550003051758,83.46640029907226,84.47514374969268,83.89866417410319,52.059573581081935,0.0476637942357616
2024-10-22,78.41999816894531,83.98999786376953,77.0999984741211,83.98999786376953,962173,ONMOBILE.NS,82.85599975585937,83.4784002685547,83.54358289111616,83.49283706261001,45.09311090421219,0.04997934603299335
2024-10-23,80.98999786376953,81.68000030517578,77.66000366210938,79.30000305175781,780902,ONMOBILE.NS,82.76749954223632,83.53740020751952,83.15072365613975,83.30744156639959,51.54947385035617,0.0501411916485887
2024-10-24,79.0,81.5999984741211,78.19999694824219,81.08000183105469,594831,ONMOBILE.NS,82.51649971008301,83.58300018310547,82.51215078596441,82.98837182074035,49.25925763128217,0.050296887204524625
2024-10-25,76.2300033569336,79.5999984741211,75.30999755859375,79.2300033569336,690303,ONMOBILE.NS,82.19099998474121,83.58780029296875,81.54566656611351,82.48775193453244,51.66163335980189,0.05076608292833243
2024-10-28,77.94000244140625,79.6500015258789,75.16000366210938,76.44999694824219,719386,ONMOBILE.NS,81.95149993896484,83.58820037841797,80.99094900846625,82.15088160170828,50.67165929432511,0.05108118344625932
2024-10-29,77.61000061035156,79.0,76.54000091552734,78.12000274658203,441942,ONMOBILE.NS,81.71749992370606,83.55240036010743,80.47080310106398,81.81452004679298,49.08154107697916,0.05107782593442935
2024-10-30,78.91000366210938,80.4800033569336,77.58000183105469,78.1500015258789,494006,ONMOBILE.NS,81.50750007629395,83.535400390625,80.23068011045558,81.59937068496455,30.63777537252396,0.051182129217339244
2024-10-31,80.27999877929688,80.97000122070312,78.58000183105469,78.87999725341797,380925,ONMOBILE.NS,81.54449996948242,83.44420043945313,80.23826759796962,81.50163943269287,37.844101120041465,0.05037568884156396
2024-11-01,80.9000015258789,81.5,80.41000366210938,80.91999816894531,122710,ONMOBILE.NS,81.6034999847412,83.30500045776367,80.34007281764798,81.45707366181777,42.2550063417548,0.05039420179495714
2024-11-04,79.48999786376953,80.75,78.5,80.75,278692,ONMOBILE.NS,81.84349975585937,83.12160034179688,80.20929205551283,81.31136434344384,40.82116348969242,0.0482855076039527
2024-11-05,79.33000183105469,80.66999816894531,78.66000366210938,79.72000122070312,303051,ONMOBILE.NS,81.94349975585938,82.95820037841797,80.07401663636541,81.16459674993354,37.56651703772587,0.04773533346779073
2024-11-06,83.30000305175781,83.9000015258789,79.55000305175781,80.38999938964844,654181,ONMOBILE.NS,82.18699989318847,82.88420043945312,80.57032223873348,81.32277499451311,48.42035716841049,0.048864906984249966
2024-11-07,81.33999633789062,84.6500015258789,81.01000213623047,83.5,487228,ONMOBILE.NS,81.67399978637695,82.75220031738282,80.68873363860382,81.32405064957811,39.77938664511536,0.030312030157561128
2024-11-08,80.33000183105469,81.98999786376953,79.3499984741211,81.33999633789062,360211,ONMOBILE.NS,81.30999984741212,82.66720031738281,80.6335441297501,81.25041740376156,43.04364776724226,0.02902571253568274
2024-11-11,78.0999984741211,81.43000030517578,77.75,79.55000305175781,696593,ONMOBILE.NS,80.94949989318847,82.52820022583008,80.24376787503795,81.01705303860301,49.31624001291128,0.02908864582403516
2024-11-12,80.44999694824219,83.80000305175781,78.25,78.33999633789062,1530925,ONMOBILE.NS,80.72699966430665,82.47000015258789,80.27549542476167,80.97504888376147,48.83520080151429,0.03006787227043861
2024-11-13,77.30000305175781,82.13999938964844,76.9000015258789,80.55000305175781,581915,ONMOBILE.NS,80.275,82.35600021362305,79.81772736737646,80.70282326657602,46.50781182412143,0.030789800045634814
2024-11-14,77.13999938964844,79.81999969482422,76.55999755859375,77.30000305175781,395864,ONMOBILE.NS,79.91949996948242,82.25600021362305,79.40576921695677,80.43891038680361,52.09386997730142,0.03046149667042716
2024-11-18,76.37000274658203,78.7699966430664,76.01000213623047,77.8499984741211,364456,ONMOBILE.NS,79.3745002746582,82.14180023193359,78.9387282215145,80.13750982086127,46.2241471243716,0.02899852488404592
2024-11-19,76.31999969482422,78.54000091552734,75.9000015258789,76.6500015258789,384280,ONMOBILE.NS,78.98750038146973,82.04780029296874,78.535846909716,79.85473129300667,46.85519068462556,0.028107811744718707
2024-11-21,74.11000061035156,76.94000244140625,73.80999755859375,76.31999969482422,381854,ONMOBILE.NS,78.77200050354004,81.8618002319336,77.85494747904455,79.42919568688407,38.79551012586721,0.02472336557217016
2024-11-22,74.26000213623047,75.19999694824219,73.91000366210938,75.19999694824219,254541,ONMOBILE.NS,78.43550071716308,81.67640029907227,77.30187896476546,79.04629246090974,35.09902158702701,0.023329085558180866
2024-11-25,77.26000213623047,78.01000213623047,75.56999969482422,76.0,409985,ONMOBILE.NS,78.3485008239746,81.59520034790039,77.29543637576008,78.91397465908165,41.93977171285637,0.02480116945345427
2024-11-26,77.44999694824219,80.88999938964844,77.30000305175781,77.55000305175781,681314,ONMOBILE.NS,78.40950050354004,81.46200027465821,77.3192149253727,78.80553186568612,45.22471538884386,0.023457432036638092
2024-11-27,77.38999938964844,79.19000244140625,77.0999984741211,77.77999877929688,458453,ONMOBILE.NS,78.38200035095215,81.25760025024414,77.33010484295359,78.70067760820186,45.437434283479085,0.022911923184547562
2024-11-28,77.79000091552734,78.87999725341797,76.7699966430664,77.69000244140625,455866,ONMOBILE.NS,78.39100036621093,80.98840026855468,77.400858084888,78.63322007541116,34.42621890287636,0.022919233026370993
2024-11-29,76.8499984741211,78.5,76.5,78.05000305175781,382784,ONMOBILE.NS,78.28800010681152,80.71580017089843,77.31611045246233,78.50112958642671,36.532692225839355,0.02274039846974861
2024-12-02,77.44999694824219,78.2699966430664,76.52999877929688,76.87000274658203,345465,ONMOBILE.NS,78.1465000152588,80.5250001525879,77.33670837489,78.42326790952416,41.143893432431035,0.022430903730382205
2024-12-03,78.44999694824219,80.44999694824219,77.55000305175781,78.0,547315,ONMOBILE.NS,78.02399978637695,80.39960006713868,77.5079835400211,78.42524783831809,51.16433360016771,0.022573415712359338
2024-12-04,78.58000183105469,79.38999938964844,78.0,78.6500015258789,385672,ONMOBILE.NS,77.9784999847412,80.26900009155274,77.67290943094935,78.43671109703931,42.701032499678384,0.02225670990345751
2024-12-05,78.66000366210938,80.6500015258789,78.0,79.1500015258789,879197,ONMOBILE.NS,77.94500007629395,80.13400009155274,77.82477008189704,78.4532512870445,56.98151870297232,0.02225505197486872
2024-12-06,78.51000213623047,80.5,78.0999984741211,79.26000213623047,444212,ONMOBILE.NS,77.70550003051758,80.04900009155273,77.93019039794834,78.45745505365086,57.04009390503328,0.0188553583666614
2024-12-09,80.44000244140625,80.9000015258789,78.4800033569336,78.69999694824219,556079,ONMOBILE.NS,77.66050033569336,79.97740020751954,78.3163153277111,78.60431041570682,68.68685524126455,0.019136852107592042
2024-12-10,79.36000061035156,81.19999694824219,78.9800033569336,80.8499984741211,440623,ONMOBILE.NS,77.6120002746582,79.90980026245117,78.47688229427116,78.66028746716198,62.75167548974993,0.0191715556216696
2024-12-11,80.38999938964844,81.5,79.05000305175781,79.36000061035156,531983,ONMOBILE.NS,77.72650032043457,79.86300018310547,78.77120800125228,78.78841427623505,79.23647843240886,0.01825764853680498
2024-12-12,78.80999755859375,80.58999633789062,78.1500015258789,80.0999984741211,334059,ONMOBILE.NS,77.64450035095214,79.79340011596679,78.77717562545865,78.79001303789124,68.69348091429818,0.017547353301373553
2024-12-13,77.62000274658203,78.38999938964844,76.61000061035156,78.0,380325,ONMOBILE.NS,77.66050033569336,79.6836001586914,78.5991490287084,78.70334560890538,51.73745458080309,0.01548978103186021
2024-12-16,77.33000183105469,78.5199966430664,77.0999984741211,78.19999694824219,239030,ONMOBILE.NS,77.67000045776368,79.63940017700196,78.40389561368474,78.6016164401757,49.42640994183867,0.015507781704575415
2024-12-17,76.5999984741211,77.68000030517578,76.30999755859375,77.33000183105469,208147,ONMOBILE.NS,77.68150024414062,79.57700012207032,78.1263729768288,78.45334844269017,46.451033120309184,0.015489457727558154
2024-12-18,76.22000122070312,77.83000183105469,75.80000305175781,76.5999984741211,240027,ONMOBILE.NS,77.67650032043457,79.60760009765625,77.83308501434793,78.28791531513558,42.93430004305695,0.01553276162873303
2024-12-19,75.41999816894531,76.22000122070312,75.01000213623047,75.98999786376953,279286,ONMOBILE.NS,77.74200019836425,79.56940002441407,77.46184088428599,78.07547700801038,43.48222811523506,0.014210630784991268
2024-12-20,73.30999755859375,75.87999725341797,72.5,75.4000015258789,308857,ONMOBILE.NS,77.69449996948242,79.46699996948242,76.82309575725641,77.72247853027582,33.41347858513981,0.015608329332916584
2024-12-23,72.12999725341797,74.79000091552734,71.5,74.69000244140625,340936,ONMOBILE.NS,77.4379997253418,79.07759994506836,76.10108060281972,77.30822065791598,25.039517938402028,0.012641830403691023
2024-12-24,71.19000244140625,72.95999908447266,70.0999984741211,72.12000274658203,282335,ONMOBILE.NS,77.125,78.74919998168946,75.34553011644843,76.85501930854488,22.568675872537582,0.012741131705893066
2024-12-26,69.48999786376953,71.63999938964844,69.05999755859375,71.18000030517578,375416,ONMOBILE.NS,76.72999992370606,78.43279998779298,74.44467900065167,76.30946216448744,19.615628272132184,0.013448914642324165
2024-12-27,68.29000091552734,70.69999694824219,67.69999694824219,69.98999786376953,635123,ONMOBILE.NS,76.25499992370605,78.10059997558594,73.49780544909409,75.7154279978978,18.339524141314925,0.01346697961212996
2024-12-30,64.2699966430664,68.5999984741211,64.0,68.5999984741211,962463,ONMOBILE.NS,75.62599983215333,77.65919998168945,72.07814255585906,74.8676182679103,5.650019690781491,0.017853750146083407
2024-12-31,66.86000061035156,67.36000061035156,64.0999984741211,64.2699966430664,627148,ONMOBILE.NS,75.09650001525878,77.31139999389649,71.27535148731944,74.27446140438744,18.338408000117496,0.020691782151105405
2025-01-01,68.4000015258789,71.38999938964844,66.16999816894531,66.16999816894531,769133,ONMOBILE.NS,74.59400024414063,76.93400009155273,70.83298995479012,73.83931622820161,20.39507815699517,0.021321684405395048
2025-01-02,67.95999908447266,68.94999694824219,67.41000366210938,68.8499984741211,311376,ONMOBILE.NS,74.06300010681153,76.61200012207031,70.39099135935666,73.40381125459206,21.611737844375597,0.02123307501831445
2025-01-03,72.55000305175781,74.0,68.13999938964844,68.38999938964844,1483581,ONMOBILE.NS,73.75750007629395,76.49460021972656,70.72314700434146,73.34056620253025,38.73834789673244,0.026988358978905617
2025-01-06,68.7300033569336,73.0,68.12000274658203,73.0,397276,ONMOBILE.NS,73.2685001373291,76.24940032958985,70.41650952012486,72.99904302878235,33.48695635104218,0.029113507704344167
2025-01-07,70.93000030517578,72.44999694824219,68.30999755859375,68.80000305175781,573775,ONMOBILE.NS,72.79300003051758,76.08800033569337,70.4955081024404,72.8457806048115,39.69466347476505,0.02957094148751572
2025-01-08,69.30000305175781,70.87999725341797,69.08000183105469,70.79000091552734,354301,ONMOBILE.NS,72.2900001525879,75.94940032958985,70.31158424848923,72.58313041569642,37.96940921554146,0.02977609949824926
2025-01-09,67.19999694824219,69.69999694824219,66.56999969482422,69.30000305175781,239928,ONMOBILE.NS,71.63050003051758,75.73460021972656,69.83287850998968,72.18437978847759,36.32734910886375,0.02987115302352273
2025-01-10,67.4800033569336,71.87999725341797,64.51000213623047,67.19999694824219,880151,ONMOBILE.NS,71.06400032043457,75.5320002746582,69.47089771721183,71.83590746021507,39.674122640476845,0.029877888969683894
2025-01-13,63.11000061035156,67.63999938964844,62.5,66.44999694824219,519745,ONMOBILE.NS,70.33850021362305,75.21600021362305,68.49229816231025,71.18954398985481,35.64610025775292,0.0325072615831375
2025-01-14,65.37000274658203,65.95999908447266,62.2599983215332,64.05000305175781,317197,ONMOBILE.NS,69.74050025939941,74.91780029296875,68.01194502142899,70.7584668607235,41.11179803048073,0.0340606405073606
2025-01-15,66.12999725341797,67.87000274658203,65.19000244140625,65.9000015258789,359438,ONMOBILE.NS,69.21700019836426,74.62240020751953,67.72241459558113,70.41561726018236,44.716983214382026,0.03433236612032704
2025-01-16,67.16999816894531,68.4000015258789,66.76000213623047,67.0999984741211,233607,ONMOBILE.NS,68.76450004577637,74.37600021362304,67.63742745302177,70.17520103120184,48.23008540141462,0.034699137735236696
2025-01-17,66.0999984741211,67.16999816894531,65.05000305175781,67.16999816894531,205661,ONMOBILE.NS,68.29850006103516,74.11140014648437,67.40089991780629,69.87333417512178,53.18926577560499,0.03475966535292226
2025-01-20,67.79000091552734,69.19999694824219,66.19999694824219,66.62000274658203,488420,ONMOBILE.NS,68.02250022888184,73.80120010375977,67.46076160976338,69.7190131929296,51.67326333914712,0.035038668248763775
2025-01-21,68.38999938964844,70.0999984741211,67.4000015258789,67.79000091552734,468281,ONMOBILE.NS,67.83550033569335,73.54220016479492,67.60372126820724,69.62056772601989,49.98137405751452,0.03500398627046287
2025-01-22,66.4800033569336,68.19000244140625,64.80000305175781,67.69999694824219,269798,ONMOBILE.NS,67.60000038146973,73.2652001953125,67.43084158954976,69.3879333283098,47.38701386868393,0.035405593034874734
2025-01-23,67.52999877929688,68.06999969482422,66.05000305175781,66.30000305175781,164893,ONMOBILE.NS,67.50200042724609,73.05380020141601,67.44609654181855,69.25030854690144,39.870854479914186,0.03527465721685281
2025-01-24,64.86000061035156,67.23999786376953,64.4000015258789,67.0199966430664,234359,ONMOBILE.NS,67.3305004119873,72.74200027465821,67.04823562928517,68.92510055160145,41.81125011340775,0.03616103436087222
2025-01-27,61.040000915527344,66.4000015258789,60.400001525878906,64.86000061035156,342603,ONMOBILE.NS,67.16900062561035,72.41680023193359,66.12389182716859,68.34101909707744,30.415842792775365,0.03616347200098346
2025-01-28,59.91999816894531,63.25,58.09999847412109,61.34000015258789,388426,ONMOBILE.NS,66.82200050354004,72.07240020751954,65.1694466489804,67.71723976906765,31.04283993509158,0.03491352326966777
2025-01-29,62.209999084472656,62.709999084472656,60.04999923706055,60.04999923706055,262825,ONMOBILE.NS,66.51250038146972,71.78920013427734,64.71414702367152,67.3092960146532,39.991981944072535,0.03570856270632903
2025-01-30,61.459999084472656,63.4900016784668,60.5099983215332,62.41999816894531,186177,ONMOBILE.NS,66.18750038146973,71.49200012207031,64.21350887917939,66.87601476056575,38.14959504125281,0.035749819601671104
2025-01-31,64.08999633789062,64.48999786376953,61.459999084472656,61.5,379377,ONMOBILE.NS,65.76450004577637,71.29160003662109,64.19450694975035,66.66964302555277,52.070997903366546,0.033485161451029394
2025-02-01,64.77999877929688,65.5,63.0,63.59999847412109,248349,ONMOBILE.NS,65.56699981689454,71.10199996948242,64.28458261583442,66.52966937768197,48.66454443442465,0.031757198646152514
2025-02-03,71.5,74.0,63.43000030517578,64.51000213623047,1381963,ONMOBILE.NS,65.59549980163574,70.98679992675781,65.39464682878298,66.8978420163722,59.57219897137793,0.039065106518170675
2025-02-04,74.55999755859375,75.5,70.20999908447266,71.5999984741211,1365026,ONMOBILE.NS,65.85849952697754,70.92899993896485,66.80470078721541,67.4654090935738,62.28799690663111,0.039693535573889105
2025-02-05,71.76000213623047,75.7300033569336,70.3499984741211,75.0,998125,ONMOBILE.NS,66.08649978637695,70.81639999389648,67.56705484091003,67.78352709673355,58.899380243411365,0.04005863707554127
2025-02-06,68.04000091552734,72.52999877929688,67.8499984741211,71.76000213623047,694748,ONMOBILE.NS,66.11449966430663,70.62139999389649,67.63981577546654,67.80252515738493,50.36949467814001,0.04196181790962331
2025-02-07,67.37999725341797,69.0999984741211,67.01000213623047,68.48999786376953,354739,ONMOBILE.NS,66.32799949645997,70.43199996948242,67.59984369515138,67.77122679412813,48.509881407798105,0.03911320384532163
2025-02-10,63.560001373291016,67.80000305175781,62.90999984741211,67.80000305175781,669592,ONMOBILE.NS,66.23749942779541,70.1542000579834,66.97832949178824,67.45928417036241,45.92178398302012,0.04059424271447347
2025-02-11,57.41999816894531,64.44999694824219,57.04999923706055,63.56999969482422,1391514,ONMOBILE.NS,65.80199947357178,69.73360008239746,65.50781698058164,66.71563335544262,37.637563265761536,0.04575941064253365
2025-02-12,54.68000030517578,58.790000915527344,54.150001525878906,57.9900016784668,1362733,ONMOBILE.NS,65.1774995803833,69.25560005187988,63.8419990305192,65.82410498134878,37.573241537211274,0.046366029364920805
2025-02-13,55.11000061035156,56.75,54.5,54.95000076293945,674340,ONMOBILE.NS,64.62799968719483,68.78459999084473,62.498614658185716,65.03046762053417,42.108064475187206,0.04648973749163262
2025-02-14,51.5,56.40999984741211,51.0,55.619998931884766,755711,ONMOBILE.NS,63.81349964141846,68.24439994812012,60.80652009538791,64.02821075975386,39.490765499136884,0.047476064133360876
2025-02-17,51.18999862670898,52.70000076293945,50.27999877929688,51.0,452298,ONMOBILE.NS,62.95349960327148,67.65939987182617,59.327055254052695,63.07723208323202,35.53046083007936,0.04723865392167
2025-02-18,49.619998931884766,51.90999984741211,49.02999877929688,51.18999862670898,368661,ONMOBILE.NS,62.11049938201904,67.06459983825684,57.83366197371917,62.08039999794704,34.78148991100771,0.047287232016002996
2025-02-19,52.06999969482422,52.34000015258789,48.88999938964844,49.59999847412109,386717,ONMOBILE.NS,61.33749942779541,66.49819984436036,56.94694470004302,61.33888886438238,34.478310609350586,0.048947638973117935
2025-02-20,53.7400016784668,54.56999969482422,52.02999877929688,52.650001525878906,311340,ONMOBILE.NS,60.78149948120117,65.99679992675782,56.45356885056975,60.776008332092346,36.0957218026856,0.04942704138431914
2025-02-21,53.15999984741211,55.290000915527344,52.56999969482422,54.25,347894,ONMOBILE.NS,60.38749942779541,65.50759986877442,55.94686592700704,60.211859555449365,22.6758054199844,0.047979416484696655
2025-02-24,52.130001068115234,53.09999847412109,51.45000076293945,52.5,163946,ONMOBILE.NS,59.997999572753905,65.00359985351562,55.359655948716,59.613203371202395,14.430709411436908,0.04799410442448603
2025-02-25,52.18000030517578,53.09000015258789,51.5,52.130001068115234,225317,ONMOBILE.NS,59.496499633789064,64.51519989013671,54.87047815740211,59.0625957366819,15.98332614487947,0.04690449207297473
2025-02-27,50.209999084472656,52.040000915527344,50.04999923706055,51.9900016784668,211191,ONMOBILE.NS,58.933999633789064,63.99499984741211,54.153481376951426,58.40684783651825,17.018132438693186,0.047379442981728685
2025-02-28,49.56999969482422,50.790000915527344,48.540000915527344,49.5,320796,ONMOBILE.NS,58.207999801635744,63.47799987792969,53.448330348931854,57.75226649268906,17.03073648649604,0.045785301682883174
2025-03-03,48.38999938964844,50.4900016784668,46.79999923706055,49.5099983215332,427715,ONMOBILE.NS,57.38849983215332,62.97959991455078,52.67012558596518,57.05876522579717,18.875671113388833,0.04554164105165238
2025-03-04,49.369998931884766,50.88999938964844,46.400001525878906,47.86000061035156,560792,ONMOBILE.NS,56.28199977874756,62.52439994812012,52.162413793029735,56.489226981803654,29.047376308807344,0.037313415131782456
2025-03-05,52.290000915527344,52.810001373291016,48.84999847412109,48.84999847412109,357973,ONMOBILE.NS,55.16849994659424,62.14639991760254,52.18204258110629,56.178173199116515,43.83703320142893,0.038855035970760336
2025-03-06,52.45000076293945,53.790000915527344,52.0,52.290000915527344,302426,ONMOBILE.NS,54.202999877929685,61.805599975585935,52.22326691677293,55.90201227791822,43.043935840485055,0.03877756305223947
2025-03-07,52.630001068115234,53.369998931884766,52.0,52.18999862670898,328569,ONMOBILE.NS,53.43249988555908,61.49239997863769,52.28584140159482,55.65964107719207,53.60102172577418,0.037961717444815093
2025-03-10,50.58000183105469,53.5,49.9900016784668,52.630001068115234,327276,ONMOBILE.NS,52.59250011444092,61.21860008239746,52.023404544588644,55.28337150340411,48.250153036513645,0.03842659952282035
2025-03-11,49.369998931884766,51.77999877929688,49.0,50.369998931884766,369721,ONMOBILE.NS,51.88299999237061,60.86880004882813,51.615188296480355,54.84534390551379,49.26772146241173,0.037166969355140446
2025-03-12,49.59999847412109,50.459999084472656,48.709999084472656,49.369998931884766,364286,ONMOBILE.NS,51.49200000762939,60.49279998779297,51.305159093040466,54.456799799484706,41.683500991563974,0.03148132871001656
2025-03-13,48.970001220703125,50.20000076293945,48.59999847412109,49.83000183105469,283973,ONMOBILE.NS,51.20650005340576,60.113000030517576,50.9459040357578,54.05037027513052,32.729905925320864,0.030027310346953138
2025-03-17,46.43999862670898,49.22999954223633,45.900001525878906,48.2599983215332,499890,ONMOBILE.NS,50.772999954223636,59.5907999420166,50.25268781898106,53.48663904191411,28.680202062743987,0.03158744184619356
2025-03-18,46.43999862670898,46.43999862670898,46.43999862670898,46.43999862670898,0,ONMOBILE.NS,50.51999988555908,59.14499984741211,49.6661202509392,52.96466567782485,30.685671606694143,0.028567918844000378
2025-03-19,48.310001373291016,48.869998931884766,46.790000915527344,46.790000915527344,905643,ONMOBILE.NS,50.376000022888185,58.692599868774415,49.457486577454866,52.619875729340855,38.30816517747555,0.03028484990712506
2025-03-20,48.88999938964844,50.130001068115234,48.5,48.5,677484,ONMOBILE.NS,50.33950004577637,58.284399795532224,49.370180856253874,52.34358859306734,45.646440052902484,0.02969006233596082
2025-03-21,49.68999862670898,51.2599983215332,48.5099983215332,48.95000076293945,971182,ONMOBILE.NS,50.220499992370605,57.934199829101566,49.41938359017004,52.14702637333709,50.39164133288278,0.02762763187165831
2025-03-24,49.18999862670898,50.70000076293945,49.02000045776367,49.79999923706055,679936,ONMOBILE.NS,49.99299983978271,57.56839973449707,49.38409359579141,51.92798728099427,52.732237233469554,0.0264772681172061
2025-03-25,47.95000076293945,50.0,47.79999923706055,49.470001220703125,653723,ONMOBILE.NS,49.73249988555908,57.265199737548826,49.163463929198805,51.63332161299021,45.23490596132153,0.026862983057534963
2025-03-26,45.400001525878906,48.16999816894531,45.04999923706055,47.900001525878906,896831,ONMOBILE.NS,49.395999908447266,56.86579971313476,48.584469713303434,51.17159419913011,26.290433694097473,0.028820400372705036
2025-03-27,45.630001068115234,46.380001068115234,44.5,45.34000015258789,1004755,ONMOBILE.NS,49.06849994659424,56.45579978942871,48.12993607558217,50.76110581905493,26.64383422055535,0.02889083417752226
2025-03-28,44.5099983215332,47.70000076293945,44.09999847412109,45.650001525878906,790726,ONMOBILE.NS,48.78349990844727,56.00259979248047,47.57302257495925,50.29806081923851,23.87386657593872,0.028278136528957908
2025-04-01,46.9900016784668,47.400001525878906,44.20000076293945,44.459999084472656,486759,ONMOBILE.NS,48.654500007629395,55.62039985656738,47.48332705242195,50.05301940140357,38.760178394966026,0.03134823887320519
2025-04-02,46.59999847412109,47.33000183105469,45.66999816894531,46.84999847412109,293564,ONMOBILE.NS,48.564999961853026,55.19659980773926,47.347430348067974,49.79724007345672,40.85808752045518,0.03097542703489181
2025-04-03,47.209999084472656,48.0,46.209999084472656,46.59999847412109,476223,ONMOBILE.NS,48.456999969482425,54.77299980163574,47.326287076745615,49.60559259279123,42.305220851966745,0.030752187335978905
2025-04-04,45.09999847412109,47.209999084472656,44.77999877929688,47.209999084472656,639432,ONMOBILE.NS,48.09749984741211,54.345399703979496,46.98378113788031,49.271844880297145,38.62433708179638,0.02861494170364482
2025-04-07,42.18999862670898,43.9900016784668,41.06999969482422,43.5,582560,ONMOBILE.NS,47.58449974060058,53.83859970092774,46.24627613616164,48.747263676327655,37.780338457178246,0.031237417019633593
2025-04-08,45.25,45.959999084472656,42.79999923706055,42.79999923706055,393042,ONMOBILE.NS,47.21549968719482,53.4463996887207,46.09300288444446,48.48820710771079,47.09046909937928,0.036260083694317644
2025-04-09,44.72999954223633,44.93999862670898,43.540000915527344,44.63999938964844,142364,ONMOBILE.NS,46.9229995727539,53.12019966125488,45.88331006256629,48.20982136212009,40.628270452762486,0.035494504554811006
2025-04-11,45.86000061035156,46.09999847412109,45.060001373291016,45.5,205657,ONMOBILE.NS,46.74749965667724,52.83899971008301,45.87972399299479,48.03576056569279,42.290083034175794,0.03585516249048873
2025-04-15,46.709999084472656,46.900001525878906,46.04999923706055,46.5,233901,ONMOBILE.NS,46.60299968719482,52.528999710083006,46.00745862245293,47.937556011528336,42.436552607267046,0.03614566710424811
2025-04-16,47.9900016784668,48.34999847412109,46.810001373291016,47.5,304584,ONMOBILE.NS,46.553999710083005,52.25959976196289,46.31246524645506,47.941440875746,47.070321522182624,0.036651629053143654
2025-04-17,48.43999862670898,49.34999847412109,47.68000030517578,47.79999923706055,293967,ONMOBILE.NS,46.653999710083,51.94659980773926,46.63977807418643,47.97837107952103,51.24428037874944,0.034641979777018286
2025-04-21,48.88999938964844,49.20000076293945,48.02000045776367,48.43999862670898,238286,ONMOBILE.NS,46.77649974822997,51.62879981994629,46.9859659688729,48.04589910249343,59.920396710904676,0.03466641820388491
2025-04-22,49.38999938964844,50.59999847412109,48.20000076293945,48.88999938964844,386910,ONMOBILE.NS,46.830499649047844,51.186599807739256,47.355817264376824,48.14546208672713,60.52630398588604,0.03360798919599088
2025-04-23,49.06999969482422,50.119998931884766,48.11000061035156,49.869998931884766,316572,ONMOBILE.NS,46.839499664306636,50.676799850463865,47.6195376382918,48.21394635399358,63.364592517428285,0.0335621504597539
2025-04-24,51.5099983215332,53.650001525878906,49.09999847412109,49.09999847412109,1277751,ONMOBILE.NS,46.930499649047846,50.27179977416992,48.218070051098174,48.45809835158911,63.2784826922163,0.03517111073991777
2025-04-25,49.9900016784668,51.5,48.5,51.34000015258789,488734,ONMOBILE.NS,46.97049980163574,49.91079978942871,48.4906749168472,48.57157267209857,59.3388529802878,0.03579662946566909
2025-04-28,49.459999084472656,50.0,48.09999847412109,49.25,282478,ONMOBILE.NS,47.0459997177124,49.55239982604981,48.6398017118665,48.63738203597813,56.22578870503375,0.035371360985002584
2025-04-29,50.11000061035156,50.45000076293945,48.95000076293945,48.95000076293945,209589,ONMOBILE.NS,47.28149967193603,49.28339981079102,48.865986157787276,48.74646489333912,65.08128221593253,0.03293665880333487
2025-04-30,48.02999877929688,50.29999923706055,47.59999847412109,50.25,289994,ONMOBILE.NS,47.401499557495114,49.09559982299805,48.7373727149426,48.693393329336,68.50443343656548,0.034571958460445425
2025-05-02,47.709999084472656,48.65999984741211,47.68999862670898,48.02999877929688,103370,ONMOBILE.NS,47.56149959564208,48.95619979858398,48.57931523333184,48.620549311197976,59.4325111647171,0.034045700374745996
2025-05-05,47.58000183105469,48.5,47.0099983215332,47.84000015258789,155465,ONMOBILE.NS,47.59099960327148,48.80559982299805,48.42557470990459,48.543471720076255,61.264833219294474,0.03181019137616935
2025-05-06,47.130001068115234,48.09999847412109,46.310001373291016,47.77000045776367,214689,ONMOBILE.NS,47.61749973297118,48.71819984436035,48.22625568809084,48.43877019030137,55.30493205088941,0.031829258440185325
2025-05-07,46.619998931884766,47.04999923706055,45.400001525878906,46.0,246721,ONMOBILE.NS,47.58799972534179,48.62679985046387,47.97913926405913,48.304046393381626,49.61306902698988,0.03180212802759433
2025-05-08,46.36000061035156,47.95000076293945,45.75,47.0,159091,ONMOBILE.NS,47.65099983215332,48.5615998840332,47.73004100964258,48.160043002046066,42.31856003583875,0.03007433818057785
2025-05-09,45.13999938964844,45.880001068115234,44.310001373291016,45.0,207763,ONMOBILE.NS,47.79849987030029,48.42299987792969,47.331573068105016,47.93633606779439,35.50088344760108,0.026658732193241347
2025-05-12,49.63999938964844,51.38999938964844,46.40999984741211,46.95000076293945,665701,ONMOBILE.NS,48.01799983978272,48.34099983215332,47.68671557911169,48.06253335089469,52.43033047688412,0.030729612251281634
2025-05-13,49.970001220703125,50.5,49.25,49.79999923706055,235330,ONMOBILE.NS,48.27999992370606,48.27719985961914,48.03799029320268,48.20382726717679,51.900398918286,0.030481603438752745
2025-05-14,51.66999816894531,51.880001068115234,50.09000015258789,50.29999923706055,409098,ONMOBILE.NS,48.57049980163574,48.26799980163574,48.59676073562463,48.460580667307795,57.812495701587956,0.030834022720374273
2025-05-15,51.56999969482422,52.43999862670898,51.09999847412109,51.66999816894531,253046,ONMOBILE.NS,48.81349983215332,48.255799789428714,49.05418211396302,48.690908002679386,50.20979502270012,0.03075034958351656
2025-05-16,52.040000915527344,52.95000076293945,51.16999816894531,51.70000076293945,332554,ONMOBILE.NS,49.01599979400635,48.2923998260498,49.51353885266522,48.938988959186645,57.7358439504245,0.030330541882383478
2025-05-19,53.61000061035156,54.5,52.040000915527344,52.040000915527344,874953,ONMOBILE.NS,49.27449989318848,48.37319984436035,50.14376373846312,49.2849898222359,64.52064821552798,0.030858885626693047
2025-05-20,51.7400016784668,54.29999923706055,51.25,53.79999923706055,573304,ONMOBILE.NS,49.4170000076294,48.44019989013672,50.389338806156,49.46684255232707,55.25467841557479,0.032129509560413265
2025-05-21,50.650001525878906,50.9900016784668,48.9900016784668,50.95000076293945,609544,ONMOBILE.NS,49.48000011444092,48.4657999420166,50.429440763036446,49.55448395777535,59.022050111262004,0.03253452611984602
2025-05-22,50.31999969482422,51.2400016784668,49.56999969482422,50.34999847412109,234979,ONMOBILE.NS,49.54250011444092,48.42639991760254,50.41260367561918,49.61118882718638,58.981420611233744,0.03253501024841752
2025-05-23,55.72999954223633,56.77999877929688,49.59000015258789,50.56999969482422,2019280,ONMOBILE.NS,49.75350017547608,48.49199989318848,51.23066457817566,50.06443406533823,70.57041177738114,0.038953038186003715
2025-05-26,57.61000061035156,59.45000076293945,57.06999969482422,59.0,1474426,ONMOBILE.NS,50.134500122070314,48.5915998840332,52.21210089081811,50.62336492052441,74.67043011785869,0.03860073140383902
2025-05-27,56.02999877929688,59.119998931884766,55.5099983215332,57.5,932671,ONMOBILE.NS,50.46300010681152,48.70059982299804,52.799469796737924,51.02385631747052,71.0891960290902,0.039201445192504625
2025-05-28,55.54999923706055,57.0,55.34999847412109,56.0099983215332,293217,ONMOBILE.NS,50.73500003814697,48.82419982910156,53.22262817217218,51.35912616336608,70.39502345454407,0.03932153357412081
2025-05-29,59.13999938964844,59.900001525878906,55.970001220703125,55.970001220703125,1989095,ONMOBILE.NS,51.29050006866455,49.014999847412106,54.13299297486084,51.9354871430907,78.11244807645818,0.039750226237680424
2025-05-30,58.06999969482422,59.59000015258789,57.5099983215332,59.540000915527344,331876,ONMOBILE.NS,51.808500099182126,49.19699981689453,54.73868631639367,52.38989548025614,69.63204430805268,0.040100851850955146
2025-06-02,55.220001220703125,58.02000045776367,54.95000076293945,58.0,737471,ONMOBILE.NS,52.19050006866455,49.372599868774415,54.81273476321051,52.59953294251148,60.942060165684126,0.04219669727557069
2025-06-03,53.43999862670898,56.29999923706055,53.0,55.47999954223633,847794,ONMOBILE.NS,52.50599994659424,49.512599868774416,54.60154458836412,52.66178965985944,53.67677648460561,0.04300057985919938
2025-06-04,55.27999877929688,56.04999923706055,52.810001373291016,53.5,664308,ONMOBILE.NS,52.93899993896484,49.65199981689453,54.705922156199925,52.85573107611407,57.187133550440464,0.04319530208066115
2025-06-05,54.22999954223633,57.29999923706055,53.970001220703125,55.5,930890,ONMOBILE.NS,53.33249988555908,49.75879981994629,54.63270329251321,52.95752874027127,54.14929587115085,0.043543147978421674
2025-06-06,53.959999084472656,55.02999877929688,53.79999923706055,54.650001525878906,293820,ONMOBILE.NS,53.77349987030029,49.84419982910156,54.52921033743005,53.031785802804706,50.69748588835907,0.042895566127912226
2025-06-09,54.400001525878906,55.20000076293945,54.02000045776367,54.02000045776367,297057,ONMOBILE.NS,54.01149997711182,49.94839988708496,54.509332058729875,53.13313511562502,55.62129967629902,0.0373220252517888
2025-06-10,54.45000076293945,55.9900016784668,54.060001373291016,54.880001068115234,510446,ONMOBILE.NS,54.235499954223634,50.07839988708496,54.50020416706981,53.230680719129786,58.39964220780852,0.03733256807907934
2025-06-11,55.93000030517578,56.720001220703125,54.68999862670898,54.70000076293945,556748,ONMOBILE.NS,54.448500061035155,50.2889998626709,54.7201728037015,53.430630318096156,61.80058814051434,0.03708270880853378
2025-06-12,55.93000030517578,59.0,55.25,56.18000030517578,1300960,ONMOBILE.NS,54.666500091552734,50.49499984741211,54.906300111620624,53.615768835657605,50.54466425581736,0.03706726972026345
2025-06-13,54.38999938964844,55.0,53.70000076293945,55.0,391516,ONMOBILE.NS,54.78400001525879,50.692599868774415,54.82686923131721,53.673119247064335,41.065481528147906,0.03773739493868423
2025-06-16,54.09000015258789,55.33000183105469,52.810001373291016,54.75,325064,ONMOBILE.NS,54.807999992370604,50.834599838256835,54.71350475766654,53.70399931414015,44.20550050122017,0.03721867422906539
2025-06-17,54.150001525878906,56.52000045776367,53.70000076293945,54.0,582745,ONMOBILE.NS,54.92849998474121,50.98559989929199,54.62681195277614,53.737036515009684,45.71079224840594,0.036245585336333444
2025-06-18,53.709999084472656,54.31999969482422,53.060001373291016,54.31999969482422,280286,ONMOBILE.NS,55.081499862670896,51.11559989929199,54.485763819190986,53.73503374237731,29.384973748985544,0.03590947840929209
2025-06-19,51.18999862670898,53.93999862670898,50.25,53.75,477015,ONMOBILE.NS,55.124999809265134,51.23739990234375,53.9787230203476,53.546512622698174,26.47059514208179,0.037601004558078056
2025-06-20,53.34000015258789,55.0,50.75,51.18999862670898,378109,ONMOBILE.NS,55.005499839782715,51.46039993286133,53.88045796376918,53.53121540269001,43.247127263638994,0.02995730381560094
2025-06-23,53.709999084472656,54.18000030517578,52.54999923706055,52.54999923706055,240902,ONMOBILE.NS,54.81049976348877,51.62959991455078,53.854233520800484,53.54445863837761,51.07913800689941,0.028865349800135554
2025-06-24,53.5,54.83000183105469,53.2599983215332,54.209999084472656,178779,ONMOBILE.NS,54.68399982452392,51.804999923706056,53.79973605606195,53.5411654059052,41.81986222217234,0.02829587469824315
2025-06-25,55.630001068115234,56.0,53.790000915527344,53.790000915527344,562200,ONMOBILE.NS,54.68799991607666,52.00039993286133,54.08131528868553,53.69589397347631,55.85284590290261,0.029730228889631987
2025-06-26,54.5099983215332,56.45000076293945,54.29999923706055,55.5,316815,ONMOBILE.NS,54.456499862670896,52.15639991760254,54.14726652450825,53.7561979992583,52.14675585686646,0.02590098251578029
2025-06-27,54.18999862670898,55.34999847412109,53.810001373291016,54.52000045776367,305304,ONMOBILE.NS,54.26249980926514,52.280399856567385,54.153840694077594,53.788331379069454,49.17256581702265,0.025688045421676176
2025-06-30,54.5,54.93000030517578,53.650001525878906,54.0,292421,ONMOBILE.NS,54.22649974822998,52.4015998840332,54.20709597191181,53.84104757321246,50.193047122232535,0.023345643045221656
2025-07-01,53.869998931884766,54.72999954223633,53.09999847412109,54.5,235230,ONMOBILE.NS,54.24799976348877,52.501199874877926,54.155234888830734,53.84319211829929,41.48760460852886,0.02229582543120406
2025-07-02,53.630001068115234,54.13999938964844,52.91999816894531,53.400001525878906,222475,ONMOBILE.NS,54.16549987792969,52.58599990844726,54.07442968564373,53.82740018865603,40.68072209638815,0.020841750843487668
2025-07-03,53.09999847412109,53.959999084472656,52.900001525878906,53.59999847412109,158960,ONMOBILE.NS,54.10899982452393,52.666599884033204,53.924517191563325,53.77351858017196,44.30714987471776,0.020532086405352944
2025-07-04,53.2599983215332,54.119998931884766,52.5099983215332,53.09999847412109,237398,ONMOBILE.NS,54.07399978637695,52.7015998840332,53.822283519250995,53.73548004249502,46.29132670210686,0.020525322161224397
2025-07-07,52.84999847412109,53.66999816894531,52.52999877929688,53.0,210255,ONMOBILE.NS,53.996499633789064,52.75879981994629,53.67270120461563,53.66988881520806,44.367408625837314,0.0204814855059616
2025-07-08,52.72999954223633,53.459999084472656,52.5,52.84999847412109,250641,ONMOBILE.NS,53.910499572753906,52.82419982910156,53.5276701796342,53.60026738758053,45.63280257386555,0.020476161041996312
2025-07-09,52.68999862670898,53.25,52.33000183105469,52.84999847412109,267861,ONMOBILE.NS,53.74849948883057,52.87579978942871,53.39879763303032,53.532840071960415,58.5812303045645,0.019345100055148286
2025-07-10,52.560001373291016,53.470001220703125,52.09999847412109,52.68999862670898,306073,ONMOBILE.NS,53.57999954223633,52.96639984130859,53.269752054608894,53.46077794613305,44.1964387082711,0.019334155425123175
2025-07-11,52.40999984741211,53.0,51.900001525878906,53.0,193517,ONMOBILE.NS,53.48099956512451,53.060399856567386,53.13748248427093,53.38294253141298,40.0000117375232,0.018448109170381886
2025-07-14,51.869998931884766,52.40999984741211,51.59999847412109,52.02000045776367,187499,ONMOBILE.NS,53.36999950408936,53.146199798583986,52.94248501467307,53.27087263515163,38.06735197115806,0.018531222542495705
2025-07-15,52.06999969482422,52.66999816894531,51.900001525878906,51.9900016784668,142808,ONMOBILE.NS,53.26599941253662,53.24499977111817,52.8082565039271,53.18191908401627,13.673494967330086,0.018565081582067173
2025-07-16,55.09999847412109,55.619998931884766,51.95000076293945,52.29999923706055,1369637,ONMOBILE.NS,53.335499382019044,53.41459976196289,53.16083219164925,53.32399903883885,54.33186515131903,0.022811237533211706
2025-07-17,56.40999984741211,57.900001525878906,54.70000076293945,55.380001068115234,1048775,ONMOBILE.NS,53.5964994430542,53.6155997467041,53.66070413868969,53.55259169132576,64.23077148798566,0.020242543991770223
2025-07-18,55.2400016784668,57.13999938964844,53.900001525878906,56.59999847412109,567240,ONMOBILE.NS,53.69149951934814,53.81759979248047,53.903672990963095,53.67758502370658,54.272527087214286,0.019042010798178355
2025-07-21,54.650001525878906,55.5,53.959999084472656,54.900001525878906,282002,ONMOBILE.NS,53.73849964141846,53.91779983520508,54.018492765565526,53.74961587571934,54.52437755594705,0.019204522951273055
2025-07-22,54.18999862670898,55.400001525878906,53.91999816894531,54.77999877929688,260699,ONMOBILE.NS,53.7729995727539,54.002199783325196,54.04487828266452,53.78223682023709,53.167405584127366,0.019291907103636242
2025-07-23,54.2400016784668,54.88999938964844,52.93000030517578,54.0,278066,ONMOBILE.NS,53.70349960327148,54.05359985351563,54.074897266634096,53.81614532825411,56.81819737397477,0.016974939792870673
2025-07-24,53.22999954223633,54.59000015258789,52.7400016784668,54.400001525878906,231346,ONMOBILE.NS,53.63949966430664,54.08679985046387,53.94491300134213,53.772727121882426,49.83714029626218,0.016889000648316776
2025-07-25,51.93999862670898,53.31999969482422,51.34999847412109,53.09999847412109,258361,ONMOBILE.NS,53.52699966430664,54.0847998046875,53.636464636013955,53.63696945557328,45.49058897141248,0.01764677321748961
2025-07-28,50.36000061035156,51.9900016784668,50.09999847412109,51.5,290409,ONMOBILE.NS,53.31999969482422,54.0197998046875,53.13239324745051,53.39423102259389,39.74027046352674,0.018639883424386012
2025-07-29,50.90999984741211,52.0,50.04999923706055,50.04999923706055,207694,ONMOBILE.NS,53.17199974060058,54.00319976806641,52.79048657052152,53.21021389850635,42.62024040806492,0.018823011212629203
2025-07-30,54.15999984741211,54.880001068115234,51.400001525878906,51.400001525878906,680851,ONMOBILE.NS,53.19849967956543,54.07339973449707,53.00118092081238,53.28056841324011,55.27008444599467,0.02397024073447581
2025-07-31,53.79999923706055,54.59999847412109,52.02999877929688,53.29999923706055,204887,ONMOBILE.NS,53.233499717712405,54.142999725341795,53.12407604638902,53.31904477056014,54.515915385641165,0.023905473946534132
2025-08-01,54.119998931884766,56.59999847412109,53.0,53.0,694950,ONMOBILE.NS,53.27649974822998,54.11079971313477,53.27729495184991,53.378374708436034,57.41594970334893,0.023927993927916908
2025-08-04,54.88999938964844,55.5,53.25,54.0,274304,ONMOBILE.NS,53.378499794006345,54.0563996887207,53.52540332689584,53.49034690704436,58.95806451925621,0.024007422275898208
2025-08-05,54.61000061035156,55.09999847412109,53.5,55.0,157474,ONMOBILE.NS,53.47249984741211,54.0279997253418,53.69226444742749,53.57328421840045,48.11394281539226,0.0240432521378184
2025-08-06,53.47999954223633,54.79999923706055,53.0,54.060001373291016,95348,ONMOBILE.NS,53.511999893188474,53.98659973144531,53.659608308167314,53.5663742423883,38.56362561069379,0.02457192004807822
2025-08-07,53.65999984741211,54.540000915527344,52.40999984741211,53.0,196799,ONMOBILE.NS,53.56699981689453,53.87699974060059,53.6596685449742,53.573309472390065,43.31640925544385,0.024562902984219245
2025-08-08,53.02000045776367,54.31999969482422,52.61000061035156,53.54999923706055,150279,ONMOBILE.NS,53.59749984741211,53.775999755859374,53.56125807001874,53.53232361945478,43.1339504333873,0.02472721859668721
2025-08-11,53.75,54.25,52.5099983215332,52.75,102657,ONMOBILE.NS,53.691499900817874,53.746599731445315,53.59029529001586,53.54844779579146,48.187815030594585,0.02474092914366216
2025-08-12,53.650001525878906,54.4900016784668,53.04999923706055,53.54999923706055,128641,ONMOBILE.NS,53.7704999923706,53.75079978942871,53.59948086476402,53.55597029431645,47.579982694603565,0.024752187278455514
2025-08-13,54.04999923706055,55.09999847412109,53.29999923706055,53.5,195709,ONMOBILE.NS,53.71800003051758,53.726199798583984,53.66879138357887,53.59256503081601,53.540587674502724,0.020978874668248684
2025-08-14,54.79999923706055,61.54999923706055,53.5,58.400001525878906,7920664,ONMOBILE.NS,53.6375,53.73759979248047,53.84282336103759,53.68200460164894,62.95290919218212,0.020480516541370057
2025-08-18,53.43000030517578,55.79999923706055,53.150001525878906,55.79999923706055,449133,ONMOBILE.NS,53.54699993133545,53.72699981689453,53.77931212167423,53.663337616725,64.17359805397501,0.020714638385250506
2025-08-19,55.220001220703125,56.29999923706055,52.619998931884766,53.43000030517578,1439487,ONMOBILE.NS,53.57549991607666,53.74339981079102,54.00095659844791,53.7786460318345,67.85419571015497,0.021996256433330565
2025-08-20,53.369998931884766,54.63999938964844,52.5,53.0,1081397,ONMOBILE.NS,53.534499931335446,53.721799774169924,53.90388618820742,53.748375876282665,46.29802693956117,0.023226978803791466
2025-08-21,53.59999847412109,54.380001068115234,52.79999923706055,53.369998931884766,754940,ONMOBILE.NS,53.50249977111817,53.675199737548816,53.85713423219414,53.73738495760403,49.05122951635485,0.02325030057791789
2025-08-22,52.34999847412109,53.45000076293945,52.0,52.29999923706055,393699,ONMOBILE.NS,53.4584997177124,53.603599700927724,53.62526719249059,53.634615588457144,42.28421596313142,0.0234675354837509
2025-08-25,52.040000915527344,53.25,51.52999877929688,52.54999923706055,317671,ONMOBILE.NS,53.46349983215332,53.5565997314453,53.38138007295778,53.51649598305494,37.057221180484795,0.02284480120643916
2025-08-26,50.560001373291016,52.43999862670898,50.29999923706055,52.0,255011,ONMOBILE.NS,53.473499870300294,53.48599975585937,52.94732181147059,53.29749638233169,33.41523011443782,0.022708362166724436
2025-08-28,50.02000045776367,51.4900016784668,49.2599983215332,50.5,462148,ONMOBILE.NS,53.42899990081787,53.403399734497064,52.496964680131065,53.05471890643776,35.111873759073845,0.02269731893367019
2025-08-29,50.68999862670898,51.45000076293945,50.0,50.2599983215332,292931,ONMOBILE.NS,53.255499839782715,53.34299972534179,52.218969902681515,52.87955444127267,37.737394954012494,0.01732126822209655
2025-09-01,51.0,51.27000045776367,50.34000015258789,50.84000015258789,170811,ONMOBILE.NS,53.115499877929686,53.33919975280761,52.03143607149974,52.740328186363584,41.42614040229205,0.017420937348785033
2025-09-02,51.27000045776367,52.20000076293945,51.0,51.25,141794,ONMOBILE.NS,52.97299995422363,53.297799758911125,51.91429213092496,52.63141502128211,39.04593443099151,0.01740480836542613
2025-09-03,53.84999847412109,54.08000183105469,51.25,51.25,621717,ONMOBILE.NS,52.920999908447264,53.300599746704094,52.21209310680129,52.721680462233145,50.72462686443388,0.020780695785299126
2025-09-04,53.4900016784668,54.70000076293945,53.27999877929688,54.38999938964844,324029,ONMOBILE.NS,52.86499996185303,53.30039978027343,52.40869442551906,52.778593144917124,47.96512433811095,0.02080115282589011
2025-09-05,53.02000045776367,53.84000015258789,52.61000061035156,53.4900016784668,159405,ONMOBILE.NS,52.842000007629395,53.2481997680664,52.502741507402845,52.79647516809094,43.39762854798085,0.020368729704451066
2025-09-08,53.13999938964844,54.310001373291016,52.5,53.0,276531,ONMOBILE.NS,52.81599998474121,53.2207997894287,52.60078118159448,52.82192140672483,48.814386685048746,0.020359959100952882
2025-09-09,53.900001525878906,54.66999816894531,52.52000045776367,53.13999938964844,481319,ONMOBILE.NS,52.86000003814697,53.2149998474121,52.80066123456132,52.901779193328835,44.107142613858514,0.020415679323315984
2025-09-10,54.08000183105469,55.400001525878906,53.54999923706055,53.54999923706055,417019,ONMOBILE.NS,52.87650012969971,53.206599884033196,52.99748286479107,52.98905494427149,53.725095877843174,0.02020503572998658
2025-09-11,54.209999084472656,55.9900016784668,53.619998931884766,53.619998931884766,699391,ONMOBILE.NS,52.904500007629395,53.213399887084954,53.18402382166515,53.07949525095306,53.23436417887268,0.020201328089738298
2025-09-12,53.52000045776367,54.84999847412109,52.91999816894531,54.310001373291016,216163,ONMOBILE.NS,52.87800006866455,53.21119987487792,53.23571253491107,53.112125266272365,56.5952825867716,0.020350319632840654
2025-09-15,54.130001068115234,54.75,53.310001373291016,53.400001525878906,379494,ONMOBILE.NS,52.84450016021729,53.2317999267578,53.373295386173254,53.187523473816285,61.395863900503336,0.020266845906586513
2025-09-16,57.09999847412109,58.25,54.15999984741211,54.36000061035156,1790748,ONMOBILE.NS,53.028000068664554,53.30859992980956,53.94663432278061,53.47733643680183,80.67543093406834,0.02287029365633379
2025-09-17,62.58000183105469,67.87999725341797,57.400001525878906,57.400001525878906,15282415,ONMOBILE.NS,53.39600009918213,53.50319999694823,55.27484470866893,54.15160794748722,90.25642843955602,0.030248762564674497
2025-09-18,63.0099983215332,64.63999938964844,62.0099983215332,63.5,2213434,ONMOBILE.NS,53.87800006866455,53.70879997253417,56.46486834141728,54.80778501223137,90.10418399962255,0.028734169600197087
2025-09-19,62.130001068115234,64.98999786376953,61.68999862670898,63.02000045776367,1137574,ONMOBILE.NS,54.30450019836426,53.897600021362294,57.33642722244774,55.35017138674129,84.93411440890952,0.029168926362924976
2025-09-22,65.12999725341797,66.30000305175781,61.68999862670898,62.11000061035156,1909270,ONMOBILE.NS,54.9435001373291,54.148999938964835,58.535437996443164,56.074602932421044,87.13828575213486,0.029540166904626523
2025-09-23,67.47000122070312,70.44999694824219,64.2699966430664,65.13999938964844,4297927,ONMOBILE.NS,55.71500015258789,54.45019996643065,59.90998618479085,56.918706509330825,86.97071048255327,0.02973162072983331
2025-09-24,66.29000091552734,68.0,64.2300033569336,67.5,1189053,ONMOBILE.NS,56.50150012969971,54.7386000061035,60.89152691259646,57.61287646534538,83.26404156990306,0.0290112495920748
2025-09-25,67.75,68.69999694824219,65.54000091552734,66.0999984741211,1291676,ONMOBILE.NS,57.388000106811525,55.052200012207024,61.94667661835085,58.363774504949426,86.40634065920183,0.028462172517524895
2025-09-26,69.3499984741211,70.48999786376953,66.79000091552734,67.05000305175781,2509018,ONMOBILE.NS,58.32100009918213,55.33720001220702,63.085649211546276,59.177568873036215,87.33303884069706,0.028511152564709326
2025-09-29,67.80999755859375,71.4000015258789,66.83000183105469,70.0,1167950,ONMOBILE.NS,59.161499977111816,55.565199966430654,63.81247203416897,59.817008034929366,80.9248600994366,0.029714625384058422
2025-09-30,67.05999755859375,68.58999633789062,66.7699966430664,67.80999755859375,384516,ONMOBILE.NS,59.95099983215332,55.801599884033195,64.31209134561894,60.35352577742302,78.14397527360457,0.03020948649973116
2025-10-01,68.20999908447266,69.33999633789062,65.79000091552734,67.5999984741211,536513,ONMOBILE.NS,60.6689998626709,56.07279983520507,64.91176945928873,60.935486763130406,79.06977444171227,0.028992614960816843
2025-10-03,69.0199966430664,70.94999694824219,67.5,68.20999908447266,1414886,ONMOBILE.NS,61.44549961090088,56.36939979553222,65.54380441063915,61.53433934682937,82.02479459346901,0.028648792242831837
2025-10-06,67.80999755859375,70.36000061035156,67.33999633789062,69.13999938964844,551538,ONMOBILE.NS,62.18499946594238,56.640799713134754,65.89244951032448,61.99920291807118,77.58064741894881,0.029065740623851626
2025-10-07,69.6500015258789,71.5199966430664,67.54000091552734,68.0,1810401,ONMOBILE.NS,63.01049957275391,56.96919975280761,66.47053443579439,62.56592874087175,76.51035915208314,0.02912474522493003
2025-10-08,68.79000091552734,70.5199966430664,68.51000213623047,69.6500015258789,465640,ONMOBILE.NS,63.75499954223633,57.30619979858398,66.82737543267638,63.026971124179575,66.29921411210046,0.029714296172980107
2025-10-09,66.0199966430664,68.88999938964844,65.6500015258789,68.77999877929688,567678,ONMOBILE.NS,64.35199928283691,57.61939971923828,66.70316331119793,63.24867671817119,57.03599315245001,0.031951188884568535
2025-10-10,69.36000061035156,69.5999984741211,65.75,66.0199966430664,835080,ONMOBILE.NS,65.10949935913087,57.98839973449707,67.11190751106771,63.70136737685122,65.15722544147705,0.03310482104331327
2025-10-13,69.30000305175781,70.36000061035156,68.31999969482422,68.6500015258789,523681,ONMOBILE.NS,65.89849948883057,58.29119979858398,67.44853759425081,64.11608113054801,59.971314075842194,0.03272545089539035
2025-10-14,69.22000122070312,69.9000015258789,67.5,69.30000305175781,352871,ONMOBILE.NS,66.65299949645996,58.599599838256836,67.72107045985885,64.49414928537432,54.6916867048968,0.03288782908089337
2025-10-15,71.62000274658203,72.80000305175781,68.36000061035156,69.22000122070312,1064905,ONMOBILE.NS,67.37899971008301,58.94959991455078,68.3209061962778,65.02199028250081,63.412176768409786,0.03182331948837965
2025-10-16,71.97000122070312,72.97000122070312,71.05000305175781,72.0,594958,ONMOBILE.NS,67.84849967956544,59.291199951171876,68.88230543080478,65.53665775940468,61.24733215340768,0.024921987958849826
2025-10-17,70.33000183105469,73.69999694824219,68.0,71.97000122070312,1613772,ONMOBILE.NS,68.21449985504151,59.60559997558594,69.10502795392014,65.89172028323061,52.606390425926946,0.025815660225005845
2025-10-20,71.0999984741211,73.2300033569336,69.55000305175781,71.9000015258789,588493,ONMOBILE.NS,68.66299972534179,59.95799995422363,69.41194649548952,66.27751866774102,59.12368204689431,0.025408324267687132
2025-10-21,71.77999877929688,72.5,71.02999877929688,71.9000015258789,150012,ONMOBILE.NS,68.99549980163575,60.32039993286133,69.77626223145988,66.68510978711552,63.14031029024823,0.023506545733446575
2025-10-23,73.27999877929688,74.5999984741211,72.0,72.0999984741211,902907,ONMOBILE.NS,69.28599967956544,60.72559989929199,70.3152986234348,67.17362008283266,63.84488874462536,0.02269650545593151
2025-10-24,73.72000122070312,74.25,72.5999984741211,73.30000305175781,473904,ONMOBILE.NS,69.65749969482422,61.124999923706056,70.83909902301454,67.6585372041564,63.09922502576089,0.022105197350797644
2025-10-27,73.76000213623047,75.08999633789062,71.68000030517578,73.61000061035156,656308,ONMOBILE.NS,69.95799980163574,61.52719993591309,71.28846873274007,68.11049756949522,67.74001298406472,0.021782486354584036
2025-10-28,73.72000122070312,74.2300033569336,72.0999984741211,74.19999694824219,422268,ONMOBILE.NS,70.17649993896484,61.92059997558594,71.66255065396516,68.52601635847358,63.593845319596014,0.021330795456882188
2025-10-29,73.33000183105469,74.05999755859375,72.75,73.25,170310,ONMOBILE.NS,70.45250015258789,62.29120002746582,71.91908160428662,68.88186713422033,65.65516733358064,0.020589742905722113
2025-10-30,73.5,74.41999816894531,72.68000030517578,73.27999877929688,299385,ONMOBILE.NS,70.77450027465821,62.6926000213623,72.16229981901175,69.22395105020401,81.42858150340085,0.020285647113954395
2025-10-31,72.95999908447266,73.5,72.0999984741211,73.5,235786,ONMOBILE.NS,71.0120002746582,63.04739997863769,72.28502278292882,69.50069534903872,69.78021471299638,0.020239615678516475
2025-11-03,73.22000122070312,73.91999816894531,72.19999694824219,72.19999694824219,276210,ONMOBILE.NS,71.22200050354004,63.444400024414065,72.42886561950948,69.77619948768053,71.07525205706457,0.020145117446288965
2025-11-04,73.95999908447266,74.4000015258789,72.69999694824219,72.9000015258789,374856,ONMOBILE.NS,71.52950057983398,63.85160003662109,72.6644246141192,70.0861105689244,73.79517218610516,0.01959216699515705
2025-11-06,68.1500015258789,74.23999786376953,67.2699966430664,73.95999908447266,1212301,ONMOBILE.NS,71.45450057983399,64.16760009765625,71.96989798515915,69.94269508425435,37.0231769335415,0.026285157278326168
2025-11-07,65.0999984741211,68.12999725341797,65.0,68.12999725341797,725130,ONMOBILE.NS,71.27000045776367,64.42880004882812,70.91299036807636,69.58397681683708,28.62475769431812,0.02798161213695242
2025-11-10,64.43000030517578,66.01000213623047,63.459999084472656,65.0999984741211,455169,ONMOBILE.NS,71.19050064086915,64.70620002746583,69.91560728147627,69.20220077893624,30.463569132173973,0.026614454002569125
2025-11-11,63.290000915527344,64.70999908447266,62.709999084472656,64.43000030517578,203574,ONMOBILE.NS,70.88700065612792,64.9716000366211,68.89628322517643,68.76426004831336,24.757605228428105,0.023906944100931887
2025-11-12,65.04000091552734,65.58000183105469,62.9900016784668,63.0,359294,ONMOBILE.NS,70.6740005493164,65.25860008239746,68.30300902369196,68.48838900144032,29.62515873429551,0.024949467877792
2025-11-13,64.22000122070312,65.30000305175781,63.20000076293945,65.0999984741211,234099,ONMOBILE.NS,70.4240005493164,65.52300010681152,67.67485397707829,68.17221212879312,21.437587610556463,0.025039463348927794
2025-11-14,63.0099983215332,64.05000305175781,62.040000915527344,64.05000305175781,219472,ONMOBILE.NS,69.99350032806396,65.75780006408691,66.9571838762252,67.78982592084795,17.79915149944202,0.023569004915853693
2025-11-17,63.13999938964844,64.5,62.72999954223633,63.0099983215332,213537,ONMOBILE.NS,69.55200023651123,65.94360008239747,66.36992472444416,67.44539432594428,18.241620899428895,0.023508032685558095
2025-11-18,62.25,64.30999755859375,62.0,63.13999938964844,204599,ONMOBILE.NS,69.1480001449585,66.11880004882812,65.73609015145276,67.06055030180026,17.35913084824365,0.023265364397446427
2025-11-19,61.36000061035156,62.900001525878906,60.720001220703125,62.310001373291016,211687,ONMOBILE.NS,68.66100025177002,66.28560005187988,65.06284560666796,66.63828736169295,16.878800711513875,0.02299105373164282
2025-11-20,59.810001373291016,61.790000915527344,59.119998931884766,61.20000076293945,281733,ONMOBILE.NS,68.06250038146973,66.41900009155273,64.25471572460998,66.13248839958909,14.80720285421718,0.022982873500885178
2025-11-21,57.970001220703125,59.790000915527344,57.56999969482422,59.31999969482422,136825,ONMOBILE.NS,67.29700050354003,66.50040008544921,63.28783657016277,65.52785971967161,13.879523219832464,0.02236169300386815
2025-11-24,56.38999938964844,57.7400016784668,55.310001373291016,57.59999847412109,247915,ONMOBILE.NS,66.43050041198731,66.5466000366211,62.22663085008364,64.85098117670694,11.871313856425644,0.022235255075219694
2025-11-25,57.52000045776367,60.27999877929688,56.38999938964844,56.38999938964844,700232,ONMOBILE.NS,65.61850032806396,66.61280006408691,61.5025338666498,64.30794556789633,13.40161063087713,0.023266796250435703
2025-11-26,58.04999923706055,58.5,57.09999847412109,57.66999816894531,132570,ONMOBILE.NS,64.83500022888184,66.70340003967286,60.97137469286683,63.844393987834415,20.60535545176286,0.023621295350969
2025-11-27,57.630001068115234,58.52000045776367,56.97999954223633,58.04999923706055,88255,ONMOBILE.NS,64.05000019073486,66.77340003967285,60.45731721213582,63.38406858637373,24.329904475256257,0.023597922985882574
2025-11-28,57.5,58.0099983215332,56.61000061035156,57.630001068115234,132856,ONMOBILE.NS,63.250000190734866,66.78140007019043,60.002345333345694,62.94821165404975,25.267668634915836,0.023476743596999503
2025-12-01,57.0099983215332,58.27999877929688,56.25,57.5,120492,ONMOBILE.NS,62.45250015258789,66.67,59.54198425460531,62.50834399978926,26.497004064535744,0.023466137748142855
2025-12-02,56.040000915527344,60.27999877929688,55.65999984741211,56.84999847412109,866763,ONMOBILE.NS,61.5935001373291,66.53060005187989,59.003217587054856,62.02920747502912,14.22894002374936,0.023197893928676085
2025-12-03,62.83000183105469,67.23999786376953,55.650001525878906,56.04999923706055,22681480,ONMOBILE.NS,61.037000274658205,66.54460006713867,59.591953624593295,62.08852557547546,46.25337153376716,0.03775131629160691
2025-12-04,58.29999923706055,61.83000183105469,57.77000045776367,61.34000015258789,3600594,ONMOBILE.NS,60.54450016021728,66.40800010681153,59.393191411126715,61.80789399485213,39.23182786246161,0.037133952693595096
2025-12-05,57.52999877929688,58.5,55.75,58.25,1134539,ONMOBILE.NS,60.16600017547607,66.2092000579834,59.1065463908452,61.49101286777396,37.5388714394609,0.03610808686390127
2025-12-08,57.0,58.38999938964844,55.900001525878906,58.38999938964844,525276,ONMOBILE.NS,59.79450016021728,66.02340003967285,58.78246233071518,61.158345247938854,38.148985015043515,0.03610145761378799
2025-12-09,56.72999954223633,57.52000045776367,54.560001373291016,56.20000076293945,545213,ONMOBILE.NS,59.46650009155273,65.80300003051758,58.46669882479535,60.83031964010904,39.24756035699042,0.03598742094177254
2025-12-10,55.70000076293945,57.88999938964844,55.52999877929688,56.9900016784668,327884,ONMOBILE.NS,58.99950008392334,65.53000007629394,58.04105296912521,60.450296019577955,40.2189429022853,0.035259483233207586
2025-12-11,55.40999984741211,56.0099983215332,54.59000015258789,55.900001525878906,172207,ONMOBILE.NS,58.55900001525879,65.28200012207031,57.636275565784736,60.07694074756567,43.4224023846363,0.035238066724633324
2025-12-12,56.20000076293945,56.880001068115234,55.560001373291016,55.619998931884766,211831,ONMOBILE.NS,58.2185001373291,65.06480018615723,57.41531021150085,59.78976000796373,49.49116602431149,0.03541876348486425
2025-12-15,57.86000061035156,60.84999847412109,56.060001373291016,56.43999862670898,1872981,ONMOBILE.NS,57.95450019836426,64.8578002166748,57.483724119016344,59.64681486739987,50.885417028847655,0.03623576367893432
2025-12-16,60.45000076293945,60.84000015258789,57.220001220703125,57.79999923706055,999080,ONMOBILE.NS,57.86450023651123,64.68640029907226,57.940074371927594,59.70631011892132,55.644405655512415,0.03771185628756746
2025-12-17,61.43000030517578,61.79999923706055,59.02999877929688,60.310001373291016,508463,ONMOBILE.NS,57.868000221252444,64.5588003540039,58.476986053965774,59.83399087345869,58.70760455057296,0.0377547093186752
2025-12-18,59.16999816894531,61.380001068115234,59.0,60.79999923706055,239634,ONMOBILE.NS,57.83600006103516,64.34920028686524,58.583603302424166,59.78480622867992,53.48642557359816,0.03825683816776049
2025-12-19,60.31999969482422,61.209999084472656,58.310001373291016,58.84999847412109,292877,ONMOBILE.NS,57.953499984741214,64.17980026245117,58.85074120894725,59.82445018913505,56.72491015467269,0.03776640859650414
2025-12-22,59.02999877929688,61.20000076293945,58.5099983215332,60.0,271252,ONMOBILE.NS,58.085499954223636,64.04000030517578,58.87831929669335,59.76560193655445,55.99678482176358,0.037543964994618866
2025-12-23,60.29999923706055,60.869998931884766,58.5,59.5,360838,ONMOBILE.NS,58.22449989318848,63.85880027770996,59.09703928751907,59.80518692177712,43.48273668359663,0.03758076414029607
2025-12-24,59.34999847412109,60.59999847412109,59.0099983215332,60.25,150687,ONMOBILE.NS,58.289499855041505,63.65980018615723,59.13595608545784,59.771469258987786,53.31648408900698,0.0377781590678705
2025-12-26,58.52000045776367,59.18999862670898,58.150001525878906,59.11000061035156,180445,ONMOBILE.NS,58.33399982452393,63.44580017089844,59.0411936811972,59.67876786630452,53.115171424874354,0.03789276949374495
2025-12-29,57.7599983215332,58.650001525878906,57.04999923706055,58.20000076293945,180167,ONMOBILE.NS,58.34699974060059,63.16860008239746,58.84408670278735,59.53663678891405,52.35731393360206,0.038023427487566104
2025-12-30,56.59999847412109,58.04999923706055,55.880001068115234,58.04999923706055,143311,ONMOBILE.NS,58.32649974822998,62.86120002746582,58.49884235991561,59.31910802485531,49.61786883411363,0.03826120460523602
2025-12-31,57.09000015258789,57.650001525878906,56.66999816894531,56.88999938964844,94348,ONMOBILE.NS,58.37899971008301,62.59639999389648,58.28209740494212,59.15398892320587,54.219789443647436,0.03807948520991488
2026-01-01,57.7599983215332,58.38999938964844,57.20000076293945,57.75,88634,ONMOBILE.NS,58.12549953460693,62.32959999084473,58.201774469033055,59.050730360119005,56.97328671480655,0.025913610962586188
2026-01-02,59.36000061035156,59.5,57.68999862670898,57.7599983215332,188614,ONMOBILE.NS,58.17849960327148,62.08120002746582,58.379963106158975,59.07363926754363,58.94676814707531,0.021279064641907843
2026-01-05,58.68000030517578,59.630001068115234,58.41999816894531,59.36000061035156,63991,ONMOBILE.NS,58.23599967956543,61.7892000579834,58.42612267523849,59.04448082588676,52.45803148907597,0.021220522453069497
2026-01-06,59.5,60.41999816894531,57.75,58.400001525878906,196534,ONMOBILE.NS,58.36099967956543,61.50480003356934,58.591334571355645,59.07822298693218,46.814217684272684,0.02125488782646405
2026-01-07,58.97999954223633,59.2400016784668,58.5,59.09000015258789,106584,ONMOBILE.NS,58.47349967956543,61.20919998168945,58.65112918226037,59.07094717621397,41.522493633155165,0.021343908892665266
2026-01-08,56.970001220703125,58.97999954223633,56.400001525878906,58.97999954223633,140149,ONMOBILE.NS,58.53699970245361,60.87419998168945,58.392494111251565,58.915321549879835,42.25353436960536,0.022411959390218585
2026-01-09,56.720001220703125,57.9900016784668,55.63999938964844,57.9900016784668,152030,ONMOBILE.NS,58.60249977111816,60.54199996948242,58.135187512705656,58.752705229200075,36.466174255331104,0.02240007416910497
2026-01-12,56.7599983215332,57.54999923706055,54.18999862670898,56.720001220703125,153363,ONMOBILE.NS,58.63049964904785,60.20719993591309,57.92361994483297,58.605097310113635,40.58091036727145,0.02219492628552458
2026-01-13,56.900001525878906,58.59999847412109,56.060001373291016,56.93999862670898,148815,ONMOBILE.NS,58.58249969482422,59.88599998474121,57.76614018807081,58.47879391868884,34.43224774008924,0.021146303553223854
2026-01-14,57.18999862670898,57.5,55.0,56.900001525878906,142530,ONMOBILE.NS,58.4194995880127,59.565399932861325,57.67750302478437,58.3833276007644,39.47368323209759,0.018339198195614605
2026-01-15,57.18999862670898,57.18999862670898,57.18999862670898,57.18999862670898,0,ONMOBILE.NS,58.207499504089355,59.22999992370605,57.60250234815739,58.29493286194548,42.9480286955839,0.01781438256616903
2026-01-16,56.36000061035156,58.290000915527344,55.09999847412109,56.79999923706055,108769,ONMOBILE.NS,58.06699962615967,58.994199905395504,57.4113482346488,58.151604547012596,42.63158803501652,0.016245322275528884
2026-01-19,54.970001220703125,56.18999862670898,54.540000915527344,55.59999847412109,112516,ONMOBILE.NS,57.799499702453616,58.79159996032715,57.03575638634946,57.91593022654523,41.62385421812397,0.016131623755754852
2026-01-20,51.540000915527344,55.27999877929688,50.41999816894531,54.970001220703125,482385,ONMOBILE.NS,57.42499980926514,58.53379997253418,56.19025554468452,57.44363916646983,28.097862233065143,0.02042510438090809
2026-01-21,49.83000183105469,53.20000076293945,49.52000045776367,52.29999923706055,281723,ONMOBILE.NS,56.90149993896485,58.26459999084473,55.211754973356854,56.87966603051315,21.079506832651006,0.020127649706255836
2026-01-22,50.83000183105469,51.310001373291016,50.04999923706055,50.04999923706055,121369,ONMOBILE.NS,56.47550010681152,57.980400009155275,54.53763910531037,56.43154275647919,17.467569236355942,0.021093261234086554
2026-01-23,48.869998931884766,51.790000915527344,48.5,50.5,239207,ONMOBILE.NS,55.99300003051758,57.673399963378905,53.66569446324489,55.87142839910182,15.913813794469107,0.022178582194641423
2026-01-27,47.4900016784668,49.59999847412109,46.34999847412109,49.59999847412109,299051,ONMOBILE.NS,55.479500198364256,57.363000030517576,52.71558788097134,55.25058197535108,9.832763084736541,0.02259093305159709
2026-01-28,49.09999847412109,50.0,47.619998931884766,48.5,384413,ONMOBILE.NS,55.104500198364256,57.08220001220703,52.15934335684053,54.79498319748219,19.20197146728235,0.024411021620279274
2026-01-29,48.27000045776367,49.63999938964844,47.29999923706055,49.09999847412109,181597,ONMOBILE.NS,54.663500213623045,56.8026000213623,51.560982910828706,54.31165114268823,20.726759402041864,0.02422786657284558
2026-01-30,47.709999084472656,47.9900016784668,46.86000061035156,47.400001525878906,278045,ONMOBILE.NS,54.16100025177002,56.52959999084473,50.96852386062009,53.82263987911671,20.303204498579433,0.023781475055741873
2026-02-02,47.77999877929688,48.290000915527344,45.61000061035156,46.900001525878906,249068,ONMOBILE.NS,53.582000160217284,56.28899993896484,50.477981540416515,53.37503683468561,20.460514477410058,0.022314977245218217
2026-02-03,50.43000030517578,50.650001525878906,48.5099983215332,49.5,319488,ONMOBILE.NS,53.16950016021728,56.138199920654294,50.47059981191794,53.15688598064784,31.733471647588118,0.026748733754976977
2026-02-04,53.09000015258789,54.290000915527344,50.25,50.25,458479,ONMOBILE.NS,52.84900016784668,56.07219993591308,50.873584479713315,53.15193147486563,39.790837504868115,0.029615899147512188
2026-02-05,51.77000045776367,53.86000061035156,51.29999923706055,53.5,205523,ONMOBILE.NS,52.48850021362305,55.95719993591309,51.011494630182604,53.049566214339556,37.3364492645119,0.02993315201609557
2026-02-06,49.97999954223633,53.59999847412109,49.5,53.59000015258789,331187,ONMOBILE.NS,52.13900012969971,55.7957999420166,50.85280307819087,52.822190905294875,35.73344816096932,0.029957806998706513
2026-02-09,50.75,52.810001373291016,49.7400016784668,50.79999923706055,777568,ONMOBILE.NS,51.840500068664554,55.6581999206543,50.83698722000766,52.66869528268044,40.29438446326642,0.030341795089893365
2026-02-10,51.38999938964844,52.4900016784668,50.150001525878906,50.150001525878906,247780,ONMOBILE.NS,51.572000122070314,55.535999908447266,50.92206601533701,52.57397706838177,49.60421754608034,0.03057773487039088
2026-02-11,52.290000915527344,52.5,50.27999877929688,51.38999938964844,221391,ONMOBILE.NS,51.34150009155273,55.441599960327146,51.13251753844321,52.55294179779996,56.78059307398999,0.03094144698362307
2026-02-12,53.2599983215332,54.20000076293945,51.20000076293945,51.5,360465,ONMOBILE.NS,51.14500007629395,55.38599990844727,51.45982227430321,52.60531635511354,56.70899204979877,0.031288454948252754
2026-02-13,51.790000915527344,53.02999877929688,51.47999954223633,52.59999847412109,195483,ONMOBILE.NS,50.875000190734866,55.16519989013672,51.51061898833769,52.5449226188479,58.286048311584295,0.031750334695665385
2026-02-16,52.08000183105469,52.59999847412109,51.0,51.400001525878906,143850,ONMOBILE.NS,50.66100025177002,55.040799942016605,51.59821634875569,52.51048404197433,63.883852240783405,0.03173395708839189
2026-02-17,51.630001068115234,52.66999816894531,51.150001525878906,51.81999969482422,89715,ONMOBILE.NS,50.49400024414062,54.92279998779297,51.60310630558023,52.445263080947726,58.23032781331464,0.03137076014714358
2026-02-18,52.29999923706055,52.709999084472656,51.630001068115234,51.630001068115234,179502,ONMOBILE.NS,50.53200016021729,54.82879997253418,51.710320602731045,52.43450279621534,63.24786003245377,0.02818218762454672
2026-02-19,51.93999862670898,53.0,51.5,52.040000915527344,143198,ONMOBILE.NS,50.6375,54.73299995422363,51.74565568334304,52.39787285773339,64.09060631328653,0.027090767262608166
2026-02-20,51.459999084472656,52.0,50.84999847412109,51.5,133107,ONMOBILE.NS,50.6689998626709,54.6481999206543,51.701708514286054,52.32840072638074,61.93255752969871,0.026877856249298615
2026-02-23,51.38999938964844,51.959999084472656,50.5099983215332,51.5,113414,ONMOBILE.NS,50.79499988555908,54.56779991149902,51.65375326434181,52.258889516252424,53.7383152580804,0.025236361646283345
2026-02-24,51.58000183105469,52.0,49.7599983215332,50.59999847412109,160203,ONMOBILE.NS,50.99949989318848,54.47539993286133,51.64240688998994,52.20860153957111,42.71939017809157,0.02415521241692981
2026-02-25,50.63999938964844,52.0,50.11000061035156,52.0,162791,ONMOBILE.NS,51.076499938964844,54.33099990844727,51.488190351475865,52.09240878772499,44.34433994865625,0.023612009011725603
2026-02-26,51.310001373291016,51.630001068115234,50.11000061035156,50.11000061035156,164298,ONMOBILE.NS,51.22849998474121,54.1481999206543,51.46077666252435,52.0344526829521,57.49718951083297,0.023314793062949157
2026-02-27,50.79999923706055,51.810001373291016,50.45000076293945,50.59999847412109,97872,ONMOBILE.NS,51.38299999237061,53.935599899291994,51.35911859706838,51.94301168696013,50.29035546668876,0.023261741593257557
2026-03-02,48.91999816894531,49.59999847412109,47.900001525878906,48.0099983215332,224457,ONMOBILE.NS,51.439999961853026,53.730599899291995,50.983869300434066,51.719084759699776,37.46193050671542,0.02495875225286077
2026-03-04,48.720001220703125,48.900001525878906,47.09999847412109,48.0099983215332,133516,ONMOBILE.NS,51.3545000076294,53.49859992980957,50.635581903552385,51.49693042347781,30.49180819955491,0.02148998055574885
2026-03-05,47.970001220703125,48.720001220703125,46.709999084472656,48.0099983215332,305078,ONMOBILE.NS,51.09850006103515,53.277399978637696,50.225492567729425,51.23567640845746,20.380768979391675,0.017459946099901723
2026-03-06,48.7599983215332,49.22999954223633,47.79999923706055,47.970001220703125,239201,ONMOBILE.NS,50.94799995422363,53.04659996032715,50.000031914468465,51.05229284646307,31.636356406307144,0.0174201554056233
2026-03-09,47.93000030517578,48.88999938964844,46.36000061035156,48.08000183105469,145067,ONMOBILE.NS,50.845499992370605,52.818199996948245,49.68156551303882,50.82101191747883,26.39362290311017,0.01613186517436698
2026-03-10,49.220001220703125,49.43999862670898,47.560001373291016,48.06999969482422,180331,ONMOBILE.NS,50.76900005340576,52.63220001220703,49.61055562191025,50.70241853253248,37.487021910145074,0.016967760724293485
2026-03-11,51.13999938964844,52.0,48.47999954223633,49.0,339679,ONMOBILE.NS,50.75650005340576,52.499800033569336,49.845854663100745,50.734831929355884,44.6691188716351,0.01901726880265496
2026-03-12,50.59999847412109,51.5,49.91999816894531,51.20000076293945,231841,ONMOBILE.NS,50.67199993133545,52.37980003356934,49.96187678787311,50.72484426600516,43.94213387792211,0.018684087293648365
2026-03-13,48.34000015258789,50.86000061035156,47.29999923706055,50.59999847412109,233725,ONMOBILE.NS,50.42600002288818,52.204800033569335,49.712357305521536,50.54818914649277,37.850471593429326,0.020387280552395262
2026-03-16,48.369998931884766,48.900001525878906,46.65999984741211,48.59000015258789,192353,ONMOBILE.NS,50.25499992370605,52.01700004577637,49.50584063265434,50.38684172318847,38.203122508711964,0.01967854419888405
2026-03-17,49.380001068115234,49.56999969482422,47.619998931884766,48.38999938964844,181449,ONMOBILE.NS,50.11999988555908,51.81740005493164,49.486480699648325,50.31226093392378,41.92363826920282,0.02032526194450466
2026-03-18,50.130001068115234,52.68000030517578,48.5099983215332,49.380001068115234,276142,ONMOBILE.NS,50.04499988555908,51.64640007019043,49.58548383325862,50.29876020312315,48.10127157555559,0.020639956417338998
2026-03-19,48.93000030517578,49.86000061035156,48.58000183105469,49.75,130910,ONMOBILE.NS,49.87649993896484,51.435000076293946,49.48464021355357,50.19737058105298,41.47563798510682,0.020947141669929382
2026-03-20,49.27999877929688,49.720001220703125,48.810001373291016,49.41999816894531,168002,ONMOBILE.NS,49.74349994659424,51.24100006103516,49.45315691597562,50.12941711425623,44.49274861544375,0.02104915527466472
2026-03-23,46.47999954223633,48.540000915527344,46.09999847412109,48.29999923706055,207477,ONMOBILE.NS,49.49449996948242,51.03120002746582,48.995748089246504,49.8590898866992,41.7119554302072,0.024298916066738244
2026-03-24,46.02999877929688,48.040000915527344,45.79999923706055,47.0,315476,ONMOBILE.NS,49.22649993896484,50.817399978637695,48.539478964638874,49.5754535083731,41.01535206077835,0.02430829077545082
2026-03-25,45.59000015258789,47.470001220703125,45.25,46.29999923706055,285886,ONMOBILE.NS,48.9269998550415,50.594000015258786,48.085712993554104,49.2802347412779,41.8826659908109,0.024233282775699607
2026-03-27,44.59000015258789,45.59000015258789,43.060001373291016,45.59000015258789,784562,ONMOBILE.NS,48.62449989318848,50.34779998779297,47.54791101802084,48.93280995693049,35.97848171407463,0.024346765755527418
2026-03-30,40.52999877929688,44.13999938964844,40.209999084472656,43.59999847412109,508493,ONMOBILE.NS,48.08549976348877,50.01459999084473,46.468232212063306,48.310379499328,29.558005111273275,0.03041025022209565
2026-04-01,43.380001068115234,44.58000183105469,41.209999084472656,42.9900016784668,518404,ONMOBILE.NS,47.7144998550415,49.738400039672854,45.99311972837899,47.94516628220113,35.14750712636291,0.03546970345758367
2026-04-02,43.880001068115234,44.09000015258789,41.29999923706055,42.41999816894531,178594,ONMOBILE.NS,47.4625,49.488800048828125,45.668024549876876,47.64404293300959,30.0986906429291,0.03498415765353926
2026-04-06,42.02999877929688,44.34999847412109,41.34999847412109,44.34999847412109,675144,ONMOBILE.NS,47.12799987792969,49.23,45.108328277479956,47.22818781051235,28.08184563415284,0.03596368935199271
2026-04-07,42.09000015258789,42.79999923706055,41.0,42.18999862670898,563602,ONMOBILE.NS,46.83399982452393,49.04099998474121,44.64397010441964,46.84758131733276,31.988478958708924,0.03594722679871464
2026-04-08,44.560001373291016,45.040000915527344,43.04999923706055,43.04999923706055,433695,ONMOBILE.NS,46.623999977111815,48.93559997558594,44.631051838092155,46.67813095110744,40.37393654998851,0.03847964115836159
2026-04-09,45.0,46.400001525878906,44.29999923706055,44.97999954223633,360712,ONMOBILE.NS,46.47749996185303,48.81899993896484,44.68781309377029,46.553824954729116,38.60561935325218,0.038462606691664514
2026-04-10,45.88999938964844,46.75,45.119998931884766,45.79999923706055,255313,ONMOBILE.NS,46.31099987030029,48.75939994812012,44.8727648315977,46.50465269064906,39.04958494487508,0.03820822465099935
2026-04-13,45.93000030517578,46.95000076293945,43.97999954223633,45.0,282014,ONMOBILE.NS,46.05049991607666,48.7281999206543,45.0354164429174,46.46208584728067,41.75824383119591,0.036942816627048986
2026-04-15,47.18999862670898,47.68999862670898,46.59999847412109,46.59999847412109,196108,ONMOBILE.NS,45.87999992370605,48.689999923706054,45.36689062503918,46.5160053124235,44.531659684368265,0.03759679456429769
2026-04-16,47.15999984741211,48.959999084472656,46.86000061035156,48.130001068115234,382392,ONMOBILE.NS,45.82099990844726,48.667799911499024,45.64275358232732,46.56370861131154,52.08078378235781,0.036282702386889874
2026-04-17,47.65999984741211,48.08000183105469,47.09999847412109,47.15999984741211,190205,ONMOBILE.NS,45.78549995422363,48.66679992675781,45.95309916157114,46.64491536954121,54.97254652056153,0.03636894075913598
